lojista_id;nome_fantasia;segmento;porte;plano_taxa;uf;cidade;regiao;data_cadastro
1;Casa Estrela 1;Alimentação;Média;Standard;CE;Fortaleza;Nordeste;2021-10-09
2;Mercadinho Express 2;Saúde;Pequena;Standard;PA;Belém;Norte;2021-05-12
3;Studio Bom Preço 3;Alimentação;Média;Standard;ES;Vitória;Sudeste;2022-07-17
4;Loja São José 4;Varejo;MEI;Standard;MG;Juiz de Fora;Sudeste;2024-02-26
5;Empório Bella 5;Serviços;Pequena;Standard;MA;São Luís;Nordeste;2021-04-06
6;Point Express 6;Saúde;MEI;Standard;MT;Cuiabá;Centro-Oeste;2024-09-20
7;Point Estrela 7;Varejo;Pequena;Premium;SP;São Paulo;Sudeste;2022-05-28
8;Restaurante Express 8;Alimentação;MEI;Standard;RJ;Duque de Caxias;Sudeste;2024-09-15
9;Boutique Horizonte 9;Alimentação;MEI;Standard;SP;Ribeirão Preto;Sudeste;2024-08-08
10;Center Estrela 10;Saúde;MEI;Premium;PB;João Pessoa;Nordeste;2022-09-04
11;Oficina Prime 11;Alimentação;MEI;Standard;CE;Juazeiro do Norte;Nordeste;2023-06-10
12;Point Horizonte 12;Varejo;Pequena;Standard;SP;Campinas;Sudeste;2021-07-15
13;Studio Central 13;Moda e Beleza;MEI;Standard;BA;Feira de Santana;Nordeste;2021-02-22
14;Studio Real 14;Serviços;MEI;Standard;SP;Ribeirão Preto;Sudeste;2021-07-15
15;Boutique Horizonte 15;Serviços;MEI;Standard;PE;Olinda;Nordeste;2024-01-18
16;Bar do Bairro 16;Alimentação;MEI;Standard;SP;São Paulo;Sudeste;2022-03-02
17;Salão Central 17;Varejo;MEI;Standard;GO;Goiânia;Centro-Oeste;2024-07-07
18;Clínica São José 18;Serviços;Pequena;Standard;RS;Caxias do Sul;Sul;2022-02-15
19;Loja Bella 19;Moda e Beleza;MEI;Standard;MG;Belo Horizonte;Sudeste;2021-05-29
20;Ateliê Central 20;Alimentação;MEI;Standard;BA;Salvador;Nordeste;2021-05-06
21;Studio Nova Era 21;Serviços;MEI;Standard;SP;Campinas;Sudeste;2021-12-01
22;Bar Bom Preço 22;Alimentação;MEI;Standard;RS;Caxias do Sul;Sul;2022-02-26
23;Center Real 23;Educação;Pequena;Standard;PA;Belém;Norte;2023-12-06
24;Point Bom Preço 24;Saúde;MEI;Standard;CE;Juazeiro do Norte;Nordeste;2024-09-17
25;Loja São José 25;Educação;MEI;Standard;SP;Santos;Sudeste;2023-10-07
26;Center do Bairro 26;Varejo;Média;Premium;SC;Blumenau;Sul;2022-03-05
27;Center Familia 27;Alimentação;Pequena;Standard;BA;Salvador;Nordeste;2021-05-13
28;Boutique Vitória 28;Alimentação;MEI;Standard;SP;Ribeirão Preto;Sudeste;2023-06-29
29;Mercadinho Bom Preço 29;Varejo;MEI;Standard;RJ;Duque de Caxias;Sudeste;2024-01-16
30;Empório Express 30;Serviços;MEI;Standard;MS;Campo Grande;Centro-Oeste;2021-08-27
31;Oficina Nova Era 31;Outros;MEI;Premium;SP;São Paulo;Sudeste;2021-04-01
32;Loja Express 32;Alimentação;Média;Standard;PR;Londrina;Sul;2021-04-26
33;Oficina Express 33;Varejo;MEI;Standard;PR;Maringá;Sul;2024-04-03
34;Salão Vitória 34;Moda e Beleza;Média;Standard;SP;Ribeirão Preto;Sudeste;2022-09-07
35;Bar Popular 35;Varejo;Pequena;Standard;SC;Blumenau;Sul;2021-12-08
36;Espaço Express 36;Saúde;MEI;Premium;BA;Feira de Santana;Nordeste;2023-07-12
37;Restaurante Vitória 37;Varejo;MEI;Standard;SP;Santos;Sudeste;2022-03-10
38;Clínica Express 38;Alimentação;Média;Standard;CE;Juazeiro do Norte;Nordeste;2024-03-06
39;Padaria Central 39;Varejo;Média;Standard;PR;Curitiba;Sul;2023-01-16
40;Studio Popular 40;Outros;Média;Premium;MG;Belo Horizonte;Sudeste;2021-03-04
41;Restaurante São José 41;Moda e Beleza;MEI;Standard;GO;Goiânia;Centro-Oeste;2021-01-31
42;Salão Nova Era 42;Alimentação;MEI;Premium;RS;Porto Alegre;Sul;2023-12-17
43;Bar do Bairro 43;Educação;MEI;Standard;RJ;Duque de Caxias;Sudeste;2021-04-05
44;Casa Bom Preço 44;Varejo;Pequena;Premium;SP;Santos;Sudeste;2024-03-08
45;Boutique Horizonte 45;Alimentação;Pequena;Enterprise;SP;São Paulo;Sudeste;2022-11-30
46;Studio Prime 46;Varejo;MEI;Standard;SP;Santos;Sudeste;2022-12-02
47;Center Familia 47;Varejo;MEI;Standard;BA;Feira de Santana;Nordeste;2023-12-08
48;Boutique do Bairro 48;Moda e Beleza;Pequena;Premium;SP;São Paulo;Sudeste;2023-03-24
49;Studio Aurora 49;Varejo;Média;Standard;SP;Campinas;Sudeste;2024-09-23
50;Ateliê Aurora 50;Serviços;Média;Standard;PR;Maringá;Sul;2022-02-26
51;Espaço Real 51;Varejo;MEI;Standard;MS;Campo Grande;Centro-Oeste;2024-03-22
52;Casa São José 52;Alimentação;Média;Standard;SP;Campinas;Sudeste;2021-05-29
53;Padaria Bella 53;Moda e Beleza;MEI;Premium;DF;Brasília;Centro-Oeste;2024-03-30
54;Clínica Vitória 54;Moda e Beleza;Pequena;Standard;SP;São Paulo;Sudeste;2021-01-25
55;Mercadinho Bella 55;Serviços;Média;Standard;PR;Londrina;Sul;2022-02-10
56;Loja Central 56;Alimentação;Pequena;Premium;MG;Belo Horizonte;Sudeste;2022-08-01
57;Loja Horizonte 57;Varejo;MEI;Premium;ES;Vila Velha;Sudeste;2024-03-22
58;Espaço Bom Preço 58;Varejo;Pequena;Standard;SP;Campinas;Sudeste;2024-02-17
59;Center Prime 59;Alimentação;MEI;Premium;MA;São Luís;Nordeste;2023-04-18
60;Restaurante Express 60;Varejo;MEI;Standard;RJ;Duque de Caxias;Sudeste;2021-08-20
61;Ateliê Nova Era 61;Varejo;MEI;Standard;SP;Campinas;Sudeste;2022-12-23
62;Clínica Familia 62;Alimentação;MEI;Premium;MG;Juiz de Fora;Sudeste;2023-08-11
63;Studio Express 63;Varejo;MEI;Standard;PB;João Pessoa;Nordeste;2021-11-16
64;Loja Real 64;Alimentação;MEI;Standard;SC;Florianópolis;Sul;2021-12-15
65;Mercadinho São José 65;Varejo;Pequena;Standard;PR;Curitiba;Sul;2022-07-20
66;Casa Central 66;Moda e Beleza;Média;Enterprise;SP;Campinas;Sudeste;2024-07-17
67;Mercadinho Central 67;Saúde;Pequena;Premium;CE;Fortaleza;Nordeste;2023-10-31
68;Oficina Central 68;Alimentação;Média;Standard;PR;Curitiba;Sul;2021-07-08
69;Mercadinho Prime 69;Serviços;MEI;Standard;MG;Juiz de Fora;Sudeste;2022-08-30
70;Padaria Express 70;Varejo;MEI;Standard;MG;Juiz de Fora;Sudeste;2022-10-31
71;Espaço Estrela 71;Alimentação;Pequena;Standard;RJ;Duque de Caxias;Sudeste;2024-01-15
72;Mercadinho Horizonte 72;Alimentação;MEI;Standard;MS;Campo Grande;Centro-Oeste;2024-08-20
73;Restaurante Express 73;Serviços;Pequena;Standard;PB;João Pessoa;Nordeste;2023-12-09
74;Studio Bom Preço 74;Saúde;MEI;Standard;RJ;Rio de Janeiro;Sudeste;2023-06-05
75;Clínica Nova Era 75;Varejo;Pequena;Standard;GO;Anápolis;Centro-Oeste;2023-05-20
76;Bar Aurora 76;Educação;MEI;Enterprise;SP;Ribeirão Preto;Sudeste;2023-10-13
77;Studio Bella 77;Serviços;Pequena;Premium;CE;Fortaleza;Nordeste;2024-07-26
78;Oficina Horizonte 78;Serviços;MEI;Standard;SP;Ribeirão Preto;Sudeste;2024-08-16
79;Mercadinho Express 79;Serviços;MEI;Standard;SP;São Paulo;Sudeste;2023-08-09
80;Bar Popular 80;Moda e Beleza;MEI;Standard;PE;Recife;Nordeste;2023-01-02
81;Center Prime 81;Varejo;MEI;Standard;DF;Brasília;Centro-Oeste;2022-11-14
82;Mercadinho Aurora 82;Saúde;Pequena;Standard;MG;Uberlândia;Sudeste;2023-07-10
83;Bar Horizonte 83;Saúde;MEI;Standard;MT;Cuiabá;Centro-Oeste;2023-01-15
84;Empório Bom Preço 84;Varejo;Média;Standard;SP;São Paulo;Sudeste;2022-03-16
85;Casa Central 85;Saúde;MEI;Premium;MG;Juiz de Fora;Sudeste;2022-05-20
86;Center Nova Era 86;Alimentação;Grande;Premium;PR;Curitiba;Sul;2023-12-28
87;Padaria Express 87;Varejo;Média;Standard;DF;Brasília;Centro-Oeste;2021-06-21
88;Empório Popular 88;Serviços;MEI;Standard;SC;Joinville;Sul;2021-06-20
89;Casa Nova Era 89;Alimentação;MEI;Standard;MA;São Luís;Nordeste;2021-01-17
90;Bar Prime 90;Moda e Beleza;MEI;Enterprise;MS;Campo Grande;Centro-Oeste;2022-02-27
91;Padaria Popular 91;Alimentação;Pequena;Standard;GO;Anápolis;Centro-Oeste;2023-07-21
92;Ateliê Express 92;Serviços;MEI;Premium;RS;Porto Alegre;Sul;2024-10-29
93;Empório Estrela 93;Varejo;MEI;Premium;SP;São Paulo;Sudeste;2024-02-05
94;Empório Bella 94;Serviços;MEI;Standard;MT;Cuiabá;Centro-Oeste;2021-10-05
95;Center Bella 95;Serviços;Pequena;Standard;SP;Ribeirão Preto;Sudeste;2022-02-07
96;Center Central 96;Moda e Beleza;Média;Premium;SP;São Paulo;Sudeste;2024-04-03
97;Mercadinho Nova Era 97;Moda e Beleza;MEI;Standard;BA;Salvador;Nordeste;2021-06-09
98;Mercadinho São José 98;Saúde;Pequena;Premium;PR;Curitiba;Sul;2021-06-24
99;Loja Nova Era 99;Saúde;MEI;Standard;SP;São Paulo;Sudeste;2021-05-20
100;Boutique Express 100;Serviços;MEI;Standard;AM;Manaus;Norte;2023-09-21
101;Mercadinho Prime 101;Moda e Beleza;Pequena;Standard;SP;Santos;Sudeste;2022-06-04
102;Espaço Bom Preço 102;Outros;MEI;Premium;SP;Ribeirão Preto;Sudeste;2021-05-09
103;Bar Real 103;Serviços;MEI;Enterprise;RS;Caxias do Sul;Sul;2023-01-28
104;Casa Familia 104;Serviços;Pequena;Enterprise;SC;Florianópolis;Sul;2022-02-26
105;Loja do Bairro 105;Alimentação;MEI;Standard;SP;São Paulo;Sudeste;2021-06-30
106;Boutique Popular 106;Varejo;MEI;Standard;SP;Campinas;Sudeste;2021-06-16
107;Loja Vitória 107;Serviços;MEI;Standard;RS;Caxias do Sul;Sul;2024-03-21
108;Clínica Prime 108;Alimentação;MEI;Standard;SC;Florianópolis;Sul;2021-11-01
109;Bar Aurora 109;Varejo;MEI;Standard;PR;Curitiba;Sul;2023-04-06
110;Casa Bom Preço 110;Serviços;MEI;Premium;RS;Caxias do Sul;Sul;2023-09-10
111;Ateliê Vitória 111;Alimentação;Pequena;Standard;SC;Blumenau;Sul;2024-09-07
112;Espaço Prime 112;Moda e Beleza;Média;Standard;PE;Recife;Nordeste;2022-12-19
113;Studio Estrela 113;Moda e Beleza;MEI;Premium;PR;Curitiba;Sul;2022-06-22
114;Boutique Prime 114;Varejo;Pequena;Standard;SP;Campinas;Sudeste;2022-11-23
115;Point Estrela 115;Alimentação;MEI;Standard;RJ;Duque de Caxias;Sudeste;2021-04-04
116;Point Bom Preço 116;Moda e Beleza;Média;Standard;SP;Santos;Sudeste;2023-11-06
117;Padaria Prime 117;Serviços;MEI;Standard;SP;Santos;Sudeste;2022-12-03
118;Loja Bom Preço 118;Saúde;MEI;Standard;RO;Porto Velho;Norte;2024-09-02
119;Boutique Bella 119;Alimentação;Pequena;Standard;BA;Feira de Santana;Nordeste;2023-08-03
120;Oficina Horizonte 120;Varejo;MEI;Premium;PR;Curitiba;Sul;2021-10-20
121;Boutique Popular 121;Serviços;Pequena;Enterprise;AM;Manaus;Norte;2023-06-30
122;Restaurante do Bairro 122;Alimentação;MEI;Premium;ES;Vila Velha;Sudeste;2021-07-18
123;Studio Central 123;Alimentação;MEI;Standard;MG;Belo Horizonte;Sudeste;2021-12-08
124;Empório Aurora 124;Varejo;MEI;Standard;SP;Campinas;Sudeste;2024-06-23
125;Espaço Nova Era 125;Alimentação;MEI;Standard;SC;Joinville;Sul;2024-03-21
126;Empório Prime 126;Serviços;Pequena;Premium;RS;Porto Alegre;Sul;2024-03-26
127;Empório Vitória 127;Alimentação;MEI;Standard;SP;Santos;Sudeste;2024-07-27
128;Point Bom Preço 128;Saúde;Média;Standard;PR;Londrina;Sul;2024-03-27
129;Studio Real 129;Serviços;Média;Standard;MT;Cuiabá;Centro-Oeste;2023-03-27
130;Restaurante São José 130;Varejo;MEI;Premium;PR;Maringá;Sul;2022-11-29
131;Mercadinho Aurora 131;Varejo;MEI;Standard;RS;Porto Alegre;Sul;2021-12-29
132;Center Vitória 132;Alimentação;MEI;Standard;MS;Campo Grande;Centro-Oeste;2021-02-04
133;Casa Popular 133;Varejo;Pequena;Standard;SP;Ribeirão Preto;Sudeste;2023-09-26
134;Restaurante Horizonte 134;Alimentação;Pequena;Premium;RS;Caxias do Sul;Sul;2024-10-05
135;Boutique Popular 135;Outros;Pequena;Premium;BA;Salvador;Nordeste;2021-04-14
136;Salão Aurora 136;Alimentação;MEI;Standard;BA;Salvador;Nordeste;2021-06-09
137;Padaria Express 137;Outros;MEI;Premium;PA;Belém;Norte;2024-09-19
138;Bar Real 138;Varejo;MEI;Premium;RJ;Rio de Janeiro;Sudeste;2023-11-16
139;Mercadinho Express 139;Outros;MEI;Enterprise;PR;Londrina;Sul;2021-12-05
140;Point Nova Era 140;Varejo;MEI;Premium;CE;Fortaleza;Nordeste;2022-07-30
141;Boutique Aurora 141;Moda e Beleza;MEI;Standard;MS;Campo Grande;Centro-Oeste;2024-08-26
142;Boutique Real 142;Serviços;Pequena;Premium;SP;São Paulo;Sudeste;2021-03-10
143;Oficina Bella 143;Saúde;Pequena;Standard;GO;Anápolis;Centro-Oeste;2024-06-24
144;Boutique Popular 144;Moda e Beleza;MEI;Standard;RS;Porto Alegre;Sul;2021-11-25
145;Empório Central 145;Varejo;MEI;Premium;BA;Feira de Santana;Nordeste;2023-05-05
146;Clínica Estrela 146;Moda e Beleza;MEI;Premium;SP;Ribeirão Preto;Sudeste;2023-07-29
147;Restaurante São José 147;Serviços;MEI;Standard;RJ;Niterói;Sudeste;2023-02-08
148;Salão Vitória 148;Varejo;MEI;Premium;SP;São Paulo;Sudeste;2024-05-25
149;Boutique Bella 149;Outros;MEI;Standard;CE;Fortaleza;Nordeste;2023-01-18
150;Restaurante Bella 150;Outros;Pequena;Standard;SC;Blumenau;Sul;2021-07-11
151;Point Real 151;Educação;MEI;Standard;MG;Juiz de Fora;Sudeste;2021-05-25
152;Loja Bom Preço 152;Varejo;MEI;Standard;SP;Ribeirão Preto;Sudeste;2022-05-27
153;Oficina Bom Preço 153;Alimentação;MEI;Enterprise;RS;Caxias do Sul;Sul;2024-09-08
154;Ateliê do Bairro 154;Alimentação;Média;Standard;PR;Curitiba;Sul;2023-11-18
155;Restaurante Real 155;Educação;MEI;Premium;RJ;Niterói;Sudeste;2021-10-29
156;Ateliê do Bairro 156;Alimentação;MEI;Standard;RS;Caxias do Sul;Sul;2023-04-07
157;Point Nova Era 157;Moda e Beleza;MEI;Standard;SP;Campinas;Sudeste;2021-12-17
158;Center São José 158;Alimentação;MEI;Enterprise;CE;Juazeiro do Norte;Nordeste;2024-01-13
159;Salão do Bairro 159;Moda e Beleza;Média;Premium;BA;Feira de Santana;Nordeste;2022-10-20
160;Ateliê Prime 160;Varejo;Pequena;Enterprise;SC;Florianópolis;Sul;2021-09-17
161;Restaurante Horizonte 161;Alimentação;MEI;Enterprise;PR;Curitiba;Sul;2023-11-01
162;Bar Familia 162;Varejo;MEI;Standard;SP;Santos;Sudeste;2021-05-25
163;Point do Bairro 163;Alimentação;MEI;Standard;PR;Londrina;Sul;2023-06-09
164;Center Bom Preço 164;Serviços;MEI;Standard;SP;Ribeirão Preto;Sudeste;2022-06-22
165;Ateliê do Bairro 165;Alimentação;MEI;Standard;MG;Belo Horizonte;Sudeste;2022-08-04
166;Loja Aurora 166;Alimentação;MEI;Standard;SP;Santos;Sudeste;2024-04-22
167;Ateliê Express 167;Moda e Beleza;Pequena;Standard;MG;Belo Horizonte;Sudeste;2021-11-17
168;Espaço Bella 168;Alimentação;Pequena;Standard;SP;Campinas;Sudeste;2022-03-28
169;Mercadinho Familia 169;Educação;MEI;Standard;RJ;Rio de Janeiro;Sudeste;2024-04-23
170;Bar Nova Era 170;Varejo;MEI;Premium;SP;São Paulo;Sudeste;2023-09-23
171;Salão Familia 171;Varejo;MEI;Standard;SP;Campinas;Sudeste;2023-09-16
172;Mercadinho Popular 172;Serviços;Pequena;Premium;SP;Ribeirão Preto;Sudeste;2023-05-18
173;Studio Horizonte 173;Moda e Beleza;Pequena;Standard;SP;São Paulo;Sudeste;2024-06-08
174;Mercadinho Popular 174;Varejo;Média;Standard;GO;Anápolis;Centro-Oeste;2023-12-18
175;Bar Bella 175;Outros;MEI;Premium;SC;Blumenau;Sul;2021-07-27
176;Studio Familia 176;Serviços;MEI;Standard;CE;Fortaleza;Nordeste;2022-03-22
177;Bar Bom Preço 177;Varejo;MEI;Standard;RJ;Rio de Janeiro;Sudeste;2022-06-21
178;Bar São José 178;Saúde;Pequena;Premium;SP;Santos;Sudeste;2021-01-27
179;Restaurante Aurora 179;Moda e Beleza;Pequena;Standard;RJ;Duque de Caxias;Sudeste;2023-12-23
180;Center Estrela 180;Varejo;MEI;Enterprise;BA;Feira de Santana;Nordeste;2021-07-21
181;Bar Prime 181;Varejo;Grande;Standard;SP;Ribeirão Preto;Sudeste;2022-06-28
182;Boutique Horizonte 182;Moda e Beleza;MEI;Standard;MT;Cuiabá;Centro-Oeste;2021-06-27
183;Padaria Bom Preço 183;Varejo;Pequena;Standard;RJ;Duque de Caxias;Sudeste;2022-04-26
184;Boutique Familia 184;Varejo;Pequena;Standard;PB;João Pessoa;Nordeste;2023-07-18
185;Ateliê Express 185;Varejo;Pequena;Standard;GO;Goiânia;Centro-Oeste;2023-01-05
186;Oficina Real 186;Saúde;MEI;Premium;BA;Feira de Santana;Nordeste;2022-07-09
187;Espaço Popular 187;Alimentação;MEI;Standard;AM;Manaus;Norte;2021-02-19
188;Salão Estrela 188;Alimentação;MEI;Premium;PR;Curitiba;Sul;2024-01-19
189;Point Central 189;Serviços;MEI;Enterprise;MG;Belo Horizonte;Sudeste;2022-01-07
190;Restaurante Real 190;Moda e Beleza;Média;Standard;SP;Ribeirão Preto;Sudeste;2021-09-07
191;Bar Nova Era 191;Saúde;Média;Standard;PR;Maringá;Sul;2022-08-01
192;Point Aurora 192;Saúde;Pequena;Standard;PE;Recife;Nordeste;2022-12-25
193;Salão Vitória 193;Educação;Média;Premium;SP;Ribeirão Preto;Sudeste;2022-12-05
194;Salão Familia 194;Saúde;MEI;Enterprise;SP;São Paulo;Sudeste;2021-05-20
195;Clínica Prime 195;Saúde;Média;Standard;MG;Belo Horizonte;Sudeste;2023-05-27
196;Restaurante do Bairro 196;Serviços;MEI;Standard;RS;Caxias do Sul;Sul;2022-03-23
197;Padaria Express 197;Alimentação;MEI;Standard;DF;Brasília;Centro-Oeste;2022-05-23
198;Restaurante Familia 198;Varejo;Pequena;Standard;SP;Santos;Sudeste;2022-07-06
199;Salão Real 199;Varejo;MEI;Premium;DF;Brasília;Centro-Oeste;2023-03-29
200;Salão Estrela 200;Varejo;MEI;Standard;RJ;Duque de Caxias;Sudeste;2024-05-17
201;Bar Vitória 201;Varejo;MEI;Standard;PR;Curitiba;Sul;2021-05-06
202;Casa Vitória 202;Alimentação;MEI;Standard;RS;Porto Alegre;Sul;2024-09-04
203;Casa Central 203;Saúde;Média;Premium;RJ;Niterói;Sudeste;2021-05-28
204;Espaço Aurora 204;Outros;MEI;Standard;AM;Manaus;Norte;2024-10-09
205;Center Bella 205;Serviços;MEI;Premium;RJ;Niterói;Sudeste;2023-11-06
206;Salão Real 206;Varejo;MEI;Standard;PR;Londrina;Sul;2023-05-13
207;Bar Real 207;Serviços;Pequena;Standard;GO;Goiânia;Centro-Oeste;2024-04-01
208;Salão Prime 208;Saúde;Pequena;Standard;MG;Uberlândia;Sudeste;2022-06-04
209;Boutique Aurora 209;Varejo;Média;Standard;DF;Brasília;Centro-Oeste;2022-06-23
210;Padaria Bella 210;Varejo;MEI;Standard;PB;João Pessoa;Nordeste;2022-01-06
211;Clínica Express 211;Saúde;Média;Premium;SP;São Paulo;Sudeste;2023-11-12
212;Loja Horizonte 212;Varejo;MEI;Standard;PR;Maringá;Sul;2022-04-20
213;Casa Express 213;Moda e Beleza;Pequena;Standard;DF;Brasília;Centro-Oeste;2022-01-30
214;Casa São José 214;Serviços;MEI;Standard;PR;Curitiba;Sul;2022-11-18
215;Mercadinho Popular 215;Outros;MEI;Enterprise;SP;Campinas;Sudeste;2021-07-25
216;Studio São José 216;Varejo;MEI;Standard;SC;Joinville;Sul;2021-08-17
217;Bar Estrela 217;Educação;MEI;Standard;SP;Campinas;Sudeste;2021-04-11
218;Clínica Popular 218;Serviços;MEI;Enterprise;MG;Uberlândia;Sudeste;2022-10-13
219;Center Prime 219;Saúde;MEI;Standard;MA;São Luís;Nordeste;2024-03-05
220;Casa Vitória 220;Varejo;MEI;Premium;RJ;Rio de Janeiro;Sudeste;2024-07-12
221;Salão Nova Era 221;Saúde;Pequena;Standard;RS;Caxias do Sul;Sul;2021-10-22
222;Point Central 222;Serviços;MEI;Enterprise;MG;Juiz de Fora;Sudeste;2024-07-16
223;Mercadinho Central 223;Varejo;MEI;Standard;RJ;Duque de Caxias;Sudeste;2022-08-31
224;Studio Horizonte 224;Alimentação;Média;Standard;RS;Caxias do Sul;Sul;2021-08-02
225;Clínica do Bairro 225;Alimentação;Pequena;Standard;BA;Salvador;Nordeste;2021-04-12
226;Clínica Central 226;Alimentação;MEI;Standard;DF;Brasília;Centro-Oeste;2022-10-24
227;Casa Aurora 227;Varejo;MEI;Premium;PB;João Pessoa;Nordeste;2023-11-11
228;Padaria Central 228;Serviços;Pequena;Standard;RO;Porto Velho;Norte;2023-11-15
229;Clínica Bom Preço 229;Alimentação;Pequena;Standard;DF;Brasília;Centro-Oeste;2024-06-05
230;Espaço Nova Era 230;Alimentação;Média;Standard;BA;Feira de Santana;Nordeste;2023-02-25
231;Boutique São José 231;Alimentação;MEI;Standard;RS;Porto Alegre;Sul;2021-12-28
232;Bar Nova Era 232;Serviços;Pequena;Standard;SP;Ribeirão Preto;Sudeste;2021-06-26
233;Oficina Aurora 233;Alimentação;MEI;Premium;SP;Santos;Sudeste;2024-08-07
234;Loja Prime 234;Serviços;MEI;Standard;SP;Campinas;Sudeste;2024-04-19
235;Mercadinho Horizonte 235;Alimentação;Pequena;Premium;SP;Ribeirão Preto;Sudeste;2023-11-04
236;Salão Real 236;Saúde;Média;Standard;PR;Londrina;Sul;2021-10-11
237;Padaria Aurora 237;Serviços;MEI;Enterprise;SP;São Paulo;Sudeste;2022-12-28
238;Center Familia 238;Varejo;MEI;Premium;BA;Feira de Santana;Nordeste;2022-07-14
239;Clínica Horizonte 239;Alimentação;Média;Premium;RS;Porto Alegre;Sul;2022-04-05
240;Oficina Prime 240;Alimentação;Pequena;Standard;PR;Londrina;Sul;2022-03-27
241;Casa do Bairro 241;Educação;Média;Premium;SP;Santos;Sudeste;2024-08-02
242;Loja Express 242;Saúde;Pequena;Standard;PE;Recife;Nordeste;2024-09-30
243;Padaria do Bairro 243;Varejo;Pequena;Standard;ES;Vila Velha;Sudeste;2022-03-04
244;Padaria Bom Preço 244;Alimentação;MEI;Premium;SC;Florianópolis;Sul;2021-12-27
245;Bar Horizonte 245;Varejo;MEI;Standard;GO;Anápolis;Centro-Oeste;2022-09-28
246;Loja Prime 246;Varejo;Pequena;Standard;PB;João Pessoa;Nordeste;2024-01-21
247;Salão Estrela 247;Outros;MEI;Standard;MG;Belo Horizonte;Sudeste;2021-02-06
248;Ateliê Bom Preço 248;Educação;Grande;Standard;RS;Porto Alegre;Sul;2022-08-15
249;Padaria do Bairro 249;Moda e Beleza;MEI;Premium;SP;Santos;Sudeste;2021-11-09
250;Restaurante Estrela 250;Moda e Beleza;MEI;Standard;SP;Santos;Sudeste;2023-07-18
251;Oficina Real 251;Alimentação;Pequena;Standard;SC;Blumenau;Sul;2021-01-02
252;Boutique Prime 252;Alimentação;MEI;Premium;RO;Porto Velho;Norte;2024-10-19
253;Mercadinho Central 253;Alimentação;MEI;Standard;PA;Belém;Norte;2021-10-21
254;Oficina Central 254;Alimentação;Pequena;Premium;RS;Porto Alegre;Sul;2021-03-13
255;Point Express 255;Alimentação;MEI;Premium;MA;São Luís;Nordeste;2023-09-27
256;Padaria Prime 256;Moda e Beleza;MEI;Premium;PR;Maringá;Sul;2024-01-27
257;Studio Aurora 257;Varejo;MEI;Standard;SP;Santos;Sudeste;2022-12-15
258;Ateliê Express 258;Alimentação;Pequena;Standard;SP;Campinas;Sudeste;2021-03-15
259;Center Prime 259;Moda e Beleza;MEI;Standard;RS;Caxias do Sul;Sul;2021-04-02
260;Espaço Prime 260;Serviços;Pequena;Standard;MA;São Luís;Nordeste;2024-04-19
261;Empório do Bairro 261;Saúde;MEI;Premium;MG;Belo Horizonte;Sudeste;2021-10-09
262;Espaço Bom Preço 262;Alimentação;MEI;Standard;PE;Olinda;Nordeste;2022-12-07
263;Studio Aurora 263;Saúde;MEI;Standard;SP;Ribeirão Preto;Sudeste;2022-04-17
264;Ateliê Familia 264;Moda e Beleza;MEI;Enterprise;SP;São Paulo;Sudeste;2021-09-04
265;Bar Real 265;Serviços;MEI;Standard;SP;Ribeirão Preto;Sudeste;2021-09-14
266;Empório Prime 266;Moda e Beleza;MEI;Standard;PA;Belém;Norte;2024-05-09
267;Studio Aurora 267;Alimentação;Pequena;Standard;RS;Caxias do Sul;Sul;2023-11-10
268;Salão Familia 268;Saúde;MEI;Standard;MA;São Luís;Nordeste;2023-02-10
269;Empório Popular 269;Alimentação;MEI;Standard;SC;Florianópolis;Sul;2021-12-28
270;Ateliê Central 270;Serviços;MEI;Standard;MA;São Luís;Nordeste;2023-11-27
271;Studio do Bairro 271;Alimentação;MEI;Standard;PR;Curitiba;Sul;2024-03-27
272;Mercadinho Horizonte 272;Varejo;Média;Standard;SP;Ribeirão Preto;Sudeste;2021-04-03
273;Bar Vitória 273;Moda e Beleza;MEI;Standard;SP;Ribeirão Preto;Sudeste;2024-03-21
274;Ateliê Aurora 274;Varejo;Pequena;Standard;SP;Ribeirão Preto;Sudeste;2024-08-01
275;Ateliê São José 275;Varejo;MEI;Standard;BA;Feira de Santana;Nordeste;2021-05-27
276;Studio Horizonte 276;Varejo;Média;Standard;SP;São Paulo;Sudeste;2022-08-15
277;Point Prime 277;Varejo;MEI;Standard;MG;Belo Horizonte;Sudeste;2024-07-24
278;Center Express 278;Moda e Beleza;Média;Standard;SP;São Paulo;Sudeste;2023-05-05
279;Loja Popular 279;Varejo;Pequena;Standard;SP;Campinas;Sudeste;2021-10-06
280;Restaurante Familia 280;Moda e Beleza;MEI;Enterprise;PE;Recife;Nordeste;2024-04-07
281;Ateliê Bella 281;Alimentação;MEI;Enterprise;SP;Ribeirão Preto;Sudeste;2021-05-01
282;Ateliê Estrela 282;Varejo;Grande;Standard;CE;Fortaleza;Nordeste;2023-03-19
283;Bar Central 283;Outros;MEI;Standard;PR;Londrina;Sul;2024-01-17
284;Boutique Horizonte 284;Alimentação;MEI;Standard;SP;Campinas;Sudeste;2023-03-30
285;Restaurante Central 285;Serviços;MEI;Standard;GO;Goiânia;Centro-Oeste;2022-09-08
286;Espaço Vitória 286;Educação;Média;Standard;RS;Porto Alegre;Sul;2022-08-27
287;Espaço Central 287;Alimentação;MEI;Standard;RJ;Niterói;Sudeste;2022-02-12
288;Center Horizonte 288;Alimentação;MEI;Standard;SC;Florianópolis;Sul;2023-07-11
289;Ateliê Familia 289;Varejo;Pequena;Standard;SP;Santos;Sudeste;2024-04-22
290;Bar Estrela 290;Saúde;MEI;Premium;SC;Florianópolis;Sul;2021-10-28
291;Salão Prime 291;Serviços;Pequena;Standard;MS;Campo Grande;Centro-Oeste;2023-07-08
292;Padaria Familia 292;Educação;MEI;Standard;MG;Juiz de Fora;Sudeste;2024-08-15
293;Empório Vitória 293;Serviços;MEI;Standard;SP;São Paulo;Sudeste;2022-04-15
294;Oficina São José 294;Alimentação;MEI;Standard;GO;Anápolis;Centro-Oeste;2023-11-07
295;Casa Central 295;Alimentação;Média;Standard;CE;Juazeiro do Norte;Nordeste;2024-04-05
296;Casa Horizonte 296;Varejo;Pequena;Standard;RJ;Rio de Janeiro;Sudeste;2023-03-02
297;Boutique São José 297;Outros;Média;Premium;PR;Maringá;Sul;2024-04-06
298;Center Familia 298;Moda e Beleza;MEI;Standard;SC;Florianópolis;Sul;2021-09-20
299;Boutique Popular 299;Alimentação;MEI;Enterprise;CE;Juazeiro do Norte;Nordeste;2023-10-18
300;Restaurante Bom Preço 300;Alimentação;MEI;Standard;MG;Juiz de Fora;Sudeste;2023-04-30
301;Loja Familia 301;Moda e Beleza;MEI;Standard;CE;Juazeiro do Norte;Nordeste;2023-10-19
302;Restaurante Real 302;Serviços;MEI;Standard;SP;Santos;Sudeste;2024-05-08
303;Studio Aurora 303;Serviços;MEI;Standard;SP;Santos;Sudeste;2021-07-10
304;Oficina Nova Era 304;Serviços;MEI;Standard;ES;Vitória;Sudeste;2021-02-26
305;Ateliê Bom Preço 305;Alimentação;MEI;Enterprise;SP;Ribeirão Preto;Sudeste;2021-10-06
306;Empório Familia 306;Outros;MEI;Standard;CE;Juazeiro do Norte;Nordeste;2022-07-21
307;Oficina Prime 307;Serviços;MEI;Standard;GO;Goiânia;Centro-Oeste;2022-05-25
308;Studio Horizonte 308;Outros;Média;Standard;PR;Londrina;Sul;2021-02-20
309;Casa Bom Preço 309;Alimentação;Média;Standard;BA;Feira de Santana;Nordeste;2022-03-12
310;Restaurante Bella 310;Varejo;MEI;Premium;PB;João Pessoa;Nordeste;2024-08-02
311;Clínica São José 311;Serviços;Média;Standard;SP;Campinas;Sudeste;2023-09-18
312;Bar Horizonte 312;Varejo;Média;Standard;MG;Uberlândia;Sudeste;2022-07-10
313;Point Prime 313;Alimentação;Média;Standard;SP;São Paulo;Sudeste;2023-08-01
314;Ateliê Familia 314;Moda e Beleza;Grande;Premium;BA;Salvador;Nordeste;2024-04-28
315;Studio Bella 315;Varejo;Pequena;Standard;DF;Brasília;Centro-Oeste;2022-06-27
316;Center Prime 316;Outros;Pequena;Standard;MT;Cuiabá;Centro-Oeste;2023-01-31
317;Restaurante Central 317;Alimentação;MEI;Standard;ES;Vitória;Sudeste;2021-06-09
318;Studio Familia 318;Saúde;MEI;Premium;SP;Campinas;Sudeste;2021-05-06
319;Espaço Familia 319;Varejo;MEI;Standard;RS;Porto Alegre;Sul;2022-01-31
320;Boutique Nova Era 320;Alimentação;Média;Enterprise;SP;Santos;Sudeste;2024-09-27
321;Padaria Express 321;Varejo;MEI;Standard;SP;Ribeirão Preto;Sudeste;2021-07-27
322;Espaço Nova Era 322;Educação;MEI;Standard;SC;Joinville;Sul;2021-09-30
323;Espaço Aurora 323;Moda e Beleza;Pequena;Premium;SP;Campinas;Sudeste;2023-05-25
324;Boutique Horizonte 324;Varejo;MEI;Standard;RJ;Rio de Janeiro;Sudeste;2024-08-20
325;Oficina Vitória 325;Alimentação;Pequena;Standard;DF;Brasília;Centro-Oeste;2022-08-15
326;Boutique Aurora 326;Serviços;Pequena;Standard;RJ;Duque de Caxias;Sudeste;2021-09-13
327;Ateliê Estrela 327;Saúde;MEI;Premium;SP;São Paulo;Sudeste;2023-12-04
328;Padaria Aurora 328;Alimentação;MEI;Standard;SP;Santos;Sudeste;2021-09-20
329;Bar do Bairro 329;Outros;MEI;Standard;MG;Belo Horizonte;Sudeste;2024-07-13
330;Clínica Real 330;Serviços;MEI;Standard;SP;Ribeirão Preto;Sudeste;2022-08-14
331;Bar Vitória 331;Outros;MEI;Premium;SP;Ribeirão Preto;Sudeste;2022-01-31
332;Point Estrela 332;Moda e Beleza;Pequena;Premium;SP;Santos;Sudeste;2022-10-28
333;Salão Express 333;Serviços;Média;Standard;MG;Belo Horizonte;Sudeste;2022-02-27
334;Empório Real 334;Serviços;Média;Standard;RS;Caxias do Sul;Sul;2022-05-02
335;Padaria Estrela 335;Moda e Beleza;MEI;Premium;MG;Juiz de Fora;Sudeste;2022-11-17
336;Salão Bom Preço 336;Saúde;MEI;Standard;SP;Ribeirão Preto;Sudeste;2022-10-06
337;Padaria Bella 337;Saúde;Média;Standard;RS;Porto Alegre;Sul;2023-02-27
338;Oficina Aurora 338;Varejo;MEI;Standard;DF;Brasília;Centro-Oeste;2021-06-04
339;Bar Central 339;Moda e Beleza;Pequena;Premium;PR;Curitiba;Sul;2024-03-15
340;Bar Bella 340;Alimentação;MEI;Standard;MG;Juiz de Fora;Sudeste;2021-09-03
341;Espaço Nova Era 341;Varejo;MEI;Premium;RJ;Duque de Caxias;Sudeste;2021-07-28
342;Espaço Central 342;Moda e Beleza;Pequena;Premium;PR;Maringá;Sul;2021-04-08
343;Boutique Real 343;Moda e Beleza;MEI;Standard;ES;Vila Velha;Sudeste;2021-09-12
344;Salão Bom Preço 344;Alimentação;MEI;Premium;PR;Maringá;Sul;2021-09-04
345;Oficina Aurora 345;Varejo;MEI;Standard;RJ;Rio de Janeiro;Sudeste;2023-09-08
346;Salão Real 346;Varejo;Pequena;Premium;MG;Juiz de Fora;Sudeste;2022-02-28
347;Padaria Aurora 347;Serviços;Média;Enterprise;PR;Maringá;Sul;2022-10-22
348;Loja Express 348;Educação;Pequena;Standard;GO;Goiânia;Centro-Oeste;2023-05-09
349;Mercadinho Estrela 349;Varejo;MEI;Standard;SP;Santos;Sudeste;2022-11-20
350;Restaurante Central 350;Serviços;Pequena;Standard;SC;Florianópolis;Sul;2022-07-24
351;Bar Popular 351;Moda e Beleza;Pequena;Enterprise;SP;São Paulo;Sudeste;2023-07-24
352;Casa Bella 352;Alimentação;MEI;Standard;GO;Anápolis;Centro-Oeste;2024-05-06
353;Empório Prime 353;Educação;MEI;Standard;RS;Caxias do Sul;Sul;2023-05-10
354;Clínica Nova Era 354;Varejo;MEI;Enterprise;SP;Santos;Sudeste;2022-02-19
355;Mercadinho do Bairro 355;Moda e Beleza;Pequena;Standard;MG;Belo Horizonte;Sudeste;2023-11-02
356;Center Popular 356;Varejo;Média;Standard;MA;São Luís;Nordeste;2021-09-03
357;Loja São José 357;Moda e Beleza;MEI;Standard;BA;Salvador;Nordeste;2022-04-24
358;Mercadinho Familia 358;Alimentação;MEI;Standard;RJ;Niterói;Sudeste;2024-09-11
359;Mercadinho Familia 359;Saúde;MEI;Premium;CE;Fortaleza;Nordeste;2024-03-22
360;Bar Prime 360;Serviços;Grande;Standard;SP;Santos;Sudeste;2021-10-26
361;Bar Vitória 361;Alimentação;Pequena;Standard;SP;São Paulo;Sudeste;2021-07-16
362;Center Central 362;Alimentação;MEI;Standard;PE;Olinda;Nordeste;2022-07-07
363;Clínica São José 363;Alimentação;Média;Standard;MG;Uberlândia;Sudeste;2023-10-31
364;Restaurante Estrela 364;Alimentação;MEI;Premium;AM;Manaus;Norte;2023-08-24
365;Bar Aurora 365;Saúde;Pequena;Standard;SP;Santos;Sudeste;2022-08-03
366;Point Nova Era 366;Varejo;MEI;Standard;SP;Santos;Sudeste;2022-10-18
367;Studio Express 367;Educação;Pequena;Standard;CE;Juazeiro do Norte;Nordeste;2023-04-22
368;Clínica São José 368;Varejo;Média;Standard;SP;Ribeirão Preto;Sudeste;2022-01-19
369;Ateliê Bella 369;Moda e Beleza;MEI;Standard;SP;Santos;Sudeste;2021-04-29
370;Boutique Bella 370;Moda e Beleza;MEI;Premium;RS;Caxias do Sul;Sul;2021-08-15
371;Padaria Aurora 371;Moda e Beleza;MEI;Standard;PB;João Pessoa;Nordeste;2024-04-15
372;Mercadinho São José 372;Serviços;Pequena;Standard;RJ;Niterói;Sudeste;2024-04-28
373;Mercadinho Bom Preço 373;Educação;Pequena;Standard;CE;Juazeiro do Norte;Nordeste;2021-03-21
374;Boutique Bom Preço 374;Saúde;Pequena;Premium;PR;Curitiba;Sul;2024-05-11
375;Espaço Bom Preço 375;Varejo;MEI;Standard;RJ;Duque de Caxias;Sudeste;2023-07-30
376;Empório Prime 376;Alimentação;Pequena;Premium;SC;Florianópolis;Sul;2022-12-08
377;Empório São José 377;Saúde;Pequena;Standard;SP;Ribeirão Preto;Sudeste;2024-01-20
378;Espaço Central 378;Outros;Pequena;Premium;CE;Juazeiro do Norte;Nordeste;2021-09-21
379;Oficina Estrela 379;Alimentação;Pequena;Standard;AM;Manaus;Norte;2021-04-10
380;Center Express 380;Alimentação;Média;Standard;SP;Ribeirão Preto;Sudeste;2024-10-12
381;Clínica do Bairro 381;Alimentação;Grande;Premium;CE;Fortaleza;Nordeste;2023-12-28
382;Center Prime 382;Alimentação;Pequena;Standard;PE;Olinda;Nordeste;2022-02-26
383;Ateliê Estrela 383;Varejo;MEI;Premium;MA;São Luís;Nordeste;2022-03-24
384;Studio Familia 384;Varejo;MEI;Premium;PR;Londrina;Sul;2023-02-28
385;Espaço Horizonte 385;Alimentação;Média;Standard;SP;São Paulo;Sudeste;2022-05-19
386;Salão Aurora 386;Moda e Beleza;Pequena;Premium;RJ;Rio de Janeiro;Sudeste;2023-11-15
387;Loja Horizonte 387;Serviços;Pequena;Standard;SP;Santos;Sudeste;2024-01-18
388;Casa Prime 388;Outros;Pequena;Standard;SP;Ribeirão Preto;Sudeste;2021-11-19
389;Bar Real 389;Serviços;MEI;Standard;PE;Recife;Nordeste;2021-03-27
390;Salão Aurora 390;Moda e Beleza;Pequena;Standard;SP;Santos;Sudeste;2023-06-15
391;Clínica Central 391;Varejo;Grande;Premium;SC;Blumenau;Sul;2023-08-07
392;Mercadinho Familia 392;Varejo;MEI;Standard;RJ;Duque de Caxias;Sudeste;2024-07-13
393;Oficina Vitória 393;Varejo;Grande;Standard;SP;São Paulo;Sudeste;2021-02-12
394;Loja Bom Preço 394;Serviços;Pequena;Standard;MA;São Luís;Nordeste;2021-07-05
395;Ateliê Bom Preço 395;Serviços;MEI;Premium;GO;Anápolis;Centro-Oeste;2022-08-03
396;Studio Popular 396;Alimentação;MEI;Premium;RJ;Niterói;Sudeste;2022-09-18
397;Empório Prime 397;Varejo;MEI;Premium;RJ;Rio de Janeiro;Sudeste;2023-08-23
398;Studio Central 398;Moda e Beleza;MEI;Premium;BA;Feira de Santana;Nordeste;2022-04-07
399;Espaço Nova Era 399;Varejo;Pequena;Premium;RJ;Rio de Janeiro;Sudeste;2021-06-06
400;Clínica Bom Preço 400;Alimentação;MEI;Standard;SC;Joinville;Sul;2022-02-17
401;Espaço Vitória 401;Serviços;MEI;Standard;RS;Caxias do Sul;Sul;2023-05-14
402;Studio Aurora 402;Varejo;MEI;Standard;BA;Feira de Santana;Nordeste;2023-08-02
403;Restaurante Prime 403;Varejo;MEI;Premium;SP;Ribeirão Preto;Sudeste;2023-12-15
404;Clínica Express 404;Serviços;Pequena;Standard;MA;São Luís;Nordeste;2021-11-28
405;Bar Express 405;Serviços;Média;Standard;PR;Londrina;Sul;2024-09-03
406;Studio Bom Preço 406;Saúde;MEI;Standard;SC;Joinville;Sul;2023-01-10
407;Clínica Bella 407;Educação;MEI;Standard;PR;Londrina;Sul;2024-09-16
408;Boutique Express 408;Varejo;MEI;Standard;ES;Vila Velha;Sudeste;2024-09-08
409;Bar Central 409;Alimentação;Pequena;Premium;SP;São Paulo;Sudeste;2023-09-20
410;Point Bom Preço 410;Varejo;Média;Standard;SC;Blumenau;Sul;2021-02-14
411;Empório Horizonte 411;Alimentação;Pequena;Standard;RS;Porto Alegre;Sul;2022-02-10
412;Mercadinho Popular 412;Educação;MEI;Premium;SP;Santos;Sudeste;2023-11-29
413;Loja Aurora 413;Outros;MEI;Standard;PB;João Pessoa;Nordeste;2022-05-05
414;Point São José 414;Serviços;Grande;Enterprise;RJ;Duque de Caxias;Sudeste;2021-12-17
415;Mercadinho Real 415;Serviços;Média;Premium;PR;Curitiba;Sul;2022-03-28
416;Casa Prime 416;Moda e Beleza;MEI;Standard;PR;Curitiba;Sul;2021-10-13
417;Espaço do Bairro 417;Outros;Média;Premium;AM;Manaus;Norte;2024-09-05
418;Center Central 418;Serviços;MEI;Standard;RJ;Niterói;Sudeste;2022-01-12
419;Espaço Bella 419;Alimentação;Pequena;Standard;RS;Porto Alegre;Sul;2022-08-17
420;Mercadinho São José 420;Varejo;Média;Standard;SP;Santos;Sudeste;2022-04-08
421;Casa Popular 421;Saúde;MEI;Standard;SP;Santos;Sudeste;2024-09-27
422;Empório Popular 422;Serviços;MEI;Standard;SP;Santos;Sudeste;2022-03-19
423;Studio Estrela 423;Serviços;MEI;Premium;SP;Ribeirão Preto;Sudeste;2021-05-24
424;Padaria Familia 424;Alimentação;MEI;Standard;RS;Porto Alegre;Sul;2021-08-06
425;Studio Familia 425;Moda e Beleza;MEI;Standard;CE;Juazeiro do Norte;Nordeste;2023-04-11
426;Mercadinho São José 426;Varejo;MEI;Standard;SC;Blumenau;Sul;2024-06-18
427;Ateliê Familia 427;Serviços;Média;Standard;BA;Salvador;Nordeste;2023-02-22
428;Casa Bella 428;Alimentação;MEI;Standard;PR;Maringá;Sul;2022-02-25
429;Salão Nova Era 429;Saúde;MEI;Standard;RJ;Niterói;Sudeste;2023-01-31
430;Padaria Estrela 430;Saúde;Pequena;Premium;RS;Porto Alegre;Sul;2023-06-20
431;Loja Vitória 431;Alimentação;Pequena;Standard;SP;Ribeirão Preto;Sudeste;2021-09-07
432;Oficina São José 432;Alimentação;MEI;Standard;SP;São Paulo;Sudeste;2021-03-01
433;Loja Popular 433;Educação;MEI;Premium;MA;São Luís;Nordeste;2023-01-16
434;Oficina Nova Era 434;Outros;MEI;Premium;MS;Campo Grande;Centro-Oeste;2021-01-25
435;Bar do Bairro 435;Educação;Grande;Standard;PA;Belém;Norte;2024-01-10
436;Studio Horizonte 436;Serviços;Pequena;Standard;PB;João Pessoa;Nordeste;2021-04-20
437;Studio Aurora 437;Varejo;Pequena;Standard;SC;Blumenau;Sul;2023-09-11
438;Restaurante Familia 438;Alimentação;MEI;Standard;PB;João Pessoa;Nordeste;2023-10-18
439;Restaurante Real 439;Saúde;MEI;Standard;PA;Belém;Norte;2022-06-12
440;Salão Nova Era 440;Educação;Pequena;Standard;ES;Vila Velha;Sudeste;2021-11-04
441;Oficina Nova Era 441;Alimentação;Média;Standard;GO;Goiânia;Centro-Oeste;2023-04-06
442;Boutique Real 442;Varejo;Pequena;Enterprise;MS;Campo Grande;Centro-Oeste;2023-05-16
443;Padaria Central 443;Varejo;Pequena;Standard;SP;Campinas;Sudeste;2022-03-10
444;Loja Central 444;Saúde;MEI;Standard;PR;Curitiba;Sul;2021-04-10
445;Studio Estrela 445;Serviços;Pequena;Standard;PB;João Pessoa;Nordeste;2024-01-26
446;Espaço do Bairro 446;Varejo;Média;Standard;RS;Caxias do Sul;Sul;2024-08-26
447;Oficina Bom Preço 447;Varejo;Pequena;Standard;SP;São Paulo;Sudeste;2023-01-29
448;Restaurante Real 448;Alimentação;MEI;Standard;SP;São Paulo;Sudeste;2022-02-05
449;Restaurante Aurora 449;Varejo;Pequena;Standard;RJ;Duque de Caxias;Sudeste;2022-04-05
450;Ateliê São José 450;Varejo;MEI;Standard;SP;São Paulo;Sudeste;2023-07-01
451;Clínica Central 451;Moda e Beleza;MEI;Standard;MG;Uberlândia;Sudeste;2021-10-15
452;Espaço Bom Preço 452;Alimentação;MEI;Standard;SP;Campinas;Sudeste;2023-04-11
453;Mercadinho Aurora 453;Moda e Beleza;Média;Standard;SP;Ribeirão Preto;Sudeste;2024-10-02
454;Clínica Aurora 454;Alimentação;Pequena;Standard;PE;Recife;Nordeste;2023-04-22
455;Studio Horizonte 455;Outros;MEI;Standard;MS;Campo Grande;Centro-Oeste;2024-09-04
456;Mercadinho Horizonte 456;Alimentação;Grande;Standard;SP;Santos;Sudeste;2023-02-05
457;Casa São José 457;Moda e Beleza;MEI;Standard;ES;Vila Velha;Sudeste;2021-07-31
458;Boutique Bella 458;Varejo;MEI;Enterprise;PR;Maringá;Sul;2024-09-30
459;Boutique Estrela 459;Alimentação;MEI;Standard;RJ;Rio de Janeiro;Sudeste;2021-01-12
460;Oficina Real 460;Outros;MEI;Standard;PR;Londrina;Sul;2024-07-25
461;Center Aurora 461;Alimentação;MEI;Premium;GO;Goiânia;Centro-Oeste;2024-04-21
462;Salão Central 462;Outros;MEI;Standard;PR;Curitiba;Sul;2022-06-30
463;Casa Central 463;Alimentação;MEI;Standard;SP;Campinas;Sudeste;2022-10-09
464;Salão Nova Era 464;Varejo;MEI;Standard;BA;Salvador;Nordeste;2021-09-11
465;Oficina Popular 465;Alimentação;MEI;Premium;BA;Feira de Santana;Nordeste;2021-03-19
466;Ateliê Estrela 466;Educação;MEI;Standard;SP;Santos;Sudeste;2023-03-12
467;Loja Vitória 467;Varejo;MEI;Premium;PR;Londrina;Sul;2022-04-27
468;Espaço Popular 468;Educação;Pequena;Premium;CE;Fortaleza;Nordeste;2021-07-02
469;Loja Prime 469;Outros;MEI;Standard;BA;Salvador;Nordeste;2021-06-06
470;Restaurante Familia 470;Varejo;Pequena;Standard;PR;Londrina;Sul;2022-12-28
471;Restaurante Prime 471;Varejo;MEI;Standard;MS;Campo Grande;Centro-Oeste;2023-11-29
472;Studio Real 472;Varejo;MEI;Standard;RJ;Rio de Janeiro;Sudeste;2021-12-03
473;Studio Prime 473;Alimentação;MEI;Standard;MG;Uberlândia;Sudeste;2022-04-03
474;Ateliê Bella 474;Varejo;Pequena;Enterprise;SP;Ribeirão Preto;Sudeste;2021-05-06
475;Salão São José 475;Alimentação;MEI;Standard;MS;Campo Grande;Centro-Oeste;2021-02-16
476;Casa Express 476;Moda e Beleza;Média;Standard;PE;Recife;Nordeste;2023-12-19
477;Point Horizonte 477;Moda e Beleza;MEI;Premium;PE;Olinda;Nordeste;2022-11-21
478;Boutique Prime 478;Saúde;MEI;Standard;RO;Porto Velho;Norte;2021-05-12
479;Studio Bella 479;Saúde;Pequena;Standard;SP;Santos;Sudeste;2022-12-28
480;Restaurante Popular 480;Varejo;MEI;Standard;SP;Ribeirão Preto;Sudeste;2024-04-13
481;Salão do Bairro 481;Varejo;MEI;Standard;ES;Vitória;Sudeste;2021-03-09
482;Mercadinho do Bairro 482;Moda e Beleza;MEI;Standard;RJ;Duque de Caxias;Sudeste;2024-05-15
483;Clínica Central 483;Alimentação;MEI;Standard;PR;Maringá;Sul;2021-03-11
484;Empório Nova Era 484;Serviços;MEI;Premium;RJ;Niterói;Sudeste;2021-08-01
485;Bar Vitória 485;Outros;Pequena;Enterprise;SP;São Paulo;Sudeste;2023-03-20
486;Oficina São José 486;Serviços;MEI;Premium;SP;São Paulo;Sudeste;2024-03-18
487;Salão Estrela 487;Varejo;Média;Standard;SC;Joinville;Sul;2022-05-10
488;Ateliê Central 488;Varejo;Pequena;Premium;BA;Feira de Santana;Nordeste;2023-02-28
489;Casa Real 489;Alimentação;MEI;Standard;SP;Ribeirão Preto;Sudeste;2022-06-15
490;Bar Aurora 490;Moda e Beleza;MEI;Standard;DF;Brasília;Centro-Oeste;2021-06-16
491;Clínica Central 491;Saúde;MEI;Standard;SC;Blumenau;Sul;2023-09-25
492;Studio Express 492;Alimentação;Média;Standard;RO;Porto Velho;Norte;2021-05-26
493;Salão do Bairro 493;Varejo;MEI;Premium;MS;Campo Grande;Centro-Oeste;2023-07-06
494;Salão Aurora 494;Alimentação;MEI;Standard;RJ;Rio de Janeiro;Sudeste;2024-08-18
495;Oficina Express 495;Moda e Beleza;MEI;Premium;SP;Santos;Sudeste;2023-05-07
496;Center Central 496;Serviços;MEI;Standard;SP;Santos;Sudeste;2021-04-04
497;Point Vitória 497;Educação;Pequena;Premium;SP;São Paulo;Sudeste;2022-11-14
498;Clínica Estrela 498;Alimentação;MEI;Standard;RJ;Niterói;Sudeste;2021-07-10
499;Mercadinho Central 499;Alimentação;MEI;Standard;SP;Campinas;Sudeste;2021-09-21
500;Boutique Express 500;Serviços;MEI;Standard;RJ;Rio de Janeiro;Sudeste;2021-10-03
501;Espaço Horizonte 501;Saúde;MEI;Standard;PR;Curitiba;Sul;2022-01-07
502;Loja Popular 502;Educação;Pequena;Standard;PR;Maringá;Sul;2024-09-13
503;Padaria Familia 503;Serviços;Grande;Standard;MG;Juiz de Fora;Sudeste;2021-01-27
504;Bar Bom Preço 504;Varejo;Pequena;Standard;SC;Blumenau;Sul;2021-05-10
505;Oficina Popular 505;Moda e Beleza;Pequena;Standard;BA;Feira de Santana;Nordeste;2022-09-17
506;Loja Familia 506;Moda e Beleza;MEI;Standard;PB;João Pessoa;Nordeste;2023-11-22
507;Ateliê Horizonte 507;Moda e Beleza;Pequena;Standard;SP;Ribeirão Preto;Sudeste;2021-01-29
508;Empório Real 508;Saúde;MEI;Standard;RJ;Niterói;Sudeste;2021-09-21
509;Ateliê Familia 509;Saúde;MEI;Standard;GO;Goiânia;Centro-Oeste;2021-09-29
510;Empório Bella 510;Serviços;MEI;Standard;BA;Feira de Santana;Nordeste;2024-09-21
511;Ateliê Central 511;Saúde;MEI;Standard;SP;Santos;Sudeste;2024-08-29
512;Salão Familia 512;Saúde;MEI;Standard;DF;Brasília;Centro-Oeste;2023-10-18
513;Empório Familia 513;Alimentação;MEI;Standard;MG;Juiz de Fora;Sudeste;2022-02-14
514;Oficina São José 514;Outros;MEI;Standard;MT;Cuiabá;Centro-Oeste;2023-04-17
515;Espaço Bella 515;Alimentação;MEI;Standard;SP;Ribeirão Preto;Sudeste;2021-05-22
516;Studio Horizonte 516;Educação;MEI;Standard;PR;Londrina;Sul;2023-12-05
517;Loja do Bairro 517;Varejo;MEI;Enterprise;MG;Uberlândia;Sudeste;2022-04-09
518;Empório Express 518;Serviços;MEI;Standard;SP;Campinas;Sudeste;2021-10-20
519;Bar Familia 519;Moda e Beleza;MEI;Standard;MG;Juiz de Fora;Sudeste;2021-05-15
520;Clínica Real 520;Alimentação;MEI;Standard;GO;Goiânia;Centro-Oeste;2023-08-23
521;Salão Nova Era 521;Varejo;Pequena;Standard;SP;Santos;Sudeste;2021-01-12
522;Empório Horizonte 522;Moda e Beleza;Pequena;Standard;SP;Santos;Sudeste;2023-10-10
523;Loja Real 523;Varejo;Média;Standard;SP;Santos;Sudeste;2022-10-20
524;Salão Prime 524;Moda e Beleza;MEI;Standard;MG;Belo Horizonte;Sudeste;2023-02-07
525;Espaço Real 525;Varejo;Pequena;Standard;AM;Manaus;Norte;2022-02-11
526;Espaço Vitória 526;Serviços;Pequena;Standard;GO;Goiânia;Centro-Oeste;2022-10-31
527;Ateliê Bom Preço 527;Alimentação;MEI;Standard;MG;Uberlândia;Sudeste;2022-08-22
528;Salão Popular 528;Varejo;MEI;Standard;RJ;Duque de Caxias;Sudeste;2022-04-03
529;Ateliê do Bairro 529;Serviços;MEI;Standard;GO;Goiânia;Centro-Oeste;2024-09-15
530;Oficina Aurora 530;Varejo;MEI;Standard;SP;Ribeirão Preto;Sudeste;2024-03-31
531;Loja Bom Preço 531;Outros;MEI;Premium;PE;Recife;Nordeste;2021-05-30
532;Restaurante do Bairro 532;Saúde;MEI;Standard;SC;Blumenau;Sul;2021-04-11
533;Casa Real 533;Outros;MEI;Standard;SC;Joinville;Sul;2022-12-07
534;Center Express 534;Serviços;Pequena;Premium;SC;Joinville;Sul;2021-06-23
535;Padaria Express 535;Moda e Beleza;MEI;Standard;MT;Cuiabá;Centro-Oeste;2023-11-10
536;Espaço Popular 536;Educação;Pequena;Enterprise;RJ;Rio de Janeiro;Sudeste;2022-02-21
537;Ateliê Aurora 537;Serviços;MEI;Standard;MG;Belo Horizonte;Sudeste;2022-06-30
538;Empório Bom Preço 538;Varejo;Média;Standard;PR;Curitiba;Sul;2021-11-28
539;Espaço São José 539;Saúde;MEI;Premium;SP;Santos;Sudeste;2024-07-23
540;Espaço Popular 540;Serviços;Pequena;Premium;SP;Ribeirão Preto;Sudeste;2023-10-13
541;Center Estrela 541;Saúde;Pequena;Standard;MA;São Luís;Nordeste;2024-07-13
542;Empório Nova Era 542;Serviços;Pequena;Standard;DF;Brasília;Centro-Oeste;2023-09-03
543;Mercadinho Familia 543;Outros;MEI;Standard;PE;Olinda;Nordeste;2023-08-25
544;Ateliê Horizonte 544;Serviços;MEI;Standard;PR;Maringá;Sul;2023-01-25
545;Bar Express 545;Serviços;Pequena;Premium;SC;Blumenau;Sul;2021-09-22
546;Ateliê Horizonte 546;Serviços;MEI;Standard;CE;Fortaleza;Nordeste;2023-06-17
547;Point Real 547;Varejo;MEI;Premium;SP;Ribeirão Preto;Sudeste;2023-02-16
548;Bar Horizonte 548;Serviços;MEI;Premium;SP;Ribeirão Preto;Sudeste;2023-08-08
549;Salão do Bairro 549;Serviços;Pequena;Standard;MA;São Luís;Nordeste;2023-10-15
550;Center Aurora 550;Saúde;MEI;Standard;GO;Anápolis;Centro-Oeste;2022-09-17
551;Espaço Aurora 551;Varejo;MEI;Standard;SP;Campinas;Sudeste;2024-07-09
552;Empório Bom Preço 552;Varejo;MEI;Standard;PR;Londrina;Sul;2024-08-13
553;Clínica do Bairro 553;Alimentação;Pequena;Premium;MA;São Luís;Nordeste;2023-03-14
554;Studio Prime 554;Outros;MEI;Standard;RS;Porto Alegre;Sul;2021-06-05
555;Center Prime 555;Moda e Beleza;MEI;Standard;MS;Campo Grande;Centro-Oeste;2023-06-18
556;Espaço Aurora 556;Alimentação;MEI;Standard;MA;São Luís;Nordeste;2021-10-24
557;Loja Vitória 557;Moda e Beleza;MEI;Standard;DF;Brasília;Centro-Oeste;2023-04-18
558;Bar Vitória 558;Serviços;Pequena;Standard;DF;Brasília;Centro-Oeste;2024-08-08
559;Casa Nova Era 559;Varejo;MEI;Standard;MG;Uberlândia;Sudeste;2022-03-20
560;Salão do Bairro 560;Varejo;MEI;Standard;SP;São Paulo;Sudeste;2024-03-16
561;Mercadinho Nova Era 561;Serviços;MEI;Standard;SP;Santos;Sudeste;2022-02-13
562;Clínica Express 562;Educação;Média;Premium;SP;São Paulo;Sudeste;2024-06-30
563;Oficina Vitória 563;Serviços;Pequena;Standard;RS;Porto Alegre;Sul;2023-01-07
564;Oficina Horizonte 564;Serviços;Pequena;Standard;DF;Brasília;Centro-Oeste;2021-01-24
565;Espaço Bella 565;Alimentação;MEI;Standard;SP;Campinas;Sudeste;2022-12-28
566;Padaria Estrela 566;Serviços;MEI;Enterprise;SP;Santos;Sudeste;2022-04-21
567;Padaria Familia 567;Alimentação;MEI;Standard;SP;Campinas;Sudeste;2021-12-06
568;Loja Bella 568;Outros;MEI;Standard;RS;Porto Alegre;Sul;2022-11-30
569;Point Aurora 569;Varejo;MEI;Standard;SP;Santos;Sudeste;2024-02-16
570;Restaurante Central 570;Saúde;MEI;Standard;BA;Salvador;Nordeste;2023-05-15
571;Mercadinho Prime 571;Varejo;MEI;Standard;MG;Uberlândia;Sudeste;2021-04-23
572;Empório Express 572;Serviços;Pequena;Premium;SP;São Paulo;Sudeste;2024-10-24
573;Bar Central 573;Serviços;Pequena;Premium;SC;Joinville;Sul;2024-07-23
574;Padaria São José 574;Varejo;Pequena;Standard;MS;Campo Grande;Centro-Oeste;2021-06-21
575;Mercadinho Estrela 575;Varejo;MEI;Standard;SP;São Paulo;Sudeste;2021-10-14
576;Ateliê Nova Era 576;Alimentação;Pequena;Premium;ES;Vitória;Sudeste;2021-08-21
577;Clínica Express 577;Varejo;MEI;Premium;RS;Porto Alegre;Sul;2022-11-25
578;Restaurante Popular 578;Educação;Média;Standard;MG;Juiz de Fora;Sudeste;2021-05-05
579;Clínica Central 579;Alimentação;Pequena;Standard;RS;Porto Alegre;Sul;2021-05-23
580;Salão Aurora 580;Varejo;Pequena;Standard;RS;Porto Alegre;Sul;2021-07-21
581;Empório Bom Preço 581;Moda e Beleza;MEI;Premium;GO;Anápolis;Centro-Oeste;2021-05-01
582;Clínica Prime 582;Varejo;Média;Premium;PR;Londrina;Sul;2022-01-15
583;Clínica Horizonte 583;Moda e Beleza;Média;Standard;MT;Cuiabá;Centro-Oeste;2023-03-29
584;Clínica Express 584;Alimentação;MEI;Standard;SC;Florianópolis;Sul;2024-07-27
585;Studio Horizonte 585;Varejo;MEI;Standard;RJ;Duque de Caxias;Sudeste;2024-03-11
586;Espaço Bella 586;Serviços;MEI;Standard;RS;Caxias do Sul;Sul;2024-05-26
587;Oficina Aurora 587;Moda e Beleza;MEI;Premium;SP;Santos;Sudeste;2024-03-01
588;Center Aurora 588;Moda e Beleza;MEI;Premium;SC;Blumenau;Sul;2023-11-30
589;Padaria Bom Preço 589;Moda e Beleza;Pequena;Premium;BA;Feira de Santana;Nordeste;2021-04-04
590;Espaço Central 590;Moda e Beleza;Pequena;Standard;MG;Belo Horizonte;Sudeste;2024-10-21
591;Empório Prime 591;Alimentação;MEI;Standard;MS;Campo Grande;Centro-Oeste;2023-12-03
592;Empório Horizonte 592;Alimentação;MEI;Standard;PB;João Pessoa;Nordeste;2021-11-12
593;Empório Real 593;Moda e Beleza;Média;Standard;PR;Curitiba;Sul;2023-11-01
594;Salão Aurora 594;Serviços;MEI;Standard;PR;Londrina;Sul;2023-03-16
595;Padaria Prime 595;Serviços;MEI;Standard;PR;Maringá;Sul;2024-01-02
596;Point Prime 596;Alimentação;Pequena;Premium;PE;Recife;Nordeste;2024-02-19
597;Empório Aurora 597;Serviços;MEI;Premium;SP;Santos;Sudeste;2022-05-19
598;Boutique Central 598;Varejo;MEI;Enterprise;RS;Caxias do Sul;Sul;2021-12-01
599;Restaurante Vitória 599;Moda e Beleza;Grande;Premium;MG;Uberlândia;Sudeste;2021-09-08
600;Bar Vitória 600;Varejo;MEI;Premium;MA;São Luís;Nordeste;2021-08-21
601;Oficina Popular 601;Serviços;MEI;Premium;BA;Feira de Santana;Nordeste;2023-02-22
602;Padaria Real 602;Moda e Beleza;MEI;Standard;PR;Londrina;Sul;2023-09-20
603;Loja Estrela 603;Outros;MEI;Standard;RS;Caxias do Sul;Sul;2024-03-03
604;Loja Nova Era 604;Varejo;MEI;Enterprise;GO;Anápolis;Centro-Oeste;2021-07-15
605;Ateliê Real 605;Serviços;MEI;Premium;SP;Campinas;Sudeste;2021-12-19
606;Loja Real 606;Varejo;Pequena;Premium;MG;Belo Horizonte;Sudeste;2022-05-13
607;Ateliê Familia 607;Alimentação;Média;Standard;SP;Santos;Sudeste;2023-09-17
608;Restaurante Popular 608;Alimentação;MEI;Standard;SC;Blumenau;Sul;2022-02-22
609;Clínica Familia 609;Serviços;Pequena;Standard;SP;Ribeirão Preto;Sudeste;2024-10-16
610;Clínica São José 610;Varejo;Pequena;Standard;PB;João Pessoa;Nordeste;2021-05-11
611;Boutique Bom Preço 611;Varejo;MEI;Standard;CE;Juazeiro do Norte;Nordeste;2024-10-17
612;Loja Bom Preço 612;Saúde;Pequena;Standard;SP;São Paulo;Sudeste;2021-02-16
613;Clínica do Bairro 613;Moda e Beleza;Média;Standard;GO;Anápolis;Centro-Oeste;2023-01-06
614;Center Bella 614;Serviços;Média;Standard;PR;Maringá;Sul;2023-08-02
615;Bar Bella 615;Varejo;Média;Standard;RJ;Rio de Janeiro;Sudeste;2021-05-05
616;Loja Express 616;Outros;MEI;Premium;PB;João Pessoa;Nordeste;2023-08-03
617;Clínica Nova Era 617;Varejo;Pequena;Standard;GO;Anápolis;Centro-Oeste;2023-07-07
618;Empório São José 618;Varejo;MEI;Standard;PR;Maringá;Sul;2023-06-27
619;Bar Real 619;Serviços;MEI;Standard;SP;Campinas;Sudeste;2023-12-02
620;Bar Horizonte 620;Serviços;Média;Standard;BA;Feira de Santana;Nordeste;2023-08-26
621;Espaço do Bairro 621;Varejo;Pequena;Enterprise;PB;João Pessoa;Nordeste;2024-02-05
622;Salão Real 622;Serviços;MEI;Standard;SC;Joinville;Sul;2024-03-30
623;Mercadinho Central 623;Outros;MEI;Standard;PE;Olinda;Nordeste;2022-09-24
624;Center Familia 624;Varejo;MEI;Premium;SP;São Paulo;Sudeste;2023-04-14
625;Studio Prime 625;Varejo;MEI;Premium;SP;Ribeirão Preto;Sudeste;2021-10-18
626;Bar Express 626;Varejo;MEI;Standard;SP;Santos;Sudeste;2023-08-29
627;Ateliê Estrela 627;Alimentação;Média;Standard;SC;Blumenau;Sul;2023-08-03
628;Point Central 628;Outros;Grande;Premium;SP;Ribeirão Preto;Sudeste;2023-08-09
629;Loja Familia 629;Varejo;Pequena;Premium;ES;Vitória;Sudeste;2021-06-30
630;Bar Central 630;Alimentação;Pequena;Standard;ES;Vitória;Sudeste;2021-11-07
631;Clínica Estrela 631;Serviços;MEI;Standard;RS;Caxias do Sul;Sul;2023-05-06
632;Ateliê Vitória 632;Alimentação;MEI;Standard;CE;Fortaleza;Nordeste;2021-03-05
633;Center Estrela 633;Serviços;MEI;Standard;SP;Santos;Sudeste;2021-04-16
634;Center Horizonte 634;Alimentação;MEI;Premium;MG;Juiz de Fora;Sudeste;2023-12-10
635;Mercadinho Central 635;Saúde;Média;Standard;RJ;Niterói;Sudeste;2024-09-01
636;Espaço Express 636;Alimentação;MEI;Standard;PE;Recife;Nordeste;2022-08-27
637;Casa Real 637;Varejo;MEI;Standard;RJ;Niterói;Sudeste;2024-03-24
638;Clínica Familia 638;Educação;MEI;Standard;SC;Blumenau;Sul;2022-07-29
639;Loja Central 639;Varejo;MEI;Standard;ES;Vitória;Sudeste;2024-05-17
640;Salão Estrela 640;Alimentação;MEI;Standard;RJ;Niterói;Sudeste;2021-10-31
641;Restaurante Horizonte 641;Varejo;MEI;Standard;SP;Ribeirão Preto;Sudeste;2022-10-19
642;Loja Popular 642;Varejo;Média;Standard;SP;Ribeirão Preto;Sudeste;2023-02-07
643;Loja Familia 643;Varejo;Grande;Standard;SP;Santos;Sudeste;2023-06-22
644;Clínica Popular 644;Varejo;Grande;Standard;AM;Manaus;Norte;2023-05-04
645;Espaço Nova Era 645;Alimentação;MEI;Premium;RS;Porto Alegre;Sul;2022-03-06
646;Studio do Bairro 646;Alimentação;Pequena;Enterprise;RO;Porto Velho;Norte;2021-07-28
647;Ateliê Popular 647;Educação;MEI;Premium;SP;Campinas;Sudeste;2024-05-05
648;Oficina Vitória 648;Serviços;MEI;Standard;PR;Curitiba;Sul;2021-07-28
649;Clínica do Bairro 649;Moda e Beleza;MEI;Premium;SP;Campinas;Sudeste;2023-12-25
650;Loja Prime 650;Varejo;Pequena;Standard;SP;Santos;Sudeste;2024-10-30
651;Boutique Popular 651;Serviços;Pequena;Standard;SC;Florianópolis;Sul;2022-04-25
652;Ateliê São José 652;Varejo;MEI;Premium;SC;Blumenau;Sul;2023-09-03
653;Center São José 653;Alimentação;MEI;Standard;RS;Porto Alegre;Sul;2024-07-03
654;Center Bom Preço 654;Outros;MEI;Premium;SP;Campinas;Sudeste;2021-12-09
655;Empório Aurora 655;Alimentação;MEI;Standard;SP;Santos;Sudeste;2023-01-24
656;Loja Bella 656;Moda e Beleza;MEI;Premium;DF;Brasília;Centro-Oeste;2024-01-22
657;Point Horizonte 657;Educação;MEI;Standard;SP;Santos;Sudeste;2023-08-22
658;Casa Familia 658;Varejo;Média;Premium;SP;Ribeirão Preto;Sudeste;2021-08-08
659;Ateliê Familia 659;Varejo;Pequena;Standard;PA;Belém;Norte;2024-07-20
660;Salão Prime 660;Alimentação;MEI;Standard;RJ;Rio de Janeiro;Sudeste;2023-01-30
661;Loja Estrela 661;Serviços;MEI;Premium;PR;Londrina;Sul;2024-07-31
662;Center Familia 662;Serviços;Pequena;Premium;MA;São Luís;Nordeste;2022-12-09
663;Padaria Familia 663;Serviços;MEI;Standard;GO;Anápolis;Centro-Oeste;2023-10-02
664;Oficina São José 664;Varejo;MEI;Standard;SP;Campinas;Sudeste;2023-04-29
665;Oficina Aurora 665;Serviços;Pequena;Premium;SP;Campinas;Sudeste;2021-07-16
666;Oficina Estrela 666;Serviços;MEI;Standard;SC;Blumenau;Sul;2022-03-10
667;Salão Popular 667;Outros;MEI;Premium;SP;Santos;Sudeste;2023-06-15
668;Studio Real 668;Saúde;MEI;Premium;SP;Santos;Sudeste;2023-04-12
669;Bar Central 669;Varejo;MEI;Premium;SC;Florianópolis;Sul;2021-12-28
670;Bar Express 670;Saúde;Pequena;Standard;GO;Anápolis;Centro-Oeste;2022-02-14
671;Studio Bella 671;Educação;MEI;Standard;BA;Salvador;Nordeste;2022-09-02
672;Salão Aurora 672;Saúde;MEI;Standard;MG;Uberlândia;Sudeste;2021-11-25
673;Restaurante Express 673;Varejo;MEI;Premium;RJ;Duque de Caxias;Sudeste;2021-01-07
674;Oficina Vitória 674;Moda e Beleza;MEI;Standard;MG;Belo Horizonte;Sudeste;2023-04-23
675;Point Horizonte 675;Outros;Pequena;Standard;SP;Santos;Sudeste;2024-06-29
676;Padaria do Bairro 676;Serviços;MEI;Premium;SP;Campinas;Sudeste;2021-01-07
677;Padaria Vitória 677;Alimentação;Pequena;Enterprise;PE;Olinda;Nordeste;2021-09-04
678;Padaria Bella 678;Educação;MEI;Premium;RS;Caxias do Sul;Sul;2022-10-07
679;Salão do Bairro 679;Serviços;Pequena;Standard;SP;São Paulo;Sudeste;2024-04-25
680;Mercadinho Express 680;Varejo;MEI;Standard;RS;Caxias do Sul;Sul;2022-11-25
681;Clínica Bella 681;Alimentação;MEI;Premium;SC;Blumenau;Sul;2022-03-24
682;Ateliê Familia 682;Alimentação;MEI;Premium;ES;Vitória;Sudeste;2022-06-08
683;Ateliê do Bairro 683;Varejo;Média;Premium;ES;Vila Velha;Sudeste;2023-01-25
684;Studio Nova Era 684;Educação;MEI;Standard;GO;Goiânia;Centro-Oeste;2023-10-10
685;Boutique Estrela 685;Varejo;MEI;Standard;RS;Porto Alegre;Sul;2021-12-16
686;Salão Real 686;Saúde;MEI;Standard;CE;Juazeiro do Norte;Nordeste;2023-07-12
687;Salão Bella 687;Serviços;Média;Premium;ES;Vitória;Sudeste;2021-08-26
688;Clínica do Bairro 688;Outros;MEI;Standard;PB;João Pessoa;Nordeste;2024-07-05
689;Loja Nova Era 689;Alimentação;MEI;Standard;SP;Santos;Sudeste;2024-08-05
690;Boutique Aurora 690;Outros;Pequena;Standard;SP;Ribeirão Preto;Sudeste;2024-08-26
691;Espaço Central 691;Alimentação;Pequena;Standard;BA;Salvador;Nordeste;2021-02-02
692;Clínica Horizonte 692;Varejo;Pequena;Standard;RJ;Niterói;Sudeste;2024-08-04
693;Clínica Horizonte 693;Serviços;MEI;Standard;ES;Vila Velha;Sudeste;2024-02-09
694;Point São José 694;Varejo;MEI;Standard;RJ;Rio de Janeiro;Sudeste;2022-01-14
695;Empório Bella 695;Varejo;MEI;Standard;ES;Vila Velha;Sudeste;2021-12-21
696;Espaço Estrela 696;Educação;MEI;Premium;BA;Salvador;Nordeste;2021-06-30
697;Padaria do Bairro 697;Varejo;Pequena;Premium;SP;Santos;Sudeste;2023-03-11
698;Espaço São José 698;Saúde;MEI;Standard;SP;Ribeirão Preto;Sudeste;2024-03-25
699;Oficina Vitória 699;Outros;MEI;Premium;SP;Campinas;Sudeste;2022-07-22
700;Center Nova Era 700;Saúde;Média;Standard;PE;Olinda;Nordeste;2023-06-14
701;Oficina do Bairro 701;Serviços;MEI;Standard;SP;Santos;Sudeste;2022-07-08
702;Padaria Estrela 702;Varejo;MEI;Premium;RJ;Duque de Caxias;Sudeste;2021-09-18
703;Ateliê Familia 703;Outros;Média;Standard;RJ;Duque de Caxias;Sudeste;2021-03-18
704;Clínica Real 704;Serviços;MEI;Standard;SC;Florianópolis;Sul;2023-09-28
705;Restaurante São José 705;Serviços;Grande;Standard;SP;São Paulo;Sudeste;2021-09-01
706;Casa São José 706;Serviços;MEI;Premium;AM;Manaus;Norte;2023-09-22
707;Boutique Bom Preço 707;Varejo;MEI;Premium;MG;Uberlândia;Sudeste;2023-11-29
708;Mercadinho Estrela 708;Varejo;MEI;Standard;PR;Maringá;Sul;2021-12-27
709;Padaria Popular 709;Moda e Beleza;MEI;Standard;BA;Salvador;Nordeste;2022-02-11
710;Espaço Aurora 710;Serviços;Pequena;Standard;SP;Ribeirão Preto;Sudeste;2021-09-30
711;Mercadinho Bella 711;Serviços;MEI;Standard;MG;Juiz de Fora;Sudeste;2023-03-07
712;Point Bella 712;Educação;Média;Standard;PE;Recife;Nordeste;2024-07-27
713;Oficina Nova Era 713;Alimentação;MEI;Standard;MS;Campo Grande;Centro-Oeste;2021-10-23
714;Restaurante Estrela 714;Alimentação;Pequena;Premium;SP;Campinas;Sudeste;2021-06-03
715;Restaurante do Bairro 715;Varejo;Pequena;Standard;SC;Florianópolis;Sul;2023-05-05
716;Padaria Aurora 716;Alimentação;MEI;Premium;RJ;Duque de Caxias;Sudeste;2021-01-19
717;Espaço do Bairro 717;Serviços;MEI;Premium;PE;Recife;Nordeste;2024-10-04
718;Oficina Bom Preço 718;Serviços;MEI;Standard;SP;Campinas;Sudeste;2023-08-06
719;Salão Real 719;Alimentação;MEI;Standard;SP;Ribeirão Preto;Sudeste;2021-01-22
720;Bar Vitória 720;Alimentação;MEI;Standard;DF;Brasília;Centro-Oeste;2021-07-05
721;Clínica Bom Preço 721;Serviços;Média;Standard;MT;Cuiabá;Centro-Oeste;2021-07-04
722;Boutique São José 722;Alimentação;Pequena;Premium;SC;Blumenau;Sul;2021-06-10
723;Point Express 723;Outros;MEI;Standard;PR;Londrina;Sul;2024-08-19
724;Ateliê Express 724;Moda e Beleza;MEI;Standard;SP;Santos;Sudeste;2022-11-16
725;Ateliê Estrela 725;Varejo;MEI;Standard;SC;Joinville;Sul;2022-02-21
726;Padaria Real 726;Alimentação;MEI;Standard;PR;Curitiba;Sul;2021-04-11
727;Clínica do Bairro 727;Outros;MEI;Enterprise;PE;Olinda;Nordeste;2022-03-14
728;Ateliê Central 728;Saúde;Pequena;Premium;RS;Caxias do Sul;Sul;2023-04-13
729;Salão Vitória 729;Serviços;MEI;Standard;PR;Maringá;Sul;2023-06-08
730;Clínica Horizonte 730;Varejo;MEI;Standard;SP;Ribeirão Preto;Sudeste;2023-07-19
731;Ateliê Bella 731;Serviços;MEI;Standard;RS;Porto Alegre;Sul;2021-07-05
732;Loja Real 732;Saúde;MEI;Standard;RJ;Niterói;Sudeste;2022-08-30
733;Boutique Estrela 733;Outros;Pequena;Standard;PR;Londrina;Sul;2024-04-20
734;Point Express 734;Educação;MEI;Standard;SP;Ribeirão Preto;Sudeste;2022-11-02
735;Boutique Popular 735;Saúde;MEI;Standard;RO;Porto Velho;Norte;2021-10-16
736;Mercadinho Express 736;Varejo;Média;Premium;SC;Florianópolis;Sul;2021-02-05
737;Mercadinho Bom Preço 737;Serviços;MEI;Standard;SC;Florianópolis;Sul;2021-09-27
738;Empório Central 738;Varejo;MEI;Standard;SP;Campinas;Sudeste;2023-10-29
739;Oficina Estrela 739;Saúde;Pequena;Standard;MG;Uberlândia;Sudeste;2021-10-08
740;Studio Bom Preço 740;Moda e Beleza;MEI;Standard;MG;Uberlândia;Sudeste;2024-03-30
741;Casa do Bairro 741;Varejo;MEI;Standard;DF;Brasília;Centro-Oeste;2022-09-23
742;Restaurante Bom Preço 742;Serviços;Média;Standard;RJ;Rio de Janeiro;Sudeste;2022-05-28
743;Padaria Bom Preço 743;Alimentação;Pequena;Standard;PR;Londrina;Sul;2021-09-26
744;Ateliê Real 744;Serviços;Pequena;Standard;PR;Curitiba;Sul;2021-05-25
745;Empório Vitória 745;Alimentação;MEI;Standard;CE;Juazeiro do Norte;Nordeste;2024-06-05
746;Mercadinho do Bairro 746;Alimentação;MEI;Standard;RJ;Rio de Janeiro;Sudeste;2021-02-24
747;Empório Vitória 747;Serviços;Pequena;Standard;PR;Maringá;Sul;2021-09-07
748;Restaurante Vitória 748;Serviços;MEI;Standard;SC;Florianópolis;Sul;2022-04-30
749;Empório Aurora 749;Serviços;MEI;Standard;BA;Salvador;Nordeste;2021-01-04
750;Padaria Popular 750;Moda e Beleza;MEI;Standard;SP;Ribeirão Preto;Sudeste;2024-06-02
751;Ateliê Vitória 751;Varejo;Média;Standard;MG;Juiz de Fora;Sudeste;2022-02-20
752;Casa Prime 752;Moda e Beleza;Média;Standard;RJ;Rio de Janeiro;Sudeste;2024-08-28
753;Oficina Prime 753;Serviços;MEI;Enterprise;SP;São Paulo;Sudeste;2023-01-02
754;Padaria Vitória 754;Varejo;Pequena;Enterprise;RJ;Niterói;Sudeste;2022-09-07
755;Bar Prime 755;Saúde;Média;Standard;SP;Campinas;Sudeste;2023-10-18
756;Studio Real 756;Serviços;MEI;Premium;BA;Salvador;Nordeste;2021-06-04
757;Bar Bom Preço 757;Educação;Média;Premium;PR;Curitiba;Sul;2022-07-31
758;Center Bella 758;Alimentação;MEI;Standard;SP;Santos;Sudeste;2022-12-23
759;Ateliê São José 759;Alimentação;MEI;Standard;SP;Santos;Sudeste;2023-05-14
760;Center São José 760;Moda e Beleza;MEI;Premium;RS;Porto Alegre;Sul;2021-11-21
761;Restaurante do Bairro 761;Alimentação;Pequena;Standard;GO;Anápolis;Centro-Oeste;2022-04-29
762;Loja Nova Era 762;Varejo;Média;Premium;PR;Londrina;Sul;2021-08-04
763;Center Popular 763;Serviços;MEI;Enterprise;MA;São Luís;Nordeste;2022-09-19
764;Oficina Vitória 764;Serviços;MEI;Standard;SP;Ribeirão Preto;Sudeste;2021-12-13
765;Casa Prime 765;Serviços;MEI;Standard;SP;Campinas;Sudeste;2021-03-07
766;Mercadinho Familia 766;Moda e Beleza;MEI;Standard;MG;Uberlândia;Sudeste;2021-02-26
767;Oficina Prime 767;Alimentação;Pequena;Standard;PE;Olinda;Nordeste;2024-02-12
768;Boutique Bom Preço 768;Varejo;Grande;Premium;SP;São Paulo;Sudeste;2023-02-22
769;Mercadinho Bella 769;Educação;MEI;Premium;DF;Brasília;Centro-Oeste;2021-12-27
770;Bar Prime 770;Varejo;MEI;Premium;CE;Fortaleza;Nordeste;2022-09-24
771;Salão Bom Preço 771;Serviços;MEI;Standard;CE;Fortaleza;Nordeste;2024-01-16
772;Ateliê Estrela 772;Alimentação;MEI;Standard;MG;Juiz de Fora;Sudeste;2024-09-14
773;Ateliê Real 773;Alimentação;Pequena;Premium;SC;Florianópolis;Sul;2021-08-31
774;Mercadinho Express 774;Alimentação;Pequena;Premium;SC;Blumenau;Sul;2024-07-28
775;Padaria Popular 775;Serviços;Pequena;Standard;SC;Florianópolis;Sul;2022-03-04
776;Clínica Nova Era 776;Alimentação;Pequena;Standard;SP;Ribeirão Preto;Sudeste;2023-11-10
777;Point Horizonte 777;Serviços;MEI;Premium;GO;Anápolis;Centro-Oeste;2021-11-20
778;Loja do Bairro 778;Alimentação;Média;Standard;PE;Recife;Nordeste;2023-10-01
779;Clínica Central 779;Varejo;Pequena;Premium;SC;Joinville;Sul;2021-02-11
780;Studio Bella 780;Moda e Beleza;Pequena;Standard;PR;Maringá;Sul;2023-03-05
781;Espaço Popular 781;Saúde;Grande;Enterprise;DF;Brasília;Centro-Oeste;2022-09-16
782;Bar Central 782;Serviços;MEI;Standard;PE;Olinda;Nordeste;2024-07-09
783;Padaria Central 783;Serviços;Média;Standard;PE;Recife;Nordeste;2023-04-14
784;Bar Horizonte 784;Alimentação;MEI;Standard;PR;Maringá;Sul;2022-06-17
785;Bar Popular 785;Alimentação;MEI;Standard;PB;João Pessoa;Nordeste;2021-02-06
786;Bar São José 786;Saúde;Pequena;Standard;SP;Ribeirão Preto;Sudeste;2022-10-25
787;Bar Bom Preço 787;Varejo;MEI;Premium;SC;Florianópolis;Sul;2023-10-22
788;Casa Nova Era 788;Varejo;MEI;Standard;GO;Anápolis;Centro-Oeste;2023-02-01
789;Casa Estrela 789;Outros;MEI;Premium;PR;Londrina;Sul;2022-10-05
790;Loja Bella 790;Alimentação;MEI;Standard;SC;Florianópolis;Sul;2024-04-23
791;Clínica Estrela 791;Alimentação;Média;Standard;CE;Juazeiro do Norte;Nordeste;2022-08-22
792;Empório Vitória 792;Alimentação;Média;Standard;BA;Salvador;Nordeste;2022-12-21
793;Padaria Bella 793;Moda e Beleza;Média;Standard;PA;Belém;Norte;2023-03-03
794;Restaurante Popular 794;Saúde;MEI;Standard;RJ;Niterói;Sudeste;2024-03-17
795;Restaurante Real 795;Alimentação;MEI;Premium;ES;Vitória;Sudeste;2022-08-14
796;Bar Aurora 796;Varejo;Pequena;Premium;PE;Olinda;Nordeste;2021-12-26
797;Salão Central 797;Saúde;Média;Premium;MG;Uberlândia;Sudeste;2024-10-20
798;Espaço Bom Preço 798;Saúde;MEI;Premium;PR;Maringá;Sul;2022-07-01
799;Studio Popular 799;Moda e Beleza;MEI;Standard;RJ;Niterói;Sudeste;2022-10-28
800;Espaço Estrela 800;Moda e Beleza;Média;Standard;GO;Anápolis;Centro-Oeste;2024-10-27
801;Casa Horizonte 801;Varejo;MEI;Standard;RJ;Rio de Janeiro;Sudeste;2022-09-08
802;Ateliê Familia 802;Varejo;MEI;Standard;SP;São Paulo;Sudeste;2024-08-01
803;Salão Aurora 803;Serviços;MEI;Standard;SP;Ribeirão Preto;Sudeste;2021-01-22
804;Mercadinho Familia 804;Serviços;MEI;Standard;SC;Florianópolis;Sul;2024-05-30
805;Espaço Prime 805;Outros;Pequena;Standard;RJ;Niterói;Sudeste;2023-10-16
806;Studio Bella 806;Serviços;MEI;Premium;PB;João Pessoa;Nordeste;2022-09-23
807;Casa Express 807;Serviços;MEI;Standard;RS;Caxias do Sul;Sul;2023-11-21
808;Loja Central 808;Alimentação;Pequena;Standard;SC;Florianópolis;Sul;2024-09-12
809;Bar São José 809;Varejo;Pequena;Standard;MA;São Luís;Nordeste;2023-06-22
810;Mercadinho Estrela 810;Moda e Beleza;MEI;Standard;SP;São Paulo;Sudeste;2022-01-22
811;Salão Familia 811;Alimentação;MEI;Standard;PE;Recife;Nordeste;2022-08-25
812;Point Horizonte 812;Varejo;MEI;Standard;RJ;Rio de Janeiro;Sudeste;2024-04-16
813;Espaço do Bairro 813;Varejo;MEI;Standard;RJ;Rio de Janeiro;Sudeste;2023-08-02
814;Mercadinho Aurora 814;Varejo;Média;Premium;SP;Santos;Sudeste;2024-05-15
815;Oficina Express 815;Varejo;MEI;Standard;BA;Feira de Santana;Nordeste;2022-04-13
816;Espaço Bom Preço 816;Serviços;MEI;Standard;MG;Uberlândia;Sudeste;2021-06-29
817;Mercadinho Nova Era 817;Alimentação;Pequena;Premium;RJ;Duque de Caxias;Sudeste;2022-06-07
818;Boutique Bella 818;Varejo;MEI;Premium;SC;Joinville;Sul;2022-03-27
819;Restaurante do Bairro 819;Alimentação;MEI;Standard;SP;Campinas;Sudeste;2023-12-01
820;Empório Real 820;Outros;Pequena;Standard;RJ;Niterói;Sudeste;2021-05-13
821;Oficina Estrela 821;Serviços;MEI;Standard;SP;Ribeirão Preto;Sudeste;2021-11-29
822;Restaurante Popular 822;Alimentação;MEI;Standard;MG;Uberlândia;Sudeste;2023-11-18
823;Salão Popular 823;Moda e Beleza;MEI;Standard;MG;Uberlândia;Sudeste;2024-10-12
824;Mercadinho Aurora 824;Varejo;MEI;Standard;SP;Ribeirão Preto;Sudeste;2023-08-16
825;Ateliê Aurora 825;Saúde;Média;Premium;MG;Belo Horizonte;Sudeste;2024-09-01
826;Bar Vitória 826;Moda e Beleza;Pequena;Premium;PE;Recife;Nordeste;2024-10-20
827;Restaurante Nova Era 827;Educação;MEI;Standard;CE;Fortaleza;Nordeste;2023-03-04
828;Salão Express 828;Alimentação;Pequena;Premium;PB;João Pessoa;Nordeste;2022-12-22
829;Point Real 829;Varejo;Pequena;Premium;PA;Belém;Norte;2023-02-01
830;Bar Aurora 830;Serviços;MEI;Standard;MT;Cuiabá;Centro-Oeste;2024-08-02
831;Loja do Bairro 831;Varejo;Pequena;Premium;PA;Belém;Norte;2024-01-16
832;Empório Prime 832;Varejo;Média;Standard;SP;Campinas;Sudeste;2022-09-10
833;Empório Aurora 833;Saúde;MEI;Premium;SP;Ribeirão Preto;Sudeste;2023-12-04
834;Point Horizonte 834;Varejo;MEI;Standard;SP;São Paulo;Sudeste;2022-03-10
835;Padaria Express 835;Alimentação;MEI;Standard;PE;Recife;Nordeste;2022-01-31
836;Ateliê Vitória 836;Varejo;Grande;Standard;MS;Campo Grande;Centro-Oeste;2022-01-25
837;Point Vitória 837;Varejo;MEI;Premium;SP;São Paulo;Sudeste;2024-03-12
838;Studio Estrela 838;Serviços;Pequena;Premium;RJ;Rio de Janeiro;Sudeste;2022-12-19
839;Mercadinho Estrela 839;Serviços;Pequena;Premium;PA;Belém;Norte;2022-05-13
840;Salão Vitória 840;Varejo;Pequena;Enterprise;BA;Salvador;Nordeste;2022-11-19
841;Oficina Horizonte 841;Moda e Beleza;Média;Standard;SP;Campinas;Sudeste;2022-05-14
842;Salão Familia 842;Outros;MEI;Standard;MS;Campo Grande;Centro-Oeste;2023-01-05
843;Ateliê Prime 843;Varejo;MEI;Standard;BA;Feira de Santana;Nordeste;2024-03-02
844;Padaria Familia 844;Serviços;Pequena;Premium;SC;Joinville;Sul;2021-08-03
845;Padaria Horizonte 845;Varejo;MEI;Standard;MG;Belo Horizonte;Sudeste;2021-04-18
846;Point Real 846;Varejo;MEI;Standard;SP;Santos;Sudeste;2022-03-14
847;Restaurante Bella 847;Educação;Pequena;Standard;RS;Caxias do Sul;Sul;2024-03-21
848;Mercadinho Estrela 848;Varejo;MEI;Standard;SC;Blumenau;Sul;2021-07-12
849;Casa Prime 849;Varejo;Pequena;Premium;MG;Belo Horizonte;Sudeste;2023-06-05
850;Ateliê Popular 850;Serviços;MEI;Premium;RS;Caxias do Sul;Sul;2023-12-12
851;Oficina Express 851;Varejo;MEI;Premium;SC;Florianópolis;Sul;2023-06-09
852;Mercadinho Familia 852;Serviços;MEI;Standard;PR;Londrina;Sul;2023-05-24
853;Oficina Prime 853;Alimentação;Pequena;Standard;RJ;Duque de Caxias;Sudeste;2023-12-01
854;Padaria Familia 854;Serviços;Pequena;Standard;RJ;Niterói;Sudeste;2024-01-18
855;Clínica Popular 855;Outros;MEI;Premium;RS;Porto Alegre;Sul;2023-06-11
856;Padaria Popular 856;Alimentação;MEI;Standard;SP;Campinas;Sudeste;2023-09-14
857;Empório do Bairro 857;Alimentação;Pequena;Standard;MG;Juiz de Fora;Sudeste;2022-06-15
858;Loja Aurora 858;Saúde;MEI;Standard;MG;Belo Horizonte;Sudeste;2024-01-31
859;Casa Nova Era 859;Serviços;MEI;Enterprise;SP;São Paulo;Sudeste;2023-02-16
860;Mercadinho Central 860;Varejo;Pequena;Standard;SC;Florianópolis;Sul;2022-03-30
861;Espaço Bella 861;Varejo;MEI;Standard;MG;Juiz de Fora;Sudeste;2023-03-25
862;Bar Real 862;Varejo;Média;Standard;MG;Belo Horizonte;Sudeste;2024-10-29
863;Padaria Bom Preço 863;Saúde;Média;Premium;MG;Belo Horizonte;Sudeste;2024-05-14
864;Casa Bella 864;Varejo;Grande;Premium;PA;Belém;Norte;2022-10-11
865;Casa Bella 865;Varejo;MEI;Standard;MS;Campo Grande;Centro-Oeste;2022-11-08
866;Boutique do Bairro 866;Educação;Pequena;Standard;PR;Maringá;Sul;2022-12-23
867;Casa do Bairro 867;Varejo;MEI;Standard;MG;Uberlândia;Sudeste;2023-10-25
868;Center Central 868;Serviços;MEI;Standard;BA;Feira de Santana;Nordeste;2024-02-08
869;Espaço Express 869;Moda e Beleza;MEI;Premium;MA;São Luís;Nordeste;2021-08-09
870;Boutique Aurora 870;Moda e Beleza;MEI;Standard;PR;Curitiba;Sul;2022-12-17
871;Boutique Horizonte 871;Alimentação;MEI;Standard;RJ;Niterói;Sudeste;2023-12-18
872;Loja Real 872;Moda e Beleza;MEI;Premium;SP;Ribeirão Preto;Sudeste;2022-08-26
873;Bar São José 873;Serviços;MEI;Premium;SP;Ribeirão Preto;Sudeste;2021-05-19
874;Mercadinho Prime 874;Serviços;Pequena;Standard;MT;Cuiabá;Centro-Oeste;2021-07-14
875;Empório Central 875;Alimentação;MEI;Standard;SP;São Paulo;Sudeste;2022-02-10
876;Salão Nova Era 876;Varejo;MEI;Standard;PR;Londrina;Sul;2023-06-28
877;Empório Bom Preço 877;Serviços;MEI;Premium;SP;Ribeirão Preto;Sudeste;2022-03-27
878;Center Central 878;Moda e Beleza;MEI;Standard;SP;São Paulo;Sudeste;2021-10-21
879;Restaurante Bom Preço 879;Educação;Pequena;Standard;DF;Brasília;Centro-Oeste;2021-03-07
880;Studio Vitória 880;Educação;MEI;Standard;AM;Manaus;Norte;2023-04-11
881;Empório Express 881;Varejo;Pequena;Standard;RJ;Duque de Caxias;Sudeste;2024-07-27
882;Padaria Prime 882;Alimentação;MEI;Standard;SP;Campinas;Sudeste;2022-04-28
883;Loja Bom Preço 883;Outros;MEI;Standard;SP;São Paulo;Sudeste;2023-09-30
884;Empório Popular 884;Varejo;MEI;Standard;SP;Santos;Sudeste;2021-10-03
885;Casa Express 885;Serviços;MEI;Standard;PR;Londrina;Sul;2021-03-15
886;Salão Vitória 886;Alimentação;MEI;Standard;SP;Campinas;Sudeste;2023-03-25
887;Ateliê Popular 887;Outros;Grande;Enterprise;PR;Curitiba;Sul;2023-01-30
888;Salão Bom Preço 888;Alimentação;MEI;Standard;SP;Campinas;Sudeste;2022-08-15
889;Salão Horizonte 889;Alimentação;MEI;Standard;SP;Santos;Sudeste;2023-06-23
890;Espaço Horizonte 890;Moda e Beleza;MEI;Standard;MG;Juiz de Fora;Sudeste;2023-09-29
891;Clínica Bella 891;Alimentação;MEI;Standard;SP;São Paulo;Sudeste;2021-12-05
892;Restaurante Express 892;Varejo;Média;Standard;RJ;Rio de Janeiro;Sudeste;2023-05-07
893;Oficina São José 893;Serviços;MEI;Standard;SC;Florianópolis;Sul;2024-09-09
894;Oficina Bella 894;Varejo;MEI;Standard;BA;Feira de Santana;Nordeste;2021-05-03
895;Bar Familia 895;Moda e Beleza;Média;Standard;MT;Cuiabá;Centro-Oeste;2023-09-04
896;Clínica do Bairro 896;Educação;MEI;Standard;PR;Curitiba;Sul;2023-07-17
897;Restaurante Popular 897;Serviços;MEI;Standard;RS;Caxias do Sul;Sul;2023-07-08
898;Loja Horizonte 898;Alimentação;Pequena;Standard;PB;João Pessoa;Nordeste;2022-03-15
899;Mercadinho Estrela 899;Varejo;Média;Standard;PE;Olinda;Nordeste;2023-01-02
900;Loja Prime 900;Varejo;MEI;Premium;SP;São Paulo;Sudeste;2021-12-30
901;Salão Estrela 901;Serviços;MEI;Standard;DF;Brasília;Centro-Oeste;2023-07-05
902;Salão Real 902;Alimentação;Média;Standard;PB;João Pessoa;Nordeste;2024-03-04
903;Studio Central 903;Outros;Pequena;Standard;CE;Juazeiro do Norte;Nordeste;2022-09-21
904;Ateliê Familia 904;Moda e Beleza;MEI;Standard;SP;São Paulo;Sudeste;2023-04-01
905;Boutique Central 905;Varejo;MEI;Standard;MT;Cuiabá;Centro-Oeste;2023-04-23
906;Loja Popular 906;Varejo;MEI;Standard;SP;Campinas;Sudeste;2022-08-11
907;Bar do Bairro 907;Varejo;MEI;Standard;SC;Joinville;Sul;2022-04-14
908;Studio Bella 908;Alimentação;MEI;Premium;BA;Feira de Santana;Nordeste;2022-01-19
909;Clínica do Bairro 909;Serviços;MEI;Standard;PR;Curitiba;Sul;2022-10-30
910;Oficina Aurora 910;Moda e Beleza;MEI;Standard;PE;Recife;Nordeste;2021-05-22
911;Casa Prime 911;Serviços;Pequena;Standard;RJ;Niterói;Sudeste;2022-12-19
912;Salão Horizonte 912;Serviços;MEI;Standard;RJ;Niterói;Sudeste;2024-06-20
913;Mercadinho São José 913;Varejo;Pequena;Premium;MT;Cuiabá;Centro-Oeste;2023-04-05
914;Center Bom Preço 914;Alimentação;Pequena;Premium;PR;Maringá;Sul;2024-07-04
915;Center Popular 915;Saúde;MEI;Standard;PR;Londrina;Sul;2022-05-11
916;Ateliê Prime 916;Alimentação;Média;Premium;RJ;Niterói;Sudeste;2024-04-25
917;Espaço Central 917;Alimentação;Grande;Standard;GO;Anápolis;Centro-Oeste;2021-02-27
918;Restaurante Prime 918;Moda e Beleza;Média;Premium;PR;Curitiba;Sul;2022-12-27
919;Ateliê Familia 919;Alimentação;MEI;Standard;RS;Caxias do Sul;Sul;2022-04-27
920;Clínica Prime 920;Moda e Beleza;Pequena;Premium;PR;Curitiba;Sul;2021-01-29
921;Padaria São José 921;Serviços;MEI;Standard;MG;Belo Horizonte;Sudeste;2022-12-17
922;Bar Central 922;Varejo;Pequena;Standard;SP;Campinas;Sudeste;2022-10-26
923;Ateliê Bella 923;Varejo;MEI;Standard;MG;Belo Horizonte;Sudeste;2022-10-22
924;Oficina Aurora 924;Varejo;Média;Standard;SC;Joinville;Sul;2022-10-26
925;Oficina Familia 925;Varejo;MEI;Standard;ES;Vila Velha;Sudeste;2023-01-07
926;Restaurante Aurora 926;Serviços;MEI;Standard;MG;Uberlândia;Sudeste;2024-04-18
927;Espaço Prime 927;Serviços;MEI;Enterprise;MG;Juiz de Fora;Sudeste;2021-10-08
928;Point Familia 928;Alimentação;Pequena;Standard;RO;Porto Velho;Norte;2023-09-16
929;Center Nova Era 929;Outros;Pequena;Premium;RS;Caxias do Sul;Sul;2021-09-14
930;Ateliê Estrela 930;Serviços;MEI;Premium;SP;Santos;Sudeste;2023-10-13
931;Mercadinho Real 931;Varejo;MEI;Standard;CE;Juazeiro do Norte;Nordeste;2024-08-18
932;Boutique Aurora 932;Saúde;MEI;Premium;SP;Ribeirão Preto;Sudeste;2022-11-22
933;Clínica Central 933;Alimentação;MEI;Premium;RJ;Niterói;Sudeste;2023-07-30
934;Center Bom Preço 934;Varejo;Pequena;Standard;SP;Campinas;Sudeste;2021-09-02
935;Bar Estrela 935;Saúde;Pequena;Standard;RS;Porto Alegre;Sul;2023-08-11
936;Bar Horizonte 936;Varejo;Pequena;Standard;ES;Vitória;Sudeste;2021-03-28
937;Loja Aurora 937;Varejo;MEI;Standard;ES;Vila Velha;Sudeste;2021-04-26
938;Padaria Popular 938;Outros;Pequena;Standard;SP;Ribeirão Preto;Sudeste;2023-08-08
939;Mercadinho Prime 939;Alimentação;MEI;Standard;SP;Santos;Sudeste;2023-03-04
940;Espaço Estrela 940;Varejo;MEI;Standard;SC;Blumenau;Sul;2024-05-05
941;Salão Central 941;Varejo;Pequena;Premium;PA;Belém;Norte;2023-09-17
942;Padaria São José 942;Alimentação;Média;Standard;SP;Ribeirão Preto;Sudeste;2021-04-04
943;Restaurante do Bairro 943;Moda e Beleza;Pequena;Standard;RS;Caxias do Sul;Sul;2022-10-08
944;Clínica Estrela 944;Varejo;Média;Standard;BA;Salvador;Nordeste;2022-12-13
945;Studio Horizonte 945;Moda e Beleza;MEI;Standard;SP;São Paulo;Sudeste;2021-08-02
946;Clínica Popular 946;Moda e Beleza;MEI;Standard;PR;Curitiba;Sul;2021-09-19
947;Salão Horizonte 947;Outros;MEI;Enterprise;ES;Vitória;Sudeste;2023-10-17
948;Restaurante Central 948;Moda e Beleza;Pequena;Standard;RJ;Niterói;Sudeste;2024-05-26
949;Studio Prime 949;Moda e Beleza;Pequena;Premium;MG;Belo Horizonte;Sudeste;2022-12-11
950;Mercadinho Familia 950;Moda e Beleza;Média;Standard;PR;Curitiba;Sul;2024-10-28
951;Salão Familia 951;Alimentação;Média;Standard;SP;Santos;Sudeste;2023-04-02
952;Clínica Bella 952;Alimentação;Pequena;Standard;SP;Campinas;Sudeste;2023-09-07
953;Studio Prime 953;Varejo;Média;Standard;MT;Cuiabá;Centro-Oeste;2023-03-21
954;Loja Central 954;Varejo;MEI;Standard;RS;Caxias do Sul;Sul;2024-10-22
955;Espaço Real 955;Moda e Beleza;MEI;Standard;SC;Blumenau;Sul;2021-09-02
956;Oficina Familia 956;Serviços;MEI;Premium;PR;Londrina;Sul;2023-04-05
957;Padaria Real 957;Alimentação;MEI;Standard;RO;Porto Velho;Norte;2022-07-02
958;Studio Familia 958;Educação;Pequena;Standard;RJ;Niterói;Sudeste;2023-02-14
959;Oficina Central 959;Varejo;Pequena;Standard;CE;Juazeiro do Norte;Nordeste;2022-09-14
960;Empório Horizonte 960;Moda e Beleza;Média;Standard;DF;Brasília;Centro-Oeste;2023-05-17
961;Casa Aurora 961;Serviços;Pequena;Standard;MA;São Luís;Nordeste;2024-02-18
962;Studio Bom Preço 962;Varejo;Pequena;Premium;SC;Joinville;Sul;2021-10-09
963;Mercadinho do Bairro 963;Varejo;Média;Standard;MS;Campo Grande;Centro-Oeste;2024-05-09
964;Center Real 964;Varejo;MEI;Standard;PB;João Pessoa;Nordeste;2022-10-26
965;Restaurante Familia 965;Moda e Beleza;MEI;Standard;PR;Maringá;Sul;2023-08-13
966;Salão Bom Preço 966;Saúde;Média;Premium;SP;Campinas;Sudeste;2023-03-07
967;Center Bom Preço 967;Alimentação;Pequena;Standard;GO;Goiânia;Centro-Oeste;2024-10-30
968;Salão Bella 968;Varejo;Média;Standard;RS;Caxias do Sul;Sul;2021-04-06
969;Bar São José 969;Alimentação;MEI;Premium;DF;Brasília;Centro-Oeste;2023-09-21
970;Salão Bella 970;Serviços;Grande;Premium;PR;Londrina;Sul;2021-12-06
971;Point Prime 971;Alimentação;Pequena;Standard;SP;Campinas;Sudeste;2023-09-29
972;Loja São José 972;Varejo;MEI;Standard;RJ;Duque de Caxias;Sudeste;2022-08-28
973;Center Real 973;Varejo;Pequena;Standard;SC;Florianópolis;Sul;2023-10-13
974;Point Familia 974;Serviços;MEI;Standard;SP;Santos;Sudeste;2024-06-07
975;Boutique Bom Preço 975;Moda e Beleza;Média;Standard;PR;Curitiba;Sul;2022-12-22
976;Oficina São José 976;Serviços;MEI;Premium;BA;Feira de Santana;Nordeste;2021-08-04
977;Salão São José 977;Serviços;MEI;Standard;PR;Londrina;Sul;2023-05-07
978;Clínica Real 978;Varejo;Pequena;Premium;PE;Recife;Nordeste;2021-09-10
979;Center Aurora 979;Varejo;MEI;Standard;PE;Olinda;Nordeste;2024-06-20
980;Loja Bom Preço 980;Alimentação;Média;Standard;MS;Campo Grande;Centro-Oeste;2023-04-14
981;Oficina Central 981;Varejo;Pequena;Standard;MG;Belo Horizonte;Sudeste;2023-05-28
982;Ateliê Central 982;Serviços;MEI;Standard;CE;Fortaleza;Nordeste;2021-12-26
983;Clínica Estrela 983;Alimentação;MEI;Standard;PR;Curitiba;Sul;2021-12-02
984;Salão Nova Era 984;Alimentação;MEI;Standard;SC;Florianópolis;Sul;2021-11-16
985;Salão Nova Era 985;Varejo;MEI;Premium;SP;Campinas;Sudeste;2024-01-26
986;Padaria Bom Preço 986;Serviços;MEI;Premium;MG;Belo Horizonte;Sudeste;2024-03-09
987;Center Familia 987;Alimentação;MEI;Standard;SP;Campinas;Sudeste;2022-01-21
988;Espaço Popular 988;Educação;MEI;Standard;GO;Anápolis;Centro-Oeste;2022-03-17
989;Bar São José 989;Alimentação;MEI;Standard;MG;Uberlândia;Sudeste;2021-07-03
990;Clínica Bella 990;Serviços;Pequena;Standard;PA;Belém;Norte;2024-03-24
991;Espaço Express 991;Varejo;Pequena;Standard;RJ;Niterói;Sudeste;2023-09-13
992;Padaria Nova Era 992;Alimentação;MEI;Enterprise;MG;Uberlândia;Sudeste;2024-02-28
993;Restaurante Estrela 993;Varejo;MEI;Standard;SP;Ribeirão Preto;Sudeste;2024-10-29
994;Padaria Popular 994;Educação;MEI;Standard;SP;Ribeirão Preto;Sudeste;2024-10-19
995;Casa Horizonte 995;Alimentação;Pequena;Standard;SP;São Paulo;Sudeste;2024-06-11
996;Ateliê Bella 996;Outros;MEI;Standard;MA;São Luís;Nordeste;2021-11-29
997;Mercadinho do Bairro 997;Varejo;Média;Standard;CE;Juazeiro do Norte;Nordeste;2022-04-03
998;Center Horizonte 998;Alimentação;MEI;Standard;SP;Santos;Sudeste;2023-12-22
999;Padaria do Bairro 999;Outros;MEI;Standard;PB;João Pessoa;Nordeste;2021-01-23
1000;Studio São José 1000;Alimentação;Média;Premium;PR;Maringá;Sul;2022-05-16
1001;Boutique Horizonte 1001;Alimentação;Pequena;Standard;SP;São Paulo;Sudeste;2021-01-12
1002;Clínica do Bairro 1002;Alimentação;MEI;Premium;MG;Juiz de Fora;Sudeste;2021-07-02
1003;Bar do Bairro 1003;Serviços;MEI;Premium;RJ;Rio de Janeiro;Sudeste;2024-09-25
1004;Restaurante Central 1004;Alimentação;MEI;Standard;SP;Campinas;Sudeste;2021-06-20
1005;Ateliê Aurora 1005;Varejo;MEI;Standard;PE;Recife;Nordeste;2024-09-03
1006;Bar Prime 1006;Saúde;MEI;Premium;PB;João Pessoa;Nordeste;2023-12-18
1007;Loja Familia 1007;Varejo;MEI;Premium;BA;Feira de Santana;Nordeste;2023-06-14
1008;Mercadinho Express 1008;Alimentação;MEI;Standard;RS;Porto Alegre;Sul;2022-03-20
1009;Restaurante Popular 1009;Moda e Beleza;MEI;Standard;RS;Caxias do Sul;Sul;2024-07-12
1010;Point Aurora 1010;Outros;MEI;Standard;SP;Campinas;Sudeste;2021-03-10
1011;Empório São José 1011;Outros;MEI;Premium;RJ;Rio de Janeiro;Sudeste;2022-10-08
1012;Boutique São José 1012;Serviços;MEI;Standard;SP;Santos;Sudeste;2022-02-01
1013;Oficina Estrela 1013;Saúde;Pequena;Premium;SP;Campinas;Sudeste;2022-07-10
1014;Ateliê São José 1014;Outros;MEI;Standard;BA;Feira de Santana;Nordeste;2021-02-04
1015;Studio Popular 1015;Varejo;Pequena;Premium;MA;São Luís;Nordeste;2021-10-24
1016;Empório Prime 1016;Serviços;MEI;Premium;SC;Joinville;Sul;2021-02-21
1017;Espaço Express 1017;Alimentação;Pequena;Standard;SP;Campinas;Sudeste;2022-03-07
1018;Oficina Aurora 1018;Alimentação;MEI;Standard;SP;Campinas;Sudeste;2024-02-24
1019;Salão Familia 1019;Moda e Beleza;Grande;Standard;CE;Fortaleza;Nordeste;2023-01-29
1020;Boutique Bom Preço 1020;Educação;Pequena;Premium;PR;Curitiba;Sul;2023-12-12
1021;Salão Familia 1021;Alimentação;Pequena;Standard;SP;Ribeirão Preto;Sudeste;2022-07-19
1022;Loja Nova Era 1022;Alimentação;MEI;Standard;PA;Belém;Norte;2021-10-23
1023;Boutique Estrela 1023;Serviços;Média;Enterprise;MG;Juiz de Fora;Sudeste;2022-05-29
1024;Bar Familia 1024;Alimentação;Média;Standard;BA;Feira de Santana;Nordeste;2023-07-01
1025;Casa Aurora 1025;Outros;Média;Standard;SP;Santos;Sudeste;2021-04-13
1026;Loja Estrela 1026;Alimentação;MEI;Standard;PR;Maringá;Sul;2023-08-03
1027;Clínica Aurora 1027;Alimentação;MEI;Standard;SC;Joinville;Sul;2023-06-26
1028;Salão Express 1028;Moda e Beleza;MEI;Standard;RS;Porto Alegre;Sul;2024-08-06
1029;Point Familia 1029;Alimentação;MEI;Standard;PB;João Pessoa;Nordeste;2022-05-27
1030;Oficina Aurora 1030;Alimentação;MEI;Standard;ES;Vila Velha;Sudeste;2022-01-17
1031;Oficina do Bairro 1031;Alimentação;Pequena;Standard;SP;Santos;Sudeste;2024-10-02
1032;Padaria Horizonte 1032;Varejo;MEI;Standard;SP;Campinas;Sudeste;2021-11-06
1033;Empório Bella 1033;Outros;Média;Standard;RJ;Niterói;Sudeste;2023-11-17
1034;Bar Bella 1034;Moda e Beleza;Pequena;Standard;ES;Vitória;Sudeste;2022-03-10
1035;Center Familia 1035;Alimentação;Média;Premium;SP;São Paulo;Sudeste;2021-06-05
1036;Casa Nova Era 1036;Varejo;Pequena;Premium;SC;Joinville;Sul;2021-05-31
1037;Espaço Vitória 1037;Varejo;MEI;Standard;ES;Vitória;Sudeste;2023-06-17
1038;Ateliê Popular 1038;Moda e Beleza;MEI;Standard;RJ;Duque de Caxias;Sudeste;2024-02-09
1039;Loja Bom Preço 1039;Varejo;MEI;Standard;RJ;Niterói;Sudeste;2023-08-07
1040;Boutique Central 1040;Varejo;MEI;Premium;SP;Santos;Sudeste;2021-07-19
1041;Center Bella 1041;Varejo;Pequena;Premium;DF;Brasília;Centro-Oeste;2023-12-20
1042;Ateliê Estrela 1042;Alimentação;MEI;Premium;RJ;Niterói;Sudeste;2024-10-26
1043;Restaurante Bom Preço 1043;Alimentação;MEI;Premium;BA;Salvador;Nordeste;2024-01-17
1044;Studio Bella 1044;Serviços;MEI;Standard;MG;Belo Horizonte;Sudeste;2024-04-10
1045;Padaria Central 1045;Saúde;Grande;Standard;PR;Curitiba;Sul;2023-12-05
1046;Mercadinho do Bairro 1046;Varejo;MEI;Standard;MG;Belo Horizonte;Sudeste;2022-04-24
1047;Bar Bella 1047;Varejo;MEI;Premium;MG;Juiz de Fora;Sudeste;2022-10-09
1048;Oficina Aurora 1048;Educação;MEI;Standard;RS;Porto Alegre;Sul;2021-12-11
1049;Restaurante Estrela 1049;Serviços;MEI;Standard;RJ;Rio de Janeiro;Sudeste;2022-08-09
1050;Padaria Central 1050;Varejo;Pequena;Standard;PR;Curitiba;Sul;2022-09-18
1051;Salão Central 1051;Moda e Beleza;MEI;Standard;RJ;Rio de Janeiro;Sudeste;2023-12-19
1052;Studio Central 1052;Educação;MEI;Standard;RJ;Duque de Caxias;Sudeste;2022-07-28
1053;Clínica Vitória 1053;Saúde;Pequena;Standard;MT;Cuiabá;Centro-Oeste;2022-05-01
1054;Espaço Nova Era 1054;Varejo;MEI;Premium;RS;Caxias do Sul;Sul;2021-07-03
1055;Espaço Central 1055;Varejo;MEI;Standard;RJ;Rio de Janeiro;Sudeste;2023-03-26
1056;Center Familia 1056;Varejo;MEI;Standard;GO;Goiânia;Centro-Oeste;2023-05-14
1057;Point Bom Preço 1057;Alimentação;Média;Standard;MG;Uberlândia;Sudeste;2022-10-26
1058;Restaurante São José 1058;Varejo;Média;Standard;AM;Manaus;Norte;2022-08-04
1059;Bar Aurora 1059;Educação;MEI;Standard;PR;Maringá;Sul;2023-08-05
1060;Loja Vitória 1060;Serviços;MEI;Premium;RS;Porto Alegre;Sul;2022-01-17
1061;Espaço Horizonte 1061;Alimentação;MEI;Standard;RS;Porto Alegre;Sul;2024-08-21
1062;Salão Real 1062;Alimentação;MEI;Standard;SP;São Paulo;Sudeste;2021-01-09
1063;Oficina Horizonte 1063;Alimentação;Grande;Premium;RS;Caxias do Sul;Sul;2021-11-04
1064;Mercadinho Prime 1064;Moda e Beleza;MEI;Premium;PA;Belém;Norte;2023-03-30
1065;Mercadinho do Bairro 1065;Serviços;MEI;Standard;SP;São Paulo;Sudeste;2023-11-22
1066;Casa Aurora 1066;Alimentação;MEI;Standard;DF;Brasília;Centro-Oeste;2022-01-19
1067;Ateliê Express 1067;Moda e Beleza;Pequena;Standard;PR;Maringá;Sul;2021-08-09
1068;Salão Prime 1068;Alimentação;Pequena;Premium;SP;Campinas;Sudeste;2021-10-20
1069;Empório Horizonte 1069;Serviços;MEI;Standard;MG;Juiz de Fora;Sudeste;2021-09-08
1070;Padaria Nova Era 1070;Alimentação;Média;Standard;BA;Salvador;Nordeste;2022-12-25
1071;Mercadinho Familia 1071;Varejo;MEI;Standard;SP;São Paulo;Sudeste;2024-06-17
1072;Casa Real 1072;Varejo;Pequena;Premium;BA;Salvador;Nordeste;2023-02-12
1073;Espaço Nova Era 1073;Alimentação;MEI;Standard;MG;Uberlândia;Sudeste;2024-03-23
1074;Clínica do Bairro 1074;Serviços;MEI;Standard;MT;Cuiabá;Centro-Oeste;2024-01-06
1075;Padaria Horizonte 1075;Alimentação;Pequena;Standard;PE;Recife;Nordeste;2022-07-18
1076;Casa São José 1076;Varejo;Média;Standard;SP;São Paulo;Sudeste;2021-01-16
1077;Casa Prime 1077;Alimentação;MEI;Standard;RJ;Rio de Janeiro;Sudeste;2023-04-08
1078;Empório Vitória 1078;Varejo;Pequena;Standard;RS;Porto Alegre;Sul;2021-07-12
1079;Salão do Bairro 1079;Moda e Beleza;MEI;Standard;BA;Salvador;Nordeste;2021-07-01
1080;Restaurante Nova Era 1080;Serviços;MEI;Standard;ES;Vila Velha;Sudeste;2024-08-21
1081;Salão Central 1081;Moda e Beleza;MEI;Premium;PR;Maringá;Sul;2024-04-17
1082;Boutique Central 1082;Alimentação;MEI;Standard;SP;Campinas;Sudeste;2023-07-16
1083;Loja do Bairro 1083;Alimentação;MEI;Standard;RS;Caxias do Sul;Sul;2021-12-07
1084;Espaço do Bairro 1084;Serviços;MEI;Standard;PR;Curitiba;Sul;2023-03-29
1085;Salão São José 1085;Alimentação;MEI;Standard;MG;Uberlândia;Sudeste;2023-11-30
1086;Loja Prime 1086;Moda e Beleza;Pequena;Standard;RJ;Duque de Caxias;Sudeste;2023-04-24
1087;Mercadinho Bella 1087;Alimentação;Grande;Standard;BA;Feira de Santana;Nordeste;2024-10-19
1088;Loja Vitória 1088;Varejo;Pequena;Standard;MG;Belo Horizonte;Sudeste;2022-01-28
1089;Studio Familia 1089;Alimentação;Média;Premium;SP;Ribeirão Preto;Sudeste;2023-09-24
1090;Empório Prime 1090;Varejo;Média;Premium;RJ;Duque de Caxias;Sudeste;2022-11-29
1091;Center Central 1091;Moda e Beleza;MEI;Standard;SC;Blumenau;Sul;2022-09-30
1092;Espaço Estrela 1092;Alimentação;MEI;Enterprise;SP;São Paulo;Sudeste;2021-10-31
1093;Center Familia 1093;Moda e Beleza;Pequena;Standard;RJ;Rio de Janeiro;Sudeste;2023-04-01
1094;Boutique Popular 1094;Alimentação;MEI;Standard;MG;Uberlândia;Sudeste;2024-07-11
1095;Espaço Estrela 1095;Alimentação;MEI;Standard;GO;Anápolis;Centro-Oeste;2023-07-08
1096;Studio Horizonte 1096;Alimentação;Pequena;Standard;BA;Feira de Santana;Nordeste;2022-11-10
1097;Oficina Horizonte 1097;Varejo;Pequena;Standard;CE;Fortaleza;Nordeste;2023-12-29
1098;Boutique do Bairro 1098;Serviços;MEI;Premium;BA;Feira de Santana;Nordeste;2022-05-24
1099;Boutique Estrela 1099;Serviços;Grande;Standard;SP;São Paulo;Sudeste;2023-02-15
1100;Loja Familia 1100;Moda e Beleza;Pequena;Standard;SC;Blumenau;Sul;2024-01-26
1101;Clínica Bella 1101;Saúde;MEI;Enterprise;SP;Ribeirão Preto;Sudeste;2023-05-26
1102;Center Real 1102;Moda e Beleza;MEI;Standard;SP;Ribeirão Preto;Sudeste;2021-11-15
1103;Boutique Horizonte 1103;Varejo;MEI;Standard;BA;Salvador;Nordeste;2023-03-10
1104;Studio Express 1104;Varejo;MEI;Standard;SP;São Paulo;Sudeste;2021-12-07
1105;Empório Aurora 1105;Serviços;Pequena;Standard;SP;São Paulo;Sudeste;2021-08-25
1106;Mercadinho Bella 1106;Serviços;MEI;Standard;GO;Goiânia;Centro-Oeste;2022-03-20
1107;Clínica Nova Era 1107;Moda e Beleza;Média;Premium;SP;Ribeirão Preto;Sudeste;2023-12-11
1108;Center Vitória 1108;Varejo;MEI;Standard;RJ;Rio de Janeiro;Sudeste;2021-11-10
1109;Restaurante Express 1109;Varejo;Média;Standard;RS;Porto Alegre;Sul;2022-09-28
1110;Mercadinho Nova Era 1110;Saúde;MEI;Standard;GO;Anápolis;Centro-Oeste;2021-01-10
1111;Boutique Aurora 1111;Varejo;MEI;Standard;SP;Santos;Sudeste;2023-03-03
1112;Clínica Central 1112;Serviços;Pequena;Standard;SP;São Paulo;Sudeste;2023-05-11
1113;Center Express 1113;Alimentação;Pequena;Standard;SP;São Paulo;Sudeste;2024-03-22
1114;Empório Nova Era 1114;Varejo;MEI;Standard;MG;Juiz de Fora;Sudeste;2023-09-09
1115;Bar Aurora 1115;Varejo;MEI;Standard;BA;Salvador;Nordeste;2024-01-03
1116;Ateliê Real 1116;Alimentação;Média;Premium;SC;Joinville;Sul;2022-11-12
1117;Bar Bella 1117;Serviços;Pequena;Standard;GO;Goiânia;Centro-Oeste;2024-01-09
1118;Point Prime 1118;Serviços;MEI;Standard;RJ;Niterói;Sudeste;2022-09-01
1119;Mercadinho Familia 1119;Varejo;MEI;Standard;GO;Anápolis;Centro-Oeste;2021-11-27
1120;Padaria Horizonte 1120;Varejo;Média;Premium;MT;Cuiabá;Centro-Oeste;2021-10-05
1121;Mercadinho Popular 1121;Varejo;MEI;Standard;SP;Campinas;Sudeste;2022-08-12
1122;Restaurante Bella 1122;Varejo;Pequena;Standard;RO;Porto Velho;Norte;2021-12-10
1123;Clínica Bom Preço 1123;Varejo;MEI;Standard;AM;Manaus;Norte;2023-12-16
1124;Oficina Bella 1124;Varejo;MEI;Standard;MA;São Luís;Nordeste;2021-06-18
1125;Salão Aurora 1125;Varejo;MEI;Standard;SC;Blumenau;Sul;2024-06-22
1126;Studio Express 1126;Educação;MEI;Standard;SP;Santos;Sudeste;2022-02-27
1127;Mercadinho Nova Era 1127;Varejo;MEI;Standard;MG;Juiz de Fora;Sudeste;2022-08-01
1128;Empório Popular 1128;Alimentação;Grande;Standard;ES;Vila Velha;Sudeste;2022-04-26
1129;Boutique Central 1129;Varejo;MEI;Premium;PR;Maringá;Sul;2024-03-23
1130;Mercadinho Vitória 1130;Alimentação;MEI;Premium;SC;Florianópolis;Sul;2021-09-02
1131;Restaurante Estrela 1131;Moda e Beleza;MEI;Premium;MG;Juiz de Fora;Sudeste;2024-03-07
1132;Bar Estrela 1132;Saúde;MEI;Standard;MG;Uberlândia;Sudeste;2022-02-11
1133;Studio do Bairro 1133;Serviços;Pequena;Standard;RO;Porto Velho;Norte;2023-04-29
1134;Salão Central 1134;Serviços;MEI;Standard;GO;Goiânia;Centro-Oeste;2024-03-04
1135;Restaurante Bom Preço 1135;Moda e Beleza;MEI;Standard;RS;Porto Alegre;Sul;2024-02-25
1136;Mercadinho Prime 1136;Moda e Beleza;MEI;Standard;PR;Curitiba;Sul;2022-02-08
1137;Oficina Vitória 1137;Educação;MEI;Premium;PE;Olinda;Nordeste;2021-09-09
1138;Oficina Real 1138;Varejo;MEI;Standard;PE;Olinda;Nordeste;2023-04-22
1139;Boutique Express 1139;Alimentação;MEI;Standard;RJ;Niterói;Sudeste;2023-03-27
1140;Point Popular 1140;Varejo;Média;Enterprise;MG;Belo Horizonte;Sudeste;2021-02-28
1141;Studio Popular 1141;Varejo;MEI;Standard;RJ;Duque de Caxias;Sudeste;2022-05-19
1142;Center Familia 1142;Varejo;MEI;Standard;PR;Curitiba;Sul;2024-05-08
1143;Oficina Nova Era 1143;Serviços;MEI;Standard;PB;João Pessoa;Nordeste;2023-11-09
1144;Clínica Horizonte 1144;Moda e Beleza;Média;Standard;RJ;Rio de Janeiro;Sudeste;2024-07-24
1145;Bar Prime 1145;Varejo;Pequena;Standard;MT;Cuiabá;Centro-Oeste;2024-10-06
1146;Boutique Aurora 1146;Varejo;MEI;Standard;SP;Ribeirão Preto;Sudeste;2022-10-26
1147;Loja Popular 1147;Alimentação;MEI;Enterprise;SC;Florianópolis;Sul;2022-11-11
1148;Empório Express 1148;Alimentação;Pequena;Premium;SP;Santos;Sudeste;2024-08-07
1149;Espaço Central 1149;Saúde;MEI;Standard;MG;Uberlândia;Sudeste;2023-06-16
1150;Clínica Nova Era 1150;Moda e Beleza;MEI;Standard;RS;Porto Alegre;Sul;2023-09-30
1151;Ateliê Prime 1151;Varejo;MEI;Standard;SP;São Paulo;Sudeste;2024-09-21
1152;Casa Nova Era 1152;Alimentação;MEI;Standard;RS;Porto Alegre;Sul;2023-01-10
1153;Mercadinho Central 1153;Moda e Beleza;MEI;Standard;SP;Ribeirão Preto;Sudeste;2022-09-24
1154;Studio Horizonte 1154;Serviços;Pequena;Standard;SC;Joinville;Sul;2024-06-05
1155;Studio Bella 1155;Moda e Beleza;Grande;Standard;BA;Salvador;Nordeste;2022-01-11
1156;Mercadinho Popular 1156;Serviços;MEI;Standard;PE;Recife;Nordeste;2022-04-27
1157;Salão Real 1157;Alimentação;MEI;Standard;SP;Campinas;Sudeste;2024-10-07
1158;Boutique Vitória 1158;Varejo;MEI;Standard;MS;Campo Grande;Centro-Oeste;2021-03-14
1159;Casa Central 1159;Outros;Média;Standard;SP;São Paulo;Sudeste;2023-03-19
1160;Bar Horizonte 1160;Varejo;MEI;Standard;MG;Belo Horizonte;Sudeste;2022-09-20
1161;Loja Vitória 1161;Serviços;MEI;Standard;SP;Campinas;Sudeste;2022-08-23
1162;Studio Bella 1162;Varejo;MEI;Standard;MG;Uberlândia;Sudeste;2022-11-04
1163;Empório Popular 1163;Moda e Beleza;Média;Standard;SP;Ribeirão Preto;Sudeste;2022-04-04
1164;Salão Familia 1164;Serviços;MEI;Standard;BA;Feira de Santana;Nordeste;2022-07-21
1165;Salão Bom Preço 1165;Serviços;MEI;Standard;MG;Belo Horizonte;Sudeste;2021-06-03
1166;Center Real 1166;Alimentação;Pequena;Standard;RJ;Niterói;Sudeste;2022-03-05
1167;Center Prime 1167;Varejo;Pequena;Standard;SP;Campinas;Sudeste;2023-07-06
1168;Bar Vitória 1168;Moda e Beleza;Pequena;Premium;RJ;Niterói;Sudeste;2021-03-28
1169;Empório São José 1169;Alimentação;MEI;Standard;SC;Florianópolis;Sul;2024-10-17
1170;Mercadinho Bom Preço 1170;Varejo;Média;Standard;SC;Blumenau;Sul;2023-06-30
1171;Padaria Nova Era 1171;Alimentação;Média;Premium;SP;Santos;Sudeste;2021-07-16
1172;Empório Central 1172;Moda e Beleza;Pequena;Premium;DF;Brasília;Centro-Oeste;2022-11-18
1173;Salão Popular 1173;Saúde;MEI;Premium;MG;Uberlândia;Sudeste;2023-11-05
1174;Point Bom Preço 1174;Outros;MEI;Enterprise;BA;Feira de Santana;Nordeste;2021-09-06
1175;Mercadinho Bom Preço 1175;Varejo;MEI;Premium;MG;Juiz de Fora;Sudeste;2023-04-30
1176;Casa Nova Era 1176;Serviços;MEI;Standard;RJ;Duque de Caxias;Sudeste;2023-02-16
1177;Padaria do Bairro 1177;Serviços;Pequena;Standard;GO;Anápolis;Centro-Oeste;2022-01-30
1178;Clínica Vitória 1178;Varejo;MEI;Standard;SP;Ribeirão Preto;Sudeste;2024-10-18
1179;Salão Prime 1179;Saúde;MEI;Standard;RS;Caxias do Sul;Sul;2022-05-19
1180;Casa Real 1180;Alimentação;MEI;Standard;RO;Porto Velho;Norte;2023-06-04
1181;Mercadinho Bella 1181;Varejo;MEI;Standard;MG;Juiz de Fora;Sudeste;2023-08-29
1182;Empório Horizonte 1182;Varejo;Média;Standard;MG;Uberlândia;Sudeste;2022-04-28
1183;Clínica Horizonte 1183;Varejo;Pequena;Premium;RJ;Niterói;Sudeste;2022-05-06
1184;Center Central 1184;Varejo;Pequena;Premium;SP;Campinas;Sudeste;2021-02-27
1185;Mercadinho Prime 1185;Alimentação;Pequena;Premium;MG;Belo Horizonte;Sudeste;2022-01-31
1186;Mercadinho São José 1186;Alimentação;Pequena;Standard;SP;São Paulo;Sudeste;2021-12-12
1187;Clínica Vitória 1187;Moda e Beleza;MEI;Standard;RS;Caxias do Sul;Sul;2023-09-03
1188;Center Express 1188;Serviços;MEI;Standard;GO;Goiânia;Centro-Oeste;2021-03-01
1189;Clínica Vitória 1189;Saúde;Pequena;Standard;BA;Feira de Santana;Nordeste;2022-10-29
1190;Clínica São José 1190;Serviços;Pequena;Premium;PE;Recife;Nordeste;2024-07-01
1191;Point Aurora 1191;Serviços;MEI;Standard;MS;Campo Grande;Centro-Oeste;2022-02-06
1192;Ateliê Popular 1192;Varejo;MEI;Premium;RS;Caxias do Sul;Sul;2024-02-20
1193;Empório Central 1193;Outros;MEI;Premium;GO;Anápolis;Centro-Oeste;2021-03-03
1194;Mercadinho São José 1194;Varejo;Grande;Standard;RJ;Rio de Janeiro;Sudeste;2024-03-04
1195;Casa do Bairro 1195;Serviços;Pequena;Standard;SC;Florianópolis;Sul;2023-10-27
1196;Casa Real 1196;Moda e Beleza;MEI;Standard;SP;Ribeirão Preto;Sudeste;2023-10-07
1197;Espaço Real 1197;Varejo;MEI;Premium;CE;Fortaleza;Nordeste;2023-07-15
1198;Oficina Bella 1198;Alimentação;Média;Standard;SP;Campinas;Sudeste;2021-05-01
1199;Espaço São José 1199;Outros;MEI;Standard;MG;Belo Horizonte;Sudeste;2023-05-14
1200;Espaço Horizonte 1200;Alimentação;Pequena;Standard;RJ;Duque de Caxias;Sudeste;2022-07-30
1201;Clínica Central 1201;Varejo;MEI;Standard;BA;Salvador;Nordeste;2021-06-19
1202;Salão São José 1202;Alimentação;MEI;Standard;BA;Feira de Santana;Nordeste;2023-02-13
1203;Oficina Prime 1203;Varejo;Pequena;Standard;MA;São Luís;Nordeste;2023-04-11
1204;Espaço Popular 1204;Alimentação;MEI;Enterprise;BA;Feira de Santana;Nordeste;2021-09-22
1205;Padaria Bom Preço 1205;Alimentação;MEI;Standard;SP;Ribeirão Preto;Sudeste;2023-12-05
1206;Center Estrela 1206;Educação;Pequena;Enterprise;SP;Santos;Sudeste;2024-01-04
1207;Mercadinho Bom Preço 1207;Educação;Pequena;Standard;MA;São Luís;Nordeste;2021-01-16
1208;Salão Prime 1208;Alimentação;Pequena;Standard;RS;Porto Alegre;Sul;2022-09-12
1209;Espaço Popular 1209;Varejo;Média;Standard;MA;São Luís;Nordeste;2021-04-14
1210;Salão Aurora 1210;Moda e Beleza;Pequena;Enterprise;CE;Fortaleza;Nordeste;2021-06-30
1211;Empório Popular 1211;Moda e Beleza;MEI;Standard;RJ;Duque de Caxias;Sudeste;2023-07-18
1212;Mercadinho Bom Preço 1212;Serviços;Pequena;Standard;SP;Santos;Sudeste;2022-09-16
1213;Padaria Popular 1213;Serviços;MEI;Standard;DF;Brasília;Centro-Oeste;2022-08-29
1214;Loja Express 1214;Serviços;MEI;Standard;SP;Santos;Sudeste;2021-09-26
1215;Oficina Popular 1215;Varejo;Pequena;Premium;PE;Olinda;Nordeste;2022-10-11
1216;Loja Aurora 1216;Varejo;Pequena;Standard;PR;Maringá;Sul;2021-07-17
1217;Bar Bella 1217;Varejo;Pequena;Standard;DF;Brasília;Centro-Oeste;2024-07-12
1218;Point Express 1218;Serviços;Grande;Standard;ES;Vila Velha;Sudeste;2021-10-21
1219;Clínica Prime 1219;Alimentação;MEI;Premium;SP;São Paulo;Sudeste;2021-12-31
1220;Casa Bella 1220;Varejo;MEI;Premium;GO;Goiânia;Centro-Oeste;2024-06-30
1221;Bar Estrela 1221;Serviços;MEI;Standard;RJ;Niterói;Sudeste;2022-10-07
1222;Center Vitória 1222;Outros;MEI;Standard;SP;Ribeirão Preto;Sudeste;2024-04-18
1223;Padaria Vitória 1223;Varejo;MEI;Standard;SP;Ribeirão Preto;Sudeste;2022-10-15
1224;Clínica do Bairro 1224;Alimentação;MEI;Standard;GO;Anápolis;Centro-Oeste;2023-05-26
1225;Studio Aurora 1225;Serviços;MEI;Standard;CE;Juazeiro do Norte;Nordeste;2021-05-03
1226;Mercadinho Popular 1226;Varejo;Grande;Standard;RJ;Niterói;Sudeste;2022-10-17
1227;Loja Horizonte 1227;Varejo;MEI;Standard;SP;Ribeirão Preto;Sudeste;2022-02-05
1228;Ateliê Bella 1228;Serviços;MEI;Premium;MG;Belo Horizonte;Sudeste;2021-12-16
1229;Boutique Central 1229;Varejo;Média;Premium;RJ;Niterói;Sudeste;2023-10-18
1230;Oficina Popular 1230;Alimentação;MEI;Premium;PB;João Pessoa;Nordeste;2022-04-26
1231;Center Estrela 1231;Alimentação;Pequena;Standard;PE;Olinda;Nordeste;2023-11-06
1232;Loja Real 1232;Serviços;Pequena;Standard;PA;Belém;Norte;2021-01-02
1233;Padaria Estrela 1233;Alimentação;Grande;Standard;SC;Blumenau;Sul;2023-12-10
1234;Restaurante Bom Preço 1234;Alimentação;MEI;Standard;ES;Vitória;Sudeste;2023-07-28
1235;Restaurante Popular 1235;Serviços;Média;Standard;SP;Campinas;Sudeste;2023-02-23
1236;Studio Real 1236;Varejo;Média;Standard;RS;Porto Alegre;Sul;2022-04-11
1237;Point Nova Era 1237;Varejo;Média;Standard;SP;Campinas;Sudeste;2023-05-13
1238;Ateliê Prime 1238;Varejo;Média;Standard;SP;Santos;Sudeste;2023-07-16
1239;Studio Bella 1239;Alimentação;Média;Standard;SP;Campinas;Sudeste;2021-01-07
1240;Padaria Popular 1240;Serviços;Média;Premium;AM;Manaus;Norte;2021-06-29
1241;Clínica Bella 1241;Alimentação;MEI;Premium;BA;Salvador;Nordeste;2023-10-31
1242;Loja Prime 1242;Serviços;MEI;Standard;DF;Brasília;Centro-Oeste;2023-09-30
1243;Point Central 1243;Alimentação;Pequena;Standard;RS;Caxias do Sul;Sul;2023-03-16
1244;Point Popular 1244;Serviços;Média;Standard;SC;Florianópolis;Sul;2021-01-14
1245;Ateliê Central 1245;Alimentação;MEI;Standard;SC;Blumenau;Sul;2022-02-10
1246;Studio Prime 1246;Serviços;MEI;Standard;MT;Cuiabá;Centro-Oeste;2024-06-09
1247;Padaria Familia 1247;Alimentação;Pequena;Standard;SC;Joinville;Sul;2022-09-25
1248;Boutique Central 1248;Serviços;Pequena;Standard;RJ;Duque de Caxias;Sudeste;2023-09-22
1249;Salão Popular 1249;Moda e Beleza;Pequena;Standard;MG;Juiz de Fora;Sudeste;2023-06-04
1250;Salão Real 1250;Serviços;Pequena;Standard;RJ;Niterói;Sudeste;2022-09-12
1251;Bar Bella 1251;Saúde;Pequena;Standard;RS;Porto Alegre;Sul;2023-06-18
1252;Bar Familia 1252;Varejo;MEI;Standard;MG;Uberlândia;Sudeste;2022-03-01
1253;Mercadinho Aurora 1253;Serviços;MEI;Premium;SP;Santos;Sudeste;2022-11-17
1254;Empório Popular 1254;Alimentação;Pequena;Premium;SC;Joinville;Sul;2021-03-09
1255;Studio Central 1255;Serviços;MEI;Standard;MG;Juiz de Fora;Sudeste;2024-02-27
1256;Clínica Horizonte 1256;Varejo;Média;Standard;MG;Juiz de Fora;Sudeste;2021-04-24
1257;Restaurante Horizonte 1257;Alimentação;MEI;Standard;SC;Blumenau;Sul;2023-09-16
1258;Empório Aurora 1258;Varejo;Pequena;Standard;CE;Fortaleza;Nordeste;2024-06-29
1259;Restaurante do Bairro 1259;Serviços;MEI;Standard;SP;Ribeirão Preto;Sudeste;2024-10-21
1260;Mercadinho Familia 1260;Moda e Beleza;Pequena;Premium;SP;Ribeirão Preto;Sudeste;2023-09-01
1261;Loja Nova Era 1261;Moda e Beleza;MEI;Standard;RS;Caxias do Sul;Sul;2021-11-17
1262;Espaço Central 1262;Varejo;MEI;Premium;MT;Cuiabá;Centro-Oeste;2022-12-23
1263;Center Popular 1263;Moda e Beleza;MEI;Standard;MG;Uberlândia;Sudeste;2023-11-12
1264;Point Popular 1264;Varejo;MEI;Standard;MG;Belo Horizonte;Sudeste;2023-03-29
1265;Restaurante Central 1265;Moda e Beleza;MEI;Standard;PE;Recife;Nordeste;2021-12-04
1266;Point Aurora 1266;Saúde;MEI;Standard;GO;Anápolis;Centro-Oeste;2023-01-18
1267;Boutique Real 1267;Moda e Beleza;MEI;Premium;MT;Cuiabá;Centro-Oeste;2021-03-03
1268;Loja Nova Era 1268;Saúde;MEI;Standard;SP;São Paulo;Sudeste;2021-05-17
1269;Oficina Aurora 1269;Moda e Beleza;MEI;Standard;MT;Cuiabá;Centro-Oeste;2023-01-30
1270;Bar Vitória 1270;Outros;Pequena;Standard;SC;Joinville;Sul;2023-12-17
1271;Restaurante Central 1271;Moda e Beleza;Grande;Standard;SP;São Paulo;Sudeste;2024-09-25
1272;Espaço Popular 1272;Varejo;MEI;Premium;PE;Olinda;Nordeste;2021-05-21
1273;Studio São José 1273;Moda e Beleza;Pequena;Standard;CE;Fortaleza;Nordeste;2022-08-01
1274;Ateliê Aurora 1274;Varejo;Média;Standard;RJ;Rio de Janeiro;Sudeste;2024-06-21
1275;Restaurante Prime 1275;Varejo;Média;Standard;MT;Cuiabá;Centro-Oeste;2024-09-09
1276;Padaria São José 1276;Alimentação;Pequena;Standard;MS;Campo Grande;Centro-Oeste;2023-07-24
1277;Empório Popular 1277;Moda e Beleza;Pequena;Standard;CE;Juazeiro do Norte;Nordeste;2021-01-05
1278;Salão Popular 1278;Outros;Média;Standard;DF;Brasília;Centro-Oeste;2021-09-14
1279;Salão Bella 1279;Saúde;Pequena;Standard;MG;Juiz de Fora;Sudeste;2022-03-31
1280;Oficina Estrela 1280;Alimentação;MEI;Standard;SP;Ribeirão Preto;Sudeste;2023-05-03
1281;Empório Estrela 1281;Educação;Pequena;Premium;SP;Campinas;Sudeste;2024-02-24
1282;Boutique Vitória 1282;Alimentação;Pequena;Standard;MG;Uberlândia;Sudeste;2022-10-20
1283;Casa Real 1283;Moda e Beleza;Média;Standard;PE;Olinda;Nordeste;2024-10-05
1284;Ateliê Prime 1284;Varejo;Pequena;Standard;SP;Santos;Sudeste;2023-01-08
1285;Studio Aurora 1285;Varejo;Grande;Enterprise;BA;Feira de Santana;Nordeste;2021-09-14
1286;Espaço Prime 1286;Varejo;Pequena;Premium;GO;Goiânia;Centro-Oeste;2022-10-13
1287;Oficina Prime 1287;Moda e Beleza;MEI;Premium;MA;São Luís;Nordeste;2021-06-12
1288;Loja Express 1288;Varejo;Pequena;Standard;SP;Ribeirão Preto;Sudeste;2023-08-25
1289;Point Vitória 1289;Educação;Pequena;Standard;PR;Londrina;Sul;2024-05-31
1290;Padaria Horizonte 1290;Saúde;MEI;Standard;RS;Caxias do Sul;Sul;2022-08-03
1291;Empório do Bairro 1291;Saúde;Pequena;Standard;BA;Feira de Santana;Nordeste;2022-04-18
1292;Loja Prime 1292;Varejo;Pequena;Premium;PR;Curitiba;Sul;2023-11-23
1293;Salão Popular 1293;Moda e Beleza;MEI;Standard;PR;Maringá;Sul;2022-04-13
1294;Casa Popular 1294;Serviços;Pequena;Premium;MG;Juiz de Fora;Sudeste;2022-05-06
1295;Point Aurora 1295;Alimentação;MEI;Standard;SP;Campinas;Sudeste;2023-10-17
1296;Mercadinho Bella 1296;Moda e Beleza;Pequena;Standard;PR;Curitiba;Sul;2021-12-14
1297;Empório Vitória 1297;Serviços;MEI;Standard;RJ;Niterói;Sudeste;2024-06-25
1298;Point Prime 1298;Alimentação;MEI;Standard;PR;Londrina;Sul;2024-05-07
1299;Bar do Bairro 1299;Varejo;MEI;Standard;RJ;Niterói;Sudeste;2021-05-28
1300;Studio Bom Preço 1300;Varejo;MEI;Premium;DF;Brasília;Centro-Oeste;2024-05-28
1301;Mercadinho Real 1301;Moda e Beleza;MEI;Standard;RO;Porto Velho;Norte;2022-08-20
1302;Bar Popular 1302;Serviços;MEI;Standard;MA;São Luís;Nordeste;2021-03-02
1303;Clínica Real 1303;Serviços;MEI;Standard;SP;Ribeirão Preto;Sudeste;2023-08-30
1304;Boutique Estrela 1304;Alimentação;Pequena;Premium;RS;Porto Alegre;Sul;2023-10-25
1305;Ateliê Bella 1305;Varejo;Pequena;Standard;SP;São Paulo;Sudeste;2023-03-18
1306;Empório Popular 1306;Varejo;MEI;Standard;SP;Ribeirão Preto;Sudeste;2021-06-17
1307;Mercadinho Bom Preço 1307;Saúde;MEI;Standard;SP;Campinas;Sudeste;2021-10-27
1308;Point Prime 1308;Outros;MEI;Standard;CE;Fortaleza;Nordeste;2021-11-09
1309;Restaurante do Bairro 1309;Varejo;Pequena;Standard;RJ;Duque de Caxias;Sudeste;2021-06-14
1310;Casa Familia 1310;Alimentação;Pequena;Standard;SC;Florianópolis;Sul;2024-09-14
1311;Center São José 1311;Varejo;Pequena;Standard;CE;Fortaleza;Nordeste;2024-09-05
1312;Mercadinho Prime 1312;Varejo;MEI;Premium;PB;João Pessoa;Nordeste;2021-03-27
1313;Boutique Nova Era 1313;Moda e Beleza;Pequena;Standard;ES;Vila Velha;Sudeste;2023-03-23
1314;Clínica Familia 1314;Outros;MEI;Standard;SP;Ribeirão Preto;Sudeste;2022-02-13
1315;Point Familia 1315;Varejo;Pequena;Premium;RJ;Niterói;Sudeste;2024-05-19
1316;Salão São José 1316;Alimentação;MEI;Standard;GO;Anápolis;Centro-Oeste;2023-12-24
1317;Casa do Bairro 1317;Alimentação;MEI;Standard;PE;Recife;Nordeste;2022-12-02
1318;Ateliê Prime 1318;Moda e Beleza;MEI;Enterprise;MA;São Luís;Nordeste;2024-02-21
1319;Padaria Central 1319;Alimentação;MEI;Standard;SP;São Paulo;Sudeste;2021-11-16
1320;Boutique Bom Preço 1320;Alimentação;Pequena;Premium;SP;Santos;Sudeste;2023-02-13
1321;Boutique Prime 1321;Serviços;MEI;Premium;BA;Feira de Santana;Nordeste;2024-06-02
1322;Ateliê Express 1322;Varejo;Pequena;Standard;RJ;Duque de Caxias;Sudeste;2021-02-22
1323;Mercadinho Vitória 1323;Alimentação;MEI;Standard;RS;Porto Alegre;Sul;2024-03-10
1324;Salão Bom Preço 1324;Serviços;MEI;Standard;MG;Belo Horizonte;Sudeste;2021-03-05
1325;Espaço Estrela 1325;Alimentação;MEI;Standard;RS;Caxias do Sul;Sul;2024-10-08
1326;Padaria Prime 1326;Serviços;MEI;Premium;RJ;Rio de Janeiro;Sudeste;2022-11-28
1327;Restaurante Nova Era 1327;Serviços;Pequena;Standard;RJ;Niterói;Sudeste;2022-06-28
1328;Empório São José 1328;Outros;Média;Standard;PR;Londrina;Sul;2021-03-07
1329;Oficina Estrela 1329;Alimentação;MEI;Standard;PE;Recife;Nordeste;2024-06-22
1330;Mercadinho Bom Preço 1330;Moda e Beleza;MEI;Standard;PR;Maringá;Sul;2022-12-02
1331;Padaria Vitória 1331;Varejo;MEI;Enterprise;MG;Juiz de Fora;Sudeste;2024-08-26
1332;Ateliê Aurora 1332;Serviços;Média;Premium;SP;Santos;Sudeste;2022-11-08
1333;Center Prime 1333;Alimentação;Pequena;Premium;SC;Florianópolis;Sul;2021-03-30
1334;Padaria Popular 1334;Alimentação;MEI;Standard;MA;São Luís;Nordeste;2024-04-19
1335;Center Bom Preço 1335;Varejo;MEI;Standard;SP;Santos;Sudeste;2024-10-05
1336;Loja Express 1336;Moda e Beleza;Pequena;Premium;CE;Juazeiro do Norte;Nordeste;2024-04-09
1337;Mercadinho Estrela 1337;Serviços;MEI;Standard;SP;Santos;Sudeste;2024-10-18
1338;Restaurante Horizonte 1338;Saúde;Média;Enterprise;MA;São Luís;Nordeste;2021-08-07
1339;Clínica Prime 1339;Varejo;Média;Premium;MT;Cuiabá;Centro-Oeste;2021-05-28
1340;Bar Aurora 1340;Varejo;Média;Standard;SP;Santos;Sudeste;2024-05-03
1341;Padaria Bella 1341;Alimentação;MEI;Standard;MG;Belo Horizonte;Sudeste;2024-07-04
1342;Padaria Vitória 1342;Educação;MEI;Standard;GO;Goiânia;Centro-Oeste;2024-10-22
1343;Studio Aurora 1343;Alimentação;MEI;Premium;MG;Belo Horizonte;Sudeste;2024-02-23
1344;Salão do Bairro 1344;Alimentação;MEI;Standard;PR;Maringá;Sul;2024-10-26
1345;Restaurante Bella 1345;Alimentação;MEI;Standard;RJ;Niterói;Sudeste;2021-03-18
1346;Espaço Express 1346;Varejo;MEI;Standard;SP;Campinas;Sudeste;2024-04-02
1347;Restaurante São José 1347;Moda e Beleza;Média;Standard;SC;Joinville;Sul;2024-05-15
1348;Espaço Real 1348;Alimentação;MEI;Premium;SP;Ribeirão Preto;Sudeste;2022-07-18
1349;Center Horizonte 1349;Varejo;MEI;Standard;PR;Maringá;Sul;2022-04-12
1350;Padaria Real 1350;Varejo;MEI;Premium;SP;São Paulo;Sudeste;2024-07-09
1351;Center Real 1351;Serviços;MEI;Standard;PR;Maringá;Sul;2021-05-31
1352;Casa Familia 1352;Varejo;MEI;Standard;SP;São Paulo;Sudeste;2024-04-12
1353;Point Horizonte 1353;Moda e Beleza;MEI;Standard;SP;Santos;Sudeste;2024-04-04
1354;Center Familia 1354;Varejo;MEI;Standard;BA;Salvador;Nordeste;2022-05-03
1355;Espaço São José 1355;Outros;MEI;Standard;RS;Porto Alegre;Sul;2021-03-18
1356;Restaurante Nova Era 1356;Varejo;MEI;Standard;RS;Caxias do Sul;Sul;2023-01-23
1357;Padaria Nova Era 1357;Moda e Beleza;MEI;Enterprise;PB;João Pessoa;Nordeste;2021-11-28
1358;Empório do Bairro 1358;Alimentação;Pequena;Standard;SP;São Paulo;Sudeste;2024-10-02
1359;Clínica Bella 1359;Varejo;Média;Standard;MG;Belo Horizonte;Sudeste;2021-04-14
1360;Point Bella 1360;Varejo;Média;Standard;MG;Uberlândia;Sudeste;2023-12-03
1361;Mercadinho Express 1361;Alimentação;Pequena;Standard;SP;São Paulo;Sudeste;2024-10-13
1362;Clínica Prime 1362;Varejo;MEI;Standard;RJ;Duque de Caxias;Sudeste;2021-04-03
1363;Studio Nova Era 1363;Alimentação;Pequena;Premium;SP;Campinas;Sudeste;2022-02-16
1364;Ateliê Popular 1364;Varejo;Média;Standard;RJ;Duque de Caxias;Sudeste;2022-01-04
1365;Empório Prime 1365;Alimentação;MEI;Standard;SP;São Paulo;Sudeste;2023-12-30
1366;Bar Estrela 1366;Serviços;Pequena;Premium;RS;Caxias do Sul;Sul;2021-05-15
1367;Oficina Nova Era 1367;Educação;Pequena;Premium;RJ;Duque de Caxias;Sudeste;2022-02-09
1368;Espaço Real 1368;Alimentação;MEI;Standard;MG;Juiz de Fora;Sudeste;2023-10-06
1369;Clínica Horizonte 1369;Varejo;MEI;Premium;ES;Vila Velha;Sudeste;2021-08-02
1370;Center Vitória 1370;Alimentação;MEI;Premium;SC;Florianópolis;Sul;2023-08-23
1371;Casa Express 1371;Serviços;MEI;Standard;RS;Caxias do Sul;Sul;2021-01-13
1372;Espaço Express 1372;Alimentação;MEI;Standard;AM;Manaus;Norte;2023-09-05
1373;Casa São José 1373;Outros;Pequena;Standard;MG;Juiz de Fora;Sudeste;2024-09-22
1374;Center Central 1374;Varejo;MEI;Premium;MG;Juiz de Fora;Sudeste;2022-06-04
1375;Empório Nova Era 1375;Varejo;Pequena;Premium;RS;Caxias do Sul;Sul;2021-07-01
1376;Empório São José 1376;Serviços;Pequena;Standard;RS;Caxias do Sul;Sul;2022-01-03
1377;Studio Bom Preço 1377;Alimentação;MEI;Standard;SP;São Paulo;Sudeste;2022-10-25
1378;Empório Estrela 1378;Alimentação;Grande;Standard;SP;São Paulo;Sudeste;2024-01-08
1379;Restaurante Familia 1379;Serviços;MEI;Standard;PR;Curitiba;Sul;2024-03-26
1380;Studio do Bairro 1380;Alimentação;MEI;Premium;MG;Uberlândia;Sudeste;2023-08-06
1381;Padaria Estrela 1381;Saúde;MEI;Standard;SP;Santos;Sudeste;2024-06-17
1382;Point Estrela 1382;Serviços;Pequena;Standard;SP;Campinas;Sudeste;2021-12-13
1383;Casa Prime 1383;Alimentação;MEI;Standard;MG;Juiz de Fora;Sudeste;2021-03-07
1384;Studio Bom Preço 1384;Varejo;MEI;Standard;PR;Londrina;Sul;2021-07-24
1385;Espaço Nova Era 1385;Alimentação;Média;Standard;ES;Vila Velha;Sudeste;2024-09-09
1386;Studio Prime 1386;Alimentação;MEI;Standard;SP;São Paulo;Sudeste;2024-02-20
1387;Studio Familia 1387;Moda e Beleza;MEI;Standard;RS;Porto Alegre;Sul;2021-02-01
1388;Point Horizonte 1388;Moda e Beleza;MEI;Standard;SP;Campinas;Sudeste;2021-09-05
1389;Point Real 1389;Outros;Pequena;Standard;DF;Brasília;Centro-Oeste;2021-09-02
1390;Ateliê Popular 1390;Alimentação;MEI;Premium;SP;Ribeirão Preto;Sudeste;2024-03-11
1391;Padaria Vitória 1391;Serviços;MEI;Standard;MS;Campo Grande;Centro-Oeste;2023-09-26
1392;Padaria Real 1392;Varejo;MEI;Premium;GO;Goiânia;Centro-Oeste;2021-12-10
1393;Casa Bella 1393;Moda e Beleza;MEI;Premium;ES;Vitória;Sudeste;2022-10-20
1394;Studio Aurora 1394;Alimentação;MEI;Standard;SP;São Paulo;Sudeste;2021-02-22
1395;Espaço Central 1395;Varejo;Pequena;Standard;SP;Ribeirão Preto;Sudeste;2023-07-09
1396;Studio Vitória 1396;Varejo;Pequena;Standard;PE;Recife;Nordeste;2023-07-08
1397;Mercadinho Familia 1397;Varejo;Pequena;Standard;MG;Uberlândia;Sudeste;2023-12-28
1398;Boutique Familia 1398;Alimentação;Média;Premium;PA;Belém;Norte;2022-12-08
1399;Studio Aurora 1399;Educação;Grande;Standard;MS;Campo Grande;Centro-Oeste;2021-06-08
1400;Empório Aurora 1400;Serviços;MEI;Enterprise;CE;Fortaleza;Nordeste;2024-01-19
1401;Clínica Horizonte 1401;Alimentação;MEI;Standard;SP;Santos;Sudeste;2022-04-19
1402;Restaurante Estrela 1402;Serviços;Pequena;Standard;SP;Santos;Sudeste;2023-10-08
1403;Studio Aurora 1403;Varejo;Pequena;Enterprise;BA;Salvador;Nordeste;2024-05-25
1404;Casa Aurora 1404;Alimentação;MEI;Premium;BA;Salvador;Nordeste;2021-08-02
1405;Center Real 1405;Serviços;MEI;Standard;PR;Curitiba;Sul;2023-10-28
1406;Bar São José 1406;Serviços;MEI;Premium;SP;Santos;Sudeste;2024-04-25
1407;Loja Real 1407;Alimentação;MEI;Standard;SC;Joinville;Sul;2021-04-23
1408;Center Central 1408;Alimentação;Pequena;Standard;PR;Londrina;Sul;2024-09-01
1409;Salão Familia 1409;Alimentação;MEI;Premium;MG;Uberlândia;Sudeste;2023-01-08
1410;Salão Estrela 1410;Moda e Beleza;MEI;Standard;MT;Cuiabá;Centro-Oeste;2024-05-06
1411;Restaurante Bom Preço 1411;Outros;Pequena;Standard;RS;Caxias do Sul;Sul;2023-11-01
1412;Studio Popular 1412;Educação;Pequena;Standard;CE;Fortaleza;Nordeste;2023-08-22
1413;Empório Aurora 1413;Alimentação;MEI;Enterprise;RJ;Duque de Caxias;Sudeste;2021-05-24
1414;Studio Nova Era 1414;Alimentação;Pequena;Standard;PR;Curitiba;Sul;2022-12-12
1415;Bar Popular 1415;Moda e Beleza;MEI;Standard;SP;Ribeirão Preto;Sudeste;2021-11-25
1416;Salão Horizonte 1416;Saúde;Média;Standard;SC;Blumenau;Sul;2021-10-15
1417;Casa Aurora 1417;Saúde;MEI;Standard;PA;Belém;Norte;2022-05-22
1418;Padaria Vitória 1418;Alimentação;MEI;Premium;GO;Goiânia;Centro-Oeste;2022-02-19
1419;Studio Vitória 1419;Serviços;Pequena;Standard;GO;Anápolis;Centro-Oeste;2021-09-20
1420;Bar Bella 1420;Varejo;Grande;Standard;RJ;Niterói;Sudeste;2024-05-12
1421;Boutique Bom Preço 1421;Serviços;MEI;Standard;SP;São Paulo;Sudeste;2022-06-12
1422;Casa Estrela 1422;Moda e Beleza;MEI;Standard;PE;Olinda;Nordeste;2023-04-21
1423;Oficina do Bairro 1423;Varejo;MEI;Standard;MA;São Luís;Nordeste;2021-04-26
1424;Restaurante Bom Preço 1424;Saúde;Média;Standard;SP;São Paulo;Sudeste;2023-01-04
1425;Padaria Real 1425;Varejo;MEI;Premium;RS;Porto Alegre;Sul;2023-01-07
1426;Espaço Aurora 1426;Serviços;MEI;Standard;DF;Brasília;Centro-Oeste;2022-08-31
1427;Casa Bom Preço 1427;Moda e Beleza;Pequena;Standard;SP;São Paulo;Sudeste;2023-05-19
1428;Padaria Aurora 1428;Moda e Beleza;MEI;Standard;RS;Porto Alegre;Sul;2023-01-09
1429;Center Central 1429;Alimentação;MEI;Standard;SP;Ribeirão Preto;Sudeste;2024-07-20
1430;Oficina Express 1430;Varejo;Média;Standard;MG;Uberlândia;Sudeste;2022-07-30
1431;Boutique Bella 1431;Alimentação;MEI;Premium;MG;Uberlândia;Sudeste;2021-12-09
1432;Mercadinho do Bairro 1432;Educação;Pequena;Premium;PR;Maringá;Sul;2023-03-16
1433;Salão Aurora 1433;Varejo;Pequena;Standard;SP;Ribeirão Preto;Sudeste;2021-01-13
1434;Loja Familia 1434;Alimentação;MEI;Standard;PE;Recife;Nordeste;2023-08-15
1435;Bar Central 1435;Serviços;Pequena;Standard;RJ;Niterói;Sudeste;2021-05-18
1436;Bar Real 1436;Saúde;MEI;Premium;PR;Londrina;Sul;2023-10-10
1437;Padaria Estrela 1437;Varejo;MEI;Premium;BA;Salvador;Nordeste;2022-05-16
1438;Studio Nova Era 1438;Outros;Média;Standard;PE;Recife;Nordeste;2021-12-16
1439;Empório do Bairro 1439;Outros;MEI;Standard;RS;Caxias do Sul;Sul;2021-01-11
1440;Loja Horizonte 1440;Alimentação;MEI;Standard;CE;Fortaleza;Nordeste;2021-03-05
1441;Point Bom Preço 1441;Alimentação;Média;Premium;PE;Olinda;Nordeste;2021-01-07
1442;Oficina Real 1442;Varejo;Pequena;Standard;GO;Anápolis;Centro-Oeste;2024-09-24
1443;Mercadinho Aurora 1443;Varejo;Pequena;Premium;RO;Porto Velho;Norte;2023-03-23
1444;Oficina do Bairro 1444;Varejo;MEI;Standard;PB;João Pessoa;Nordeste;2021-08-13
1445;Padaria Estrela 1445;Serviços;Média;Standard;MG;Juiz de Fora;Sudeste;2022-01-05
1446;Bar Central 1446;Saúde;MEI;Enterprise;GO;Anápolis;Centro-Oeste;2023-03-22
1447;Mercadinho Bella 1447;Serviços;MEI;Premium;SP;São Paulo;Sudeste;2021-01-14
1448;Clínica Aurora 1448;Saúde;MEI;Standard;SP;Santos;Sudeste;2021-07-27
1449;Clínica Estrela 1449;Serviços;MEI;Standard;BA;Feira de Santana;Nordeste;2021-04-01
1450;Empório Vitória 1450;Varejo;MEI;Standard;ES;Vitória;Sudeste;2024-09-17
1451;Padaria Popular 1451;Alimentação;MEI;Standard;RO;Porto Velho;Norte;2021-11-22
1452;Restaurante Central 1452;Outros;Pequena;Standard;RJ;Duque de Caxias;Sudeste;2021-04-27
1453;Point Express 1453;Varejo;MEI;Standard;ES;Vila Velha;Sudeste;2021-02-18
1454;Salão Express 1454;Moda e Beleza;MEI;Premium;PE;Recife;Nordeste;2022-12-09
1455;Point Estrela 1455;Varejo;Pequena;Standard;PR;Londrina;Sul;2021-03-14
1456;Studio Horizonte 1456;Varejo;Média;Standard;BA;Feira de Santana;Nordeste;2023-02-22
1457;Empório Vitória 1457;Varejo;MEI;Standard;PB;João Pessoa;Nordeste;2022-09-03
1458;Bar Familia 1458;Moda e Beleza;MEI;Standard;SP;São Paulo;Sudeste;2024-04-09
1459;Espaço Familia 1459;Varejo;Média;Standard;RJ;Duque de Caxias;Sudeste;2024-07-26
1460;Empório do Bairro 1460;Alimentação;Pequena;Premium;SC;Florianópolis;Sul;2023-08-24
1461;Padaria Vitória 1461;Serviços;Pequena;Standard;BA;Feira de Santana;Nordeste;2022-05-16
1462;Center Estrela 1462;Alimentação;Pequena;Enterprise;RS;Porto Alegre;Sul;2022-08-29
1463;Studio Nova Era 1463;Moda e Beleza;Pequena;Premium;DF;Brasília;Centro-Oeste;2021-12-02
1464;Oficina do Bairro 1464;Varejo;MEI;Enterprise;PR;Maringá;Sul;2021-09-07
1465;Restaurante São José 1465;Alimentação;MEI;Standard;GO;Anápolis;Centro-Oeste;2022-07-24
1466;Boutique Nova Era 1466;Outros;MEI;Standard;CE;Fortaleza;Nordeste;2022-09-01
1467;Ateliê Familia 1467;Varejo;MEI;Standard;RJ;Niterói;Sudeste;2024-03-29
1468;Espaço Nova Era 1468;Varejo;Pequena;Standard;RJ;Rio de Janeiro;Sudeste;2021-06-10
1469;Oficina Estrela 1469;Varejo;MEI;Standard;GO;Anápolis;Centro-Oeste;2022-11-30
1470;Point Express 1470;Alimentação;MEI;Enterprise;SP;Campinas;Sudeste;2023-09-28
1471;Clínica Vitória 1471;Alimentação;Média;Standard;SP;Santos;Sudeste;2021-01-24
1472;Center do Bairro 1472;Varejo;MEI;Standard;CE;Fortaleza;Nordeste;2022-01-09
1473;Studio Horizonte 1473;Educação;Pequena;Standard;SP;Santos;Sudeste;2022-06-03
1474;Padaria São José 1474;Serviços;MEI;Premium;BA;Feira de Santana;Nordeste;2021-10-10
1475;Restaurante Bom Preço 1475;Moda e Beleza;MEI;Standard;SC;Blumenau;Sul;2024-07-20
1476;Restaurante Horizonte 1476;Alimentação;MEI;Premium;CE;Juazeiro do Norte;Nordeste;2023-09-10
1477;Studio Bella 1477;Alimentação;Pequena;Standard;SP;São Paulo;Sudeste;2021-01-22
1478;Espaço Bella 1478;Educação;MEI;Standard;SP;Ribeirão Preto;Sudeste;2021-04-11
1479;Point Prime 1479;Serviços;MEI;Standard;AM;Manaus;Norte;2024-07-08
1480;Ateliê Bom Preço 1480;Outros;Pequena;Standard;SC;Florianópolis;Sul;2022-06-12
1481;Espaço Aurora 1481;Moda e Beleza;MEI;Premium;RJ;Niterói;Sudeste;2024-07-31
1482;Ateliê Express 1482;Moda e Beleza;MEI;Standard;BA;Salvador;Nordeste;2021-12-23
1483;Clínica Aurora 1483;Alimentação;MEI;Standard;PB;João Pessoa;Nordeste;2022-11-04
1484;Studio São José 1484;Varejo;MEI;Premium;BA;Feira de Santana;Nordeste;2022-09-01
1485;Salão Express 1485;Alimentação;Pequena;Premium;SP;Campinas;Sudeste;2022-11-22
1486;Empório Vitória 1486;Varejo;MEI;Enterprise;MA;São Luís;Nordeste;2023-04-11
1487;Salão Nova Era 1487;Serviços;MEI;Standard;GO;Anápolis;Centro-Oeste;2023-12-18
1488;Empório Bella 1488;Moda e Beleza;MEI;Standard;MT;Cuiabá;Centro-Oeste;2021-03-24
1489;Boutique Express 1489;Varejo;Pequena;Standard;RJ;Duque de Caxias;Sudeste;2024-07-03
1490;Mercadinho Vitória 1490;Outros;MEI;Standard;RS;Caxias do Sul;Sul;2021-11-24
1491;Clínica Horizonte 1491;Varejo;MEI;Standard;PR;Maringá;Sul;2022-08-25
1492;Point Prime 1492;Moda e Beleza;MEI;Standard;SP;Campinas;Sudeste;2021-08-09
1493;Center Bom Preço 1493;Moda e Beleza;Pequena;Premium;RS;Caxias do Sul;Sul;2023-01-05
1494;Center Popular 1494;Alimentação;MEI;Standard;ES;Vitória;Sudeste;2023-05-25
1495;Salão Bella 1495;Alimentação;MEI;Standard;SP;São Paulo;Sudeste;2021-12-17
1496;Boutique do Bairro 1496;Serviços;Pequena;Standard;PE;Olinda;Nordeste;2022-01-20
1497;Espaço Popular 1497;Moda e Beleza;MEI;Enterprise;GO;Anápolis;Centro-Oeste;2021-07-16
1498;Boutique Bella 1498;Moda e Beleza;MEI;Standard;SC;Blumenau;Sul;2021-01-21
1499;Bar Estrela 1499;Varejo;MEI;Standard;MG;Uberlândia;Sudeste;2022-05-17
1500;Empório Popular 1500;Serviços;MEI;Standard;RS;Porto Alegre;Sul;2021-05-18
1501;Empório Horizonte 1501;Varejo;Pequena;Premium;SP;Santos;Sudeste;2022-11-04
1502;Padaria Horizonte 1502;Moda e Beleza;Média;Standard;SP;Santos;Sudeste;2022-09-06
1503;Loja Horizonte 1503;Varejo;Pequena;Premium;SP;Santos;Sudeste;2024-09-04
1504;Oficina do Bairro 1504;Serviços;Pequena;Standard;RJ;Duque de Caxias;Sudeste;2023-08-07
1505;Center do Bairro 1505;Alimentação;MEI;Standard;MA;São Luís;Nordeste;2024-06-03
1506;Center Nova Era 1506;Alimentação;MEI;Standard;PA;Belém;Norte;2022-10-13
1507;Salão Central 1507;Alimentação;Pequena;Standard;SC;Blumenau;Sul;2021-04-05
1508;Mercadinho Vitória 1508;Varejo;Pequena;Standard;RS;Caxias do Sul;Sul;2022-06-22
1509;Oficina Real 1509;Saúde;Pequena;Premium;ES;Vitória;Sudeste;2022-05-05
1510;Ateliê Express 1510;Saúde;Pequena;Standard;RJ;Niterói;Sudeste;2022-06-09
1511;Padaria do Bairro 1511;Saúde;MEI;Standard;SC;Blumenau;Sul;2024-08-24
1512;Casa Central 1512;Serviços;MEI;Standard;MG;Juiz de Fora;Sudeste;2021-08-10
1513;Bar Express 1513;Saúde;MEI;Enterprise;GO;Anápolis;Centro-Oeste;2023-08-11
1514;Empório Bom Preço 1514;Varejo;MEI;Standard;CE;Fortaleza;Nordeste;2022-08-17
1515;Salão Vitória 1515;Alimentação;MEI;Standard;SP;Santos;Sudeste;2023-03-31
1516;Salão Prime 1516;Outros;Pequena;Premium;SP;São Paulo;Sudeste;2021-09-23
1517;Ateliê Bella 1517;Varejo;MEI;Standard;PR;Maringá;Sul;2023-10-26
1518;Bar Familia 1518;Serviços;Pequena;Standard;GO;Anápolis;Centro-Oeste;2021-01-21
1519;Ateliê Vitória 1519;Varejo;Grande;Standard;RS;Porto Alegre;Sul;2024-07-04
1520;Oficina do Bairro 1520;Serviços;Grande;Premium;SP;Campinas;Sudeste;2021-08-16
1521;Studio Popular 1521;Outros;Pequena;Standard;BA;Salvador;Nordeste;2021-12-24
1522;Loja Express 1522;Varejo;MEI;Standard;SP;São Paulo;Sudeste;2023-04-22
1523;Restaurante Aurora 1523;Outros;MEI;Premium;DF;Brasília;Centro-Oeste;2022-10-13
1524;Point do Bairro 1524;Alimentação;MEI;Standard;SP;São Paulo;Sudeste;2022-07-25
1525;Loja Estrela 1525;Varejo;MEI;Premium;SP;Ribeirão Preto;Sudeste;2022-06-03
1526;Espaço Bella 1526;Serviços;MEI;Standard;RJ;Duque de Caxias;Sudeste;2021-04-30
1527;Oficina Bella 1527;Serviços;MEI;Standard;SP;Ribeirão Preto;Sudeste;2022-06-14
1528;Loja Bella 1528;Alimentação;MEI;Standard;MG;Belo Horizonte;Sudeste;2023-03-05
1529;Boutique do Bairro 1529;Alimentação;Pequena;Standard;SP;Campinas;Sudeste;2024-09-15
1530;Mercadinho Vitória 1530;Alimentação;Pequena;Premium;RS;Porto Alegre;Sul;2021-03-29
1531;Restaurante Nova Era 1531;Alimentação;MEI;Standard;DF;Brasília;Centro-Oeste;2022-09-09
1532;Salão Nova Era 1532;Alimentação;MEI;Standard;RS;Caxias do Sul;Sul;2023-05-29
1533;Casa Nova Era 1533;Varejo;Média;Standard;SP;Santos;Sudeste;2024-04-24
1534;Casa Bom Preço 1534;Alimentação;MEI;Standard;DF;Brasília;Centro-Oeste;2023-04-22
1535;Loja Horizonte 1535;Alimentação;Pequena;Premium;RJ;Duque de Caxias;Sudeste;2024-03-10
1536;Loja Real 1536;Alimentação;Pequena;Standard;AM;Manaus;Norte;2024-02-06
1537;Ateliê Horizonte 1537;Saúde;Pequena;Premium;RS;Porto Alegre;Sul;2024-07-14
1538;Loja Prime 1538;Alimentação;Pequena;Premium;RS;Caxias do Sul;Sul;2022-05-04
1539;Salão Nova Era 1539;Alimentação;MEI;Standard;CE;Juazeiro do Norte;Nordeste;2021-11-09
1540;Casa Familia 1540;Educação;MEI;Enterprise;RJ;Duque de Caxias;Sudeste;2021-08-25
1541;Mercadinho Popular 1541;Saúde;MEI;Standard;SP;Campinas;Sudeste;2023-08-18
1542;Ateliê Bom Preço 1542;Educação;MEI;Standard;BA;Feira de Santana;Nordeste;2023-06-20
1543;Ateliê Bom Preço 1543;Saúde;MEI;Standard;RJ;Rio de Janeiro;Sudeste;2022-02-12
1544;Clínica Bella 1544;Saúde;Pequena;Premium;MG;Juiz de Fora;Sudeste;2023-04-15
1545;Studio Bella 1545;Moda e Beleza;Pequena;Enterprise;BA;Salvador;Nordeste;2022-06-16
1546;Salão do Bairro 1546;Saúde;MEI;Standard;RS;Porto Alegre;Sul;2021-06-16
1547;Loja Prime 1547;Alimentação;Média;Standard;SC;Blumenau;Sul;2022-04-13
1548;Clínica Express 1548;Alimentação;MEI;Standard;SC;Florianópolis;Sul;2021-09-03
1549;Espaço Popular 1549;Varejo;Pequena;Standard;PR;Londrina;Sul;2023-10-28
1550;Mercadinho São José 1550;Varejo;Média;Standard;MG;Belo Horizonte;Sudeste;2023-12-19
1551;Point Central 1551;Moda e Beleza;MEI;Premium;SP;Santos;Sudeste;2021-01-04
1552;Empório Aurora 1552;Outros;MEI;Premium;PA;Belém;Norte;2023-09-14
1553;Bar Bom Preço 1553;Serviços;Pequena;Standard;RJ;Duque de Caxias;Sudeste;2021-04-21
1554;Ateliê Bom Preço 1554;Varejo;MEI;Premium;SP;São Paulo;Sudeste;2021-01-08
1555;Boutique Central 1555;Moda e Beleza;Pequena;Premium;PR;Curitiba;Sul;2023-01-08
1556;Padaria Real 1556;Saúde;Pequena;Premium;GO;Goiânia;Centro-Oeste;2022-07-02
1557;Espaço Bom Preço 1557;Serviços;Média;Standard;SC;Joinville;Sul;2024-03-15
1558;Studio Prime 1558;Varejo;MEI;Standard;SP;Campinas;Sudeste;2024-02-10
1559;Point Real 1559;Varejo;Pequena;Standard;PA;Belém;Norte;2024-02-25
1560;Bar Real 1560;Varejo;MEI;Standard;MG;Uberlândia;Sudeste;2024-09-15
1561;Espaço São José 1561;Outros;MEI;Standard;AM;Manaus;Norte;2023-04-13
1562;Clínica Horizonte 1562;Serviços;MEI;Standard;PR;Maringá;Sul;2021-05-21
1563;Restaurante Popular 1563;Varejo;MEI;Standard;MT;Cuiabá;Centro-Oeste;2022-09-30
1564;Oficina Express 1564;Serviços;MEI;Premium;SP;São Paulo;Sudeste;2021-06-23
1565;Restaurante Prime 1565;Educação;Pequena;Standard;GO;Goiânia;Centro-Oeste;2022-07-21
1566;Espaço Bom Preço 1566;Outros;Média;Standard;SP;Santos;Sudeste;2021-04-30
1567;Oficina Vitória 1567;Alimentação;MEI;Enterprise;RJ;Duque de Caxias;Sudeste;2022-04-09
1568;Bar Familia 1568;Alimentação;MEI;Standard;MG;Uberlândia;Sudeste;2021-11-06
1569;Ateliê Familia 1569;Varejo;Pequena;Standard;GO;Anápolis;Centro-Oeste;2022-09-10
1570;Center Bom Preço 1570;Varejo;MEI;Standard;SP;São Paulo;Sudeste;2021-08-27
1571;Boutique Aurora 1571;Saúde;Média;Standard;CE;Fortaleza;Nordeste;2021-01-22
1572;Point Prime 1572;Varejo;MEI;Standard;RS;Porto Alegre;Sul;2023-09-18
1573;Loja Vitória 1573;Alimentação;MEI;Enterprise;CE;Fortaleza;Nordeste;2022-07-14
1574;Casa Aurora 1574;Moda e Beleza;Pequena;Premium;DF;Brasília;Centro-Oeste;2021-06-11
1575;Point Vitória 1575;Serviços;Pequena;Premium;SP;Ribeirão Preto;Sudeste;2021-10-25
1576;Boutique do Bairro 1576;Alimentação;MEI;Standard;SP;São Paulo;Sudeste;2022-01-15
1577;Espaço Real 1577;Saúde;Pequena;Standard;PB;João Pessoa;Nordeste;2023-05-15
1578;Mercadinho Vitória 1578;Varejo;MEI;Standard;RJ;Niterói;Sudeste;2022-11-01
1579;Espaço Familia 1579;Serviços;MEI;Standard;SP;Santos;Sudeste;2022-05-18
1580;Salão Real 1580;Serviços;MEI;Standard;RS;Porto Alegre;Sul;2021-03-04
1581;Mercadinho Aurora 1581;Serviços;Pequena;Standard;DF;Brasília;Centro-Oeste;2023-12-24
1582;Espaço Familia 1582;Alimentação;Pequena;Standard;MT;Cuiabá;Centro-Oeste;2024-02-03
1583;Center São José 1583;Alimentação;MEI;Enterprise;RS;Porto Alegre;Sul;2023-03-18
1584;Espaço Estrela 1584;Outros;MEI;Standard;RJ;Duque de Caxias;Sudeste;2024-04-29
1585;Clínica Bella 1585;Alimentação;MEI;Standard;PB;João Pessoa;Nordeste;2024-08-03
1586;Padaria Express 1586;Alimentação;Pequena;Standard;MG;Belo Horizonte;Sudeste;2021-07-02
1587;Boutique Real 1587;Saúde;MEI;Standard;SP;São Paulo;Sudeste;2022-04-16
1588;Empório Bom Preço 1588;Varejo;Média;Premium;PE;Recife;Nordeste;2023-09-25
1589;Clínica Nova Era 1589;Saúde;Pequena;Standard;RJ;Rio de Janeiro;Sudeste;2021-10-21
1590;Bar Vitória 1590;Outros;MEI;Premium;PE;Olinda;Nordeste;2023-02-21
1591;Empório Bom Preço 1591;Moda e Beleza;Média;Standard;PE;Recife;Nordeste;2021-06-24
1592;Studio Estrela 1592;Alimentação;MEI;Premium;SC;Joinville;Sul;2021-08-20
1593;Boutique São José 1593;Alimentação;Pequena;Standard;DF;Brasília;Centro-Oeste;2022-11-18
1594;Salão Bom Preço 1594;Alimentação;MEI;Premium;SP;Campinas;Sudeste;2023-01-18
1595;Clínica São José 1595;Alimentação;MEI;Standard;RS;Caxias do Sul;Sul;2024-05-18
1596;Boutique Nova Era 1596;Alimentação;MEI;Standard;MS;Campo Grande;Centro-Oeste;2024-09-23
1597;Salão Real 1597;Alimentação;MEI;Standard;BA;Salvador;Nordeste;2024-10-24
1598;Padaria Horizonte 1598;Varejo;Pequena;Standard;RJ;Niterói;Sudeste;2021-12-31
1599;Casa do Bairro 1599;Serviços;MEI;Premium;RJ;Niterói;Sudeste;2022-03-05
1600;Bar Popular 1600;Moda e Beleza;Pequena;Standard;SP;Campinas;Sudeste;2024-08-30
1601;Loja do Bairro 1601;Alimentação;MEI;Enterprise;MG;Belo Horizonte;Sudeste;2024-05-09
1602;Boutique Express 1602;Serviços;MEI;Standard;MG;Juiz de Fora;Sudeste;2023-04-29
1603;Center Popular 1603;Alimentação;Pequena;Standard;RS;Porto Alegre;Sul;2024-10-01
1604;Studio Bom Preço 1604;Varejo;Pequena;Premium;MA;São Luís;Nordeste;2023-04-22
1605;Restaurante Horizonte 1605;Varejo;MEI;Standard;RJ;Rio de Janeiro;Sudeste;2021-08-10
1606;Studio Familia 1606;Serviços;MEI;Standard;SP;Santos;Sudeste;2023-01-03
1607;Padaria Familia 1607;Varejo;Grande;Standard;RJ;Duque de Caxias;Sudeste;2021-05-14
1608;Center Bom Preço 1608;Alimentação;Pequena;Premium;SP;Campinas;Sudeste;2021-11-07
1609;Casa Express 1609;Serviços;MEI;Premium;MG;Uberlândia;Sudeste;2024-08-26
1610;Espaço São José 1610;Saúde;Pequena;Standard;RJ;Rio de Janeiro;Sudeste;2023-03-08
1611;Espaço Bom Preço 1611;Moda e Beleza;MEI;Premium;AM;Manaus;Norte;2024-09-22
1612;Empório Vitória 1612;Alimentação;Média;Standard;PR;Maringá;Sul;2023-04-21
1613;Espaço Bella 1613;Varejo;MEI;Premium;PR;Maringá;Sul;2024-06-09
1614;Boutique Vitória 1614;Moda e Beleza;Pequena;Standard;SP;Campinas;Sudeste;2023-09-23
1615;Salão São José 1615;Serviços;MEI;Standard;SP;Campinas;Sudeste;2022-04-03
1616;Ateliê Central 1616;Alimentação;Média;Premium;MS;Campo Grande;Centro-Oeste;2023-05-30
1617;Bar São José 1617;Varejo;Pequena;Premium;SP;Campinas;Sudeste;2021-04-25
1618;Padaria Popular 1618;Serviços;Pequena;Premium;RS;Caxias do Sul;Sul;2022-07-03
1619;Restaurante São José 1619;Varejo;MEI;Premium;SP;Campinas;Sudeste;2021-09-06
1620;Center São José 1620;Varejo;MEI;Standard;CE;Fortaleza;Nordeste;2024-07-02
1621;Boutique Popular 1621;Varejo;Pequena;Standard;MG;Juiz de Fora;Sudeste;2023-01-21
1622;Bar São José 1622;Serviços;MEI;Premium;AM;Manaus;Norte;2023-06-24
1623;Mercadinho Nova Era 1623;Alimentação;Pequena;Premium;RS;Porto Alegre;Sul;2024-07-21
1624;Espaço Central 1624;Alimentação;MEI;Premium;PR;Londrina;Sul;2022-10-30
1625;Point do Bairro 1625;Alimentação;MEI;Standard;SP;São Paulo;Sudeste;2021-06-22
1626;Espaço São José 1626;Alimentação;MEI;Premium;RS;Caxias do Sul;Sul;2022-07-18
1627;Center Familia 1627;Alimentação;MEI;Standard;PA;Belém;Norte;2023-10-15
1628;Empório Vitória 1628;Educação;Pequena;Standard;MG;Juiz de Fora;Sudeste;2021-02-21
1629;Loja Familia 1629;Alimentação;MEI;Standard;PA;Belém;Norte;2023-03-31
1630;Casa Vitória 1630;Alimentação;Pequena;Standard;GO;Goiânia;Centro-Oeste;2021-10-23
1631;Restaurante Real 1631;Serviços;MEI;Standard;MT;Cuiabá;Centro-Oeste;2023-07-24
1632;Restaurante Express 1632;Alimentação;Média;Standard;SC;Florianópolis;Sul;2024-06-15
1633;Salão Real 1633;Serviços;MEI;Standard;RJ;Niterói;Sudeste;2023-02-27
1634;Restaurante Popular 1634;Varejo;MEI;Enterprise;SP;São Paulo;Sudeste;2022-01-05
1635;Padaria Horizonte 1635;Alimentação;MEI;Premium;SC;Joinville;Sul;2022-01-09
1636;Loja Prime 1636;Serviços;MEI;Premium;RJ;Rio de Janeiro;Sudeste;2021-07-17
1637;Boutique Express 1637;Moda e Beleza;MEI;Standard;MT;Cuiabá;Centro-Oeste;2024-08-29
1638;Casa São José 1638;Educação;Média;Standard;CE;Fortaleza;Nordeste;2021-08-26
1639;Casa Nova Era 1639;Serviços;Pequena;Standard;PB;João Pessoa;Nordeste;2023-07-12
1640;Oficina Nova Era 1640;Outros;MEI;Standard;SP;Campinas;Sudeste;2021-07-24
1641;Studio Popular 1641;Alimentação;Média;Standard;RJ;Niterói;Sudeste;2023-01-07
1642;Boutique Prime 1642;Serviços;MEI;Standard;CE;Juazeiro do Norte;Nordeste;2021-06-16
1643;Clínica São José 1643;Varejo;MEI;Standard;SP;Ribeirão Preto;Sudeste;2021-11-16
1644;Salão Horizonte 1644;Moda e Beleza;MEI;Standard;GO;Anápolis;Centro-Oeste;2023-10-30
1645;Restaurante do Bairro 1645;Saúde;MEI;Standard;RO;Porto Velho;Norte;2021-08-24
1646;Padaria Popular 1646;Serviços;MEI;Enterprise;PR;Maringá;Sul;2022-03-26
1647;Padaria Prime 1647;Serviços;MEI;Premium;SC;Joinville;Sul;2022-02-18
1648;Clínica Horizonte 1648;Serviços;Pequena;Premium;SP;Santos;Sudeste;2023-10-29
1649;Espaço Aurora 1649;Moda e Beleza;MEI;Standard;SP;Ribeirão Preto;Sudeste;2021-08-02
1650;Mercadinho Familia 1650;Alimentação;MEI;Premium;SP;São Paulo;Sudeste;2021-05-28
1651;Studio Express 1651;Outros;MEI;Standard;SP;Campinas;Sudeste;2024-10-30
1652;Oficina Horizonte 1652;Serviços;Pequena;Standard;PB;João Pessoa;Nordeste;2024-07-23
1653;Center Nova Era 1653;Alimentação;MEI;Standard;SP;São Paulo;Sudeste;2021-05-17
1654;Loja Aurora 1654;Moda e Beleza;Pequena;Premium;MS;Campo Grande;Centro-Oeste;2021-11-10
1655;Padaria Vitória 1655;Varejo;Pequena;Standard;SP;Campinas;Sudeste;2022-05-31
1656;Restaurante Central 1656;Alimentação;MEI;Standard;PR;Maringá;Sul;2022-06-01
1657;Boutique Express 1657;Serviços;Média;Standard;MG;Belo Horizonte;Sudeste;2022-12-06
1658;Loja São José 1658;Varejo;Pequena;Standard;CE;Juazeiro do Norte;Nordeste;2023-10-20
1659;Salão Vitória 1659;Varejo;Média;Enterprise;SC;Florianópolis;Sul;2022-05-09
1660;Ateliê Estrela 1660;Varejo;Pequena;Standard;SP;Ribeirão Preto;Sudeste;2021-01-05
1661;Center Bom Preço 1661;Moda e Beleza;MEI;Standard;SP;São Paulo;Sudeste;2022-06-12
1662;Bar Bella 1662;Alimentação;MEI;Standard;PR;Londrina;Sul;2022-06-26
1663;Ateliê Express 1663;Alimentação;Média;Standard;MT;Cuiabá;Centro-Oeste;2021-08-25
1664;Mercadinho São José 1664;Moda e Beleza;MEI;Standard;RJ;Rio de Janeiro;Sudeste;2023-12-12
1665;Empório Real 1665;Varejo;Média;Enterprise;SP;Campinas;Sudeste;2022-01-09
1666;Casa Popular 1666;Moda e Beleza;Pequena;Standard;SP;Campinas;Sudeste;2023-12-03
1667;Boutique Horizonte 1667;Serviços;MEI;Standard;PR;Curitiba;Sul;2023-03-09
1668;Clínica Bom Preço 1668;Alimentação;MEI;Premium;SP;Ribeirão Preto;Sudeste;2023-10-22
1669;Salão São José 1669;Moda e Beleza;Pequena;Standard;PA;Belém;Norte;2021-07-01
1670;Casa Estrela 1670;Varejo;Pequena;Premium;SC;Florianópolis;Sul;2023-04-24
1671;Loja Vitória 1671;Moda e Beleza;Pequena;Standard;PR;Maringá;Sul;2023-05-21
1672;Ateliê Estrela 1672;Alimentação;MEI;Standard;SP;São Paulo;Sudeste;2021-01-28
1673;Clínica Aurora 1673;Varejo;Pequena;Premium;SP;Santos;Sudeste;2023-09-29
1674;Mercadinho São José 1674;Varejo;MEI;Standard;SP;Santos;Sudeste;2022-06-20
1675;Bar Vitória 1675;Alimentação;Média;Standard;SP;Campinas;Sudeste;2022-04-16
1676;Casa Prime 1676;Varejo;Média;Standard;SP;Ribeirão Preto;Sudeste;2024-02-25
1677;Restaurante do Bairro 1677;Outros;MEI;Standard;RS;Porto Alegre;Sul;2022-10-23
1678;Loja do Bairro 1678;Varejo;MEI;Premium;SP;São Paulo;Sudeste;2023-01-15
1679;Oficina Central 1679;Alimentação;MEI;Standard;RS;Caxias do Sul;Sul;2024-05-10
1680;Boutique Vitória 1680;Alimentação;Média;Premium;RJ;Duque de Caxias;Sudeste;2024-07-10
1681;Bar Nova Era 1681;Alimentação;MEI;Standard;MS;Campo Grande;Centro-Oeste;2021-05-03
1682;Mercadinho Horizonte 1682;Varejo;Pequena;Premium;GO;Anápolis;Centro-Oeste;2022-02-18
1683;Bar Bom Preço 1683;Serviços;Média;Standard;PA;Belém;Norte;2021-10-28
1684;Casa Familia 1684;Outros;Média;Standard;SP;Ribeirão Preto;Sudeste;2022-05-18
1685;Boutique Central 1685;Alimentação;MEI;Premium;SP;São Paulo;Sudeste;2023-03-10
1686;Mercadinho Bom Preço 1686;Serviços;MEI;Standard;CE;Juazeiro do Norte;Nordeste;2021-08-13
1687;Oficina Nova Era 1687;Serviços;MEI;Standard;RO;Porto Velho;Norte;2023-05-23
1688;Casa Estrela 1688;Moda e Beleza;Pequena;Premium;MA;São Luís;Nordeste;2024-06-21
1689;Mercadinho Prime 1689;Saúde;MEI;Standard;RJ;Niterói;Sudeste;2021-02-20
1690;Salão Bom Preço 1690;Alimentação;MEI;Premium;AM;Manaus;Norte;2024-10-28
1691;Loja do Bairro 1691;Saúde;MEI;Standard;AM;Manaus;Norte;2024-01-01
1692;Padaria Real 1692;Saúde;Pequena;Standard;PE;Recife;Nordeste;2024-06-08
1693;Point Vitória 1693;Moda e Beleza;MEI;Standard;MG;Uberlândia;Sudeste;2021-09-13
1694;Center Estrela 1694;Alimentação;Pequena;Standard;PB;João Pessoa;Nordeste;2023-10-13
1695;Padaria Estrela 1695;Alimentação;MEI;Enterprise;SP;Campinas;Sudeste;2023-01-22
1696;Mercadinho Estrela 1696;Moda e Beleza;MEI;Premium;SP;Campinas;Sudeste;2024-06-15
1697;Boutique Express 1697;Serviços;MEI;Standard;GO;Goiânia;Centro-Oeste;2023-09-04
1698;Point Aurora 1698;Serviços;MEI;Standard;DF;Brasília;Centro-Oeste;2022-11-27
1699;Clínica Popular 1699;Alimentação;Pequena;Standard;MS;Campo Grande;Centro-Oeste;2021-04-28
1700;Studio Vitória 1700;Alimentação;MEI;Premium;SP;São Paulo;Sudeste;2021-12-22
1701;Padaria São José 1701;Varejo;MEI;Standard;MA;São Luís;Nordeste;2022-10-30
1702;Empório Aurora 1702;Moda e Beleza;Pequena;Standard;PE;Recife;Nordeste;2021-10-27
1703;Clínica São José 1703;Alimentação;Grande;Standard;SC;Joinville;Sul;2023-08-31
1704;Padaria Vitória 1704;Alimentação;Pequena;Standard;SP;Santos;Sudeste;2024-08-01
1705;Padaria Popular 1705;Alimentação;Grande;Standard;RS;Caxias do Sul;Sul;2024-01-24
1706;Boutique Nova Era 1706;Alimentação;MEI;Standard;MG;Juiz de Fora;Sudeste;2024-08-01
1707;Espaço Bella 1707;Educação;Grande;Enterprise;PA;Belém;Norte;2023-07-13
1708;Padaria do Bairro 1708;Moda e Beleza;MEI;Premium;ES;Vila Velha;Sudeste;2023-07-27
1709;Clínica Nova Era 1709;Serviços;MEI;Standard;PR;Curitiba;Sul;2021-03-04
1710;Center Familia 1710;Alimentação;MEI;Standard;MG;Juiz de Fora;Sudeste;2021-02-14
1711;Bar Real 1711;Alimentação;Pequena;Standard;SC;Florianópolis;Sul;2021-12-02
1712;Casa Bom Preço 1712;Serviços;MEI;Standard;SP;São Paulo;Sudeste;2023-03-20
1713;Salão São José 1713;Alimentação;MEI;Standard;MG;Belo Horizonte;Sudeste;2023-03-15
1714;Oficina Real 1714;Alimentação;Pequena;Standard;RS;Porto Alegre;Sul;2022-06-06
1715;Center do Bairro 1715;Varejo;MEI;Standard;SP;Santos;Sudeste;2021-11-09
1716;Mercadinho Prime 1716;Alimentação;MEI;Premium;PE;Olinda;Nordeste;2024-03-08
1717;Oficina Real 1717;Alimentação;Média;Standard;SP;Ribeirão Preto;Sudeste;2024-06-15
1718;Padaria Nova Era 1718;Serviços;MEI;Standard;RJ;Rio de Janeiro;Sudeste;2021-06-14
1719;Restaurante Estrela 1719;Alimentação;MEI;Premium;MG;Belo Horizonte;Sudeste;2023-01-13
1720;Clínica Aurora 1720;Alimentação;MEI;Standard;PE;Olinda;Nordeste;2022-07-09
1721;Boutique Familia 1721;Alimentação;Pequena;Premium;PR;Londrina;Sul;2021-11-07
1722;Espaço São José 1722;Serviços;Pequena;Standard;SC;Florianópolis;Sul;2024-01-06
1723;Studio Estrela 1723;Moda e Beleza;MEI;Premium;CE;Fortaleza;Nordeste;2023-04-05
1724;Mercadinho do Bairro 1724;Educação;MEI;Standard;MG;Uberlândia;Sudeste;2024-04-02
1725;Salão Express 1725;Serviços;MEI;Enterprise;RJ;Niterói;Sudeste;2023-11-14
1726;Espaço Familia 1726;Serviços;MEI;Premium;RJ;Rio de Janeiro;Sudeste;2021-12-23
1727;Center Nova Era 1727;Outros;Pequena;Standard;MG;Belo Horizonte;Sudeste;2021-12-12
1728;Espaço Vitória 1728;Outros;Pequena;Standard;SP;Ribeirão Preto;Sudeste;2021-05-10
1729;Padaria Prime 1729;Moda e Beleza;MEI;Premium;SP;Santos;Sudeste;2021-04-19
1730;Empório Nova Era 1730;Alimentação;MEI;Standard;RJ;Niterói;Sudeste;2023-12-04
1731;Center Bella 1731;Serviços;Pequena;Standard;PA;Belém;Norte;2024-10-09
1732;Boutique Familia 1732;Alimentação;MEI;Standard;BA;Salvador;Nordeste;2021-12-01
1733;Bar Estrela 1733;Saúde;MEI;Premium;RS;Porto Alegre;Sul;2021-03-06
1734;Boutique Real 1734;Varejo;Pequena;Standard;RJ;Niterói;Sudeste;2022-06-15
1735;Boutique Real 1735;Varejo;Pequena;Premium;PR;Londrina;Sul;2023-08-26
1736;Restaurante Central 1736;Varejo;MEI;Standard;DF;Brasília;Centro-Oeste;2022-04-20
1737;Point São José 1737;Varejo;MEI;Standard;BA;Feira de Santana;Nordeste;2021-01-15
1738;Ateliê Real 1738;Outros;MEI;Standard;RS;Porto Alegre;Sul;2023-02-15
1739;Padaria Horizonte 1739;Alimentação;MEI;Enterprise;SC;Joinville;Sul;2023-05-02
1740;Loja Nova Era 1740;Varejo;Pequena;Standard;CE;Juazeiro do Norte;Nordeste;2021-10-17
1741;Bar Bom Preço 1741;Serviços;MEI;Standard;PA;Belém;Norte;2022-04-12
1742;Center Bom Preço 1742;Varejo;Pequena;Premium;RJ;Rio de Janeiro;Sudeste;2023-04-25
1743;Restaurante Bom Preço 1743;Moda e Beleza;MEI;Standard;RJ;Niterói;Sudeste;2022-10-01
1744;Loja Central 1744;Varejo;MEI;Standard;SP;Ribeirão Preto;Sudeste;2023-04-20
1745;Oficina Express 1745;Saúde;MEI;Premium;SP;Campinas;Sudeste;2021-09-17
1746;Oficina Bom Preço 1746;Varejo;Pequena;Standard;PR;Londrina;Sul;2023-03-25
1747;Boutique São José 1747;Moda e Beleza;Pequena;Standard;SP;Santos;Sudeste;2024-05-03
1748;Boutique Vitória 1748;Alimentação;Pequena;Standard;SP;Ribeirão Preto;Sudeste;2021-02-24
1749;Clínica Estrela 1749;Varejo;Pequena;Standard;SP;Ribeirão Preto;Sudeste;2024-04-15
1750;Restaurante Popular 1750;Varejo;MEI;Standard;SP;Ribeirão Preto;Sudeste;2021-02-16
1751;Casa Popular 1751;Serviços;Pequena;Enterprise;SP;Campinas;Sudeste;2023-01-16
1752;Mercadinho Bom Preço 1752;Varejo;MEI;Premium;RJ;Duque de Caxias;Sudeste;2024-08-19
1753;Loja Express 1753;Alimentação;MEI;Standard;SP;Santos;Sudeste;2022-01-08
1754;Salão Central 1754;Serviços;Média;Standard;RS;Porto Alegre;Sul;2023-09-15
1755;Loja Vitória 1755;Alimentação;Pequena;Standard;SP;São Paulo;Sudeste;2021-09-13
1756;Empório Bella 1756;Alimentação;MEI;Standard;DF;Brasília;Centro-Oeste;2021-04-14
1757;Loja Central 1757;Serviços;Média;Standard;DF;Brasília;Centro-Oeste;2022-06-14
1758;Espaço Central 1758;Alimentação;MEI;Enterprise;MA;São Luís;Nordeste;2023-05-16
1759;Ateliê Express 1759;Alimentação;Média;Premium;SP;Ribeirão Preto;Sudeste;2024-01-01
1760;Ateliê Familia 1760;Varejo;Média;Standard;GO;Goiânia;Centro-Oeste;2024-10-03
1761;Espaço do Bairro 1761;Alimentação;Pequena;Standard;RS;Porto Alegre;Sul;2021-04-19
1762;Casa Bella 1762;Varejo;MEI;Standard;SP;Campinas;Sudeste;2024-03-28
1763;Oficina Aurora 1763;Alimentação;MEI;Standard;BA;Feira de Santana;Nordeste;2024-01-18
1764;Bar Aurora 1764;Alimentação;MEI;Standard;RS;Caxias do Sul;Sul;2021-08-27
1765;Bar Popular 1765;Serviços;MEI;Standard;SP;Santos;Sudeste;2021-04-11
1766;Center São José 1766;Serviços;MEI;Premium;PR;Maringá;Sul;2023-08-21
1767;Bar Bom Preço 1767;Alimentação;Média;Standard;MG;Juiz de Fora;Sudeste;2023-08-30
1768;Ateliê Vitória 1768;Varejo;Pequena;Standard;GO;Anápolis;Centro-Oeste;2023-05-09
1769;Padaria do Bairro 1769;Varejo;MEI;Enterprise;MG;Uberlândia;Sudeste;2023-09-16
1770;Loja Familia 1770;Serviços;Pequena;Standard;RJ;Rio de Janeiro;Sudeste;2021-07-18
1771;Clínica Nova Era 1771;Alimentação;Pequena;Standard;MA;São Luís;Nordeste;2022-07-07
1772;Espaço Prime 1772;Varejo;MEI;Standard;RS;Caxias do Sul;Sul;2021-03-01
1773;Casa do Bairro 1773;Moda e Beleza;Pequena;Enterprise;CE;Fortaleza;Nordeste;2022-08-05
1774;Clínica Prime 1774;Alimentação;Média;Premium;MG;Belo Horizonte;Sudeste;2024-06-17
1775;Casa Estrela 1775;Saúde;MEI;Enterprise;PA;Belém;Norte;2023-07-14
1776;Padaria Prime 1776;Moda e Beleza;MEI;Enterprise;RS;Caxias do Sul;Sul;2024-08-18
1777;Restaurante Horizonte 1777;Moda e Beleza;MEI;Standard;SP;São Paulo;Sudeste;2022-04-25
1778;Mercadinho Horizonte 1778;Varejo;Média;Standard;PR;Londrina;Sul;2021-07-09
1779;Clínica Express 1779;Varejo;MEI;Premium;MT;Cuiabá;Centro-Oeste;2021-01-29
1780;Restaurante Nova Era 1780;Moda e Beleza;Pequena;Standard;SC;Joinville;Sul;2023-09-10
1781;Center Estrela 1781;Saúde;Pequena;Standard;PA;Belém;Norte;2021-11-08
1782;Salão Express 1782;Saúde;Pequena;Standard;SP;Ribeirão Preto;Sudeste;2021-01-04
1783;Loja Nova Era 1783;Varejo;MEI;Enterprise;RS;Caxias do Sul;Sul;2021-05-22
1784;Boutique Prime 1784;Alimentação;MEI;Premium;SP;Campinas;Sudeste;2022-08-02
1785;Restaurante Express 1785;Serviços;Pequena;Standard;PA;Belém;Norte;2021-07-21
1786;Center Popular 1786;Varejo;Média;Standard;RJ;Rio de Janeiro;Sudeste;2023-03-01
1787;Studio Bom Preço 1787;Varejo;Pequena;Standard;PR;Londrina;Sul;2021-02-03
1788;Bar Prime 1788;Alimentação;Média;Standard;PB;João Pessoa;Nordeste;2022-07-29
1789;Point Real 1789;Outros;MEI;Standard;BA;Feira de Santana;Nordeste;2024-06-15
1790;Espaço Bella 1790;Educação;Pequena;Premium;PE;Recife;Nordeste;2022-07-05
1791;Casa Popular 1791;Serviços;MEI;Premium;SC;Blumenau;Sul;2023-03-05
1792;Ateliê Prime 1792;Varejo;MEI;Premium;RS;Porto Alegre;Sul;2024-05-18
1793;Bar Estrela 1793;Varejo;MEI;Standard;DF;Brasília;Centro-Oeste;2024-04-10
1794;Mercadinho Central 1794;Alimentação;MEI;Standard;AM;Manaus;Norte;2021-06-25
1795;Casa Familia 1795;Outros;MEI;Standard;ES;Vitória;Sudeste;2024-02-02
1796;Oficina Nova Era 1796;Outros;MEI;Standard;PA;Belém;Norte;2021-12-06
1797;Padaria Real 1797;Serviços;MEI;Premium;SP;Santos;Sudeste;2024-05-31
1798;Empório Real 1798;Alimentação;MEI;Standard;SP;Ribeirão Preto;Sudeste;2024-08-07
1799;Espaço Bella 1799;Varejo;Grande;Standard;SP;São Paulo;Sudeste;2021-01-17
1800;Salão Central 1800;Serviços;MEI;Premium;SP;Santos;Sudeste;2024-04-16
1801;Center Express 1801;Varejo;Pequena;Premium;SP;Ribeirão Preto;Sudeste;2021-11-13
1802;Salão Aurora 1802;Varejo;Pequena;Standard;SP;Santos;Sudeste;2023-09-06
1803;Studio Horizonte 1803;Alimentação;MEI;Enterprise;SC;Florianópolis;Sul;2021-08-21
1804;Salão Horizonte 1804;Educação;Pequena;Standard;SP;Campinas;Sudeste;2023-10-16
1805;Mercadinho Estrela 1805;Saúde;MEI;Standard;MG;Uberlândia;Sudeste;2024-07-24
1806;Point Familia 1806;Educação;MEI;Standard;SP;São Paulo;Sudeste;2023-09-21
1807;Point Familia 1807;Serviços;MEI;Standard;BA;Salvador;Nordeste;2024-07-18
1808;Ateliê Vitória 1808;Moda e Beleza;MEI;Standard;CE;Juazeiro do Norte;Nordeste;2024-06-17
1809;Center Bom Preço 1809;Varejo;Pequena;Standard;SC;Joinville;Sul;2021-08-18
1810;Empório Estrela 1810;Alimentação;MEI;Standard;RJ;Duque de Caxias;Sudeste;2022-01-31
1811;Studio Prime 1811;Varejo;MEI;Premium;SC;Blumenau;Sul;2024-06-07
1812;Ateliê Express 1812;Serviços;MEI;Premium;PR;Londrina;Sul;2021-05-10
1813;Empório Aurora 1813;Outros;Média;Standard;RS;Caxias do Sul;Sul;2023-11-28
1814;Point Central 1814;Alimentação;MEI;Standard;RJ;Duque de Caxias;Sudeste;2021-12-04
1815;Restaurante Real 1815;Alimentação;Pequena;Standard;SP;Campinas;Sudeste;2023-02-11
1816;Center Horizonte 1816;Alimentação;Média;Standard;SP;São Paulo;Sudeste;2024-09-27
1817;Studio Nova Era 1817;Serviços;MEI;Premium;SC;Joinville;Sul;2023-08-17
1818;Casa Bella 1818;Serviços;MEI;Standard;SC;Florianópolis;Sul;2023-05-26
1819;Espaço Real 1819;Alimentação;MEI;Standard;PE;Olinda;Nordeste;2021-06-09
1820;Mercadinho Popular 1820;Alimentação;Pequena;Premium;MG;Belo Horizonte;Sudeste;2024-07-23
1821;Loja Bom Preço 1821;Moda e Beleza;MEI;Premium;RS;Caxias do Sul;Sul;2024-03-26
1822;Oficina Vitória 1822;Serviços;MEI;Standard;PR;Maringá;Sul;2024-06-18
1823;Empório Real 1823;Varejo;Grande;Standard;SP;São Paulo;Sudeste;2023-09-10
1824;Espaço Estrela 1824;Alimentação;MEI;Standard;RJ;Duque de Caxias;Sudeste;2023-04-10
1825;Espaço Familia 1825;Outros;MEI;Enterprise;RS;Porto Alegre;Sul;2023-11-23
1826;Oficina do Bairro 1826;Varejo;MEI;Premium;RS;Porto Alegre;Sul;2023-07-24
1827;Clínica Horizonte 1827;Alimentação;Pequena;Standard;SC;Blumenau;Sul;2024-08-20
1828;Point Bella 1828;Educação;MEI;Standard;RJ;Niterói;Sudeste;2024-01-02
1829;Clínica Estrela 1829;Varejo;Média;Standard;BA;Feira de Santana;Nordeste;2021-07-29
1830;Boutique Vitória 1830;Educação;Pequena;Premium;SP;Campinas;Sudeste;2021-11-19
1831;Padaria Estrela 1831;Educação;MEI;Standard;SP;São Paulo;Sudeste;2023-11-16
1832;Ateliê do Bairro 1832;Outros;Grande;Standard;SP;Ribeirão Preto;Sudeste;2022-06-06
1833;Point São José 1833;Varejo;MEI;Standard;DF;Brasília;Centro-Oeste;2022-11-30
1834;Clínica Real 1834;Alimentação;MEI;Premium;SP;Campinas;Sudeste;2022-07-02
1835;Boutique Aurora 1835;Serviços;MEI;Premium;PB;João Pessoa;Nordeste;2023-04-25
1836;Loja do Bairro 1836;Serviços;MEI;Standard;PE;Recife;Nordeste;2021-12-16
1837;Bar Prime 1837;Educação;Pequena;Enterprise;MA;São Luís;Nordeste;2023-05-04
1838;Clínica Familia 1838;Saúde;MEI;Standard;SP;Santos;Sudeste;2024-07-30
1839;Salão Estrela 1839;Outros;Pequena;Standard;SP;São Paulo;Sudeste;2023-07-15
1840;Casa São José 1840;Saúde;Média;Standard;MG;Belo Horizonte;Sudeste;2022-06-04
1841;Mercadinho Real 1841;Serviços;MEI;Standard;PR;Londrina;Sul;2023-03-22
1842;Salão Express 1842;Alimentação;Média;Standard;SP;São Paulo;Sudeste;2021-05-28
1843;Espaço São José 1843;Saúde;Média;Standard;SP;Ribeirão Preto;Sudeste;2023-11-08
1844;Oficina Nova Era 1844;Alimentação;Pequena;Standard;BA;Feira de Santana;Nordeste;2021-01-13
1845;Studio Central 1845;Alimentação;Pequena;Standard;SP;Santos;Sudeste;2024-08-07
1846;Empório Aurora 1846;Saúde;MEI;Standard;ES;Vitória;Sudeste;2021-11-03
1847;Center Aurora 1847;Alimentação;Grande;Premium;RS;Porto Alegre;Sul;2022-02-24
1848;Point Central 1848;Alimentação;MEI;Standard;SP;São Paulo;Sudeste;2022-03-19
1849;Point Central 1849;Moda e Beleza;MEI;Standard;MS;Campo Grande;Centro-Oeste;2024-09-19
1850;Salão Bom Preço 1850;Varejo;Média;Premium;PR;Curitiba;Sul;2021-02-21
1851;Boutique Bella 1851;Serviços;MEI;Premium;SP;Ribeirão Preto;Sudeste;2023-12-16
1852;Mercadinho São José 1852;Serviços;MEI;Standard;SP;Santos;Sudeste;2022-10-28
1853;Casa Vitória 1853;Serviços;Pequena;Standard;SP;São Paulo;Sudeste;2021-05-14
1854;Padaria Vitória 1854;Varejo;MEI;Standard;PE;Recife;Nordeste;2022-07-14
1855;Bar Horizonte 1855;Moda e Beleza;MEI;Standard;RJ;Rio de Janeiro;Sudeste;2023-11-06
1856;Clínica do Bairro 1856;Varejo;Média;Premium;SP;São Paulo;Sudeste;2021-07-17
1857;Clínica Horizonte 1857;Varejo;MEI;Premium;CE;Juazeiro do Norte;Nordeste;2021-06-07
1858;Boutique do Bairro 1858;Moda e Beleza;MEI;Standard;SP;São Paulo;Sudeste;2023-08-02
1859;Loja Aurora 1859;Alimentação;MEI;Standard;MT;Cuiabá;Centro-Oeste;2024-06-06
1860;Loja Express 1860;Saúde;MEI;Standard;SP;Santos;Sudeste;2024-10-04
1861;Studio Central 1861;Serviços;MEI;Standard;MG;Juiz de Fora;Sudeste;2021-12-23
1862;Mercadinho do Bairro 1862;Saúde;Pequena;Standard;SC;Blumenau;Sul;2023-06-09
1863;Point Express 1863;Alimentação;MEI;Standard;MG;Uberlândia;Sudeste;2024-03-21
1864;Center do Bairro 1864;Alimentação;Grande;Standard;SP;Campinas;Sudeste;2022-03-14
1865;Restaurante Estrela 1865;Serviços;Pequena;Standard;MG;Juiz de Fora;Sudeste;2022-05-26
1866;Clínica Bom Preço 1866;Varejo;MEI;Standard;BA;Salvador;Nordeste;2022-09-19
1867;Restaurante Vitória 1867;Outros;Pequena;Standard;PE;Olinda;Nordeste;2023-05-12
1868;Center Horizonte 1868;Moda e Beleza;Média;Premium;SC;Florianópolis;Sul;2021-08-26
1869;Salão do Bairro 1869;Saúde;Média;Standard;SP;Campinas;Sudeste;2024-08-24
1870;Center do Bairro 1870;Serviços;MEI;Standard;PR;Londrina;Sul;2023-08-18
1871;Clínica Vitória 1871;Educação;Média;Standard;MA;São Luís;Nordeste;2021-03-22
1872;Oficina Aurora 1872;Moda e Beleza;Pequena;Enterprise;RJ;Niterói;Sudeste;2021-05-11
1873;Restaurante Horizonte 1873;Serviços;Pequena;Standard;RJ;Niterói;Sudeste;2023-03-02
1874;Restaurante Aurora 1874;Varejo;MEI;Premium;SC;Blumenau;Sul;2024-09-10
1875;Mercadinho São José 1875;Saúde;Pequena;Standard;RS;Caxias do Sul;Sul;2022-07-13
1876;Salão Horizonte 1876;Varejo;Pequena;Standard;DF;Brasília;Centro-Oeste;2024-01-23
1877;Boutique Real 1877;Alimentação;Média;Standard;RJ;Duque de Caxias;Sudeste;2021-06-28
1878;Bar Nova Era 1878;Varejo;Pequena;Enterprise;BA;Feira de Santana;Nordeste;2022-08-31
1879;Empório Prime 1879;Varejo;Grande;Standard;SP;São Paulo;Sudeste;2022-12-04
1880;Espaço Vitória 1880;Moda e Beleza;Pequena;Standard;DF;Brasília;Centro-Oeste;2021-04-21
1881;Casa Prime 1881;Serviços;Pequena;Premium;MS;Campo Grande;Centro-Oeste;2021-11-10
1882;Point Aurora 1882;Alimentação;MEI;Standard;PR;Curitiba;Sul;2023-07-03
1883;Casa Horizonte 1883;Alimentação;Pequena;Standard;MG;Uberlândia;Sudeste;2024-01-14
1884;Boutique Vitória 1884;Varejo;Pequena;Standard;RJ;Duque de Caxias;Sudeste;2021-02-05
1885;Espaço Central 1885;Moda e Beleza;MEI;Standard;RJ;Duque de Caxias;Sudeste;2023-03-15
1886;Bar Real 1886;Saúde;Pequena;Enterprise;SC;Florianópolis;Sul;2024-03-02
1887;Espaço Prime 1887;Moda e Beleza;Pequena;Standard;SP;Campinas;Sudeste;2023-01-26
1888;Mercadinho Express 1888;Moda e Beleza;Pequena;Standard;MG;Uberlândia;Sudeste;2024-07-27
1889;Ateliê Central 1889;Educação;MEI;Standard;SP;Santos;Sudeste;2024-07-10
1890;Point Estrela 1890;Varejo;Pequena;Standard;CE;Juazeiro do Norte;Nordeste;2021-01-26
1891;Oficina Horizonte 1891;Serviços;MEI;Enterprise;RJ;Rio de Janeiro;Sudeste;2022-12-22
1892;Center Familia 1892;Serviços;MEI;Enterprise;RJ;Niterói;Sudeste;2024-04-18
1893;Studio São José 1893;Serviços;Média;Standard;MG;Juiz de Fora;Sudeste;2024-10-30
1894;Empório Estrela 1894;Serviços;MEI;Enterprise;SP;Santos;Sudeste;2023-02-10
1895;Salão Central 1895;Varejo;Pequena;Premium;MG;Juiz de Fora;Sudeste;2021-12-12
1896;Oficina Real 1896;Varejo;Pequena;Standard;PE;Recife;Nordeste;2023-08-31
1897;Restaurante Vitória 1897;Educação;Pequena;Standard;SP;Ribeirão Preto;Sudeste;2024-02-12
1898;Mercadinho Estrela 1898;Varejo;MEI;Standard;DF;Brasília;Centro-Oeste;2021-06-05
1899;Salão Bella 1899;Alimentação;Grande;Standard;SP;São Paulo;Sudeste;2023-01-08
1900;Empório Real 1900;Serviços;Pequena;Standard;PE;Olinda;Nordeste;2022-12-07
1901;Oficina do Bairro 1901;Serviços;Pequena;Premium;RS;Porto Alegre;Sul;2021-11-07
1902;Espaço Bella 1902;Serviços;Pequena;Standard;SP;Campinas;Sudeste;2024-01-13
1903;Bar Horizonte 1903;Alimentação;MEI;Premium;GO;Anápolis;Centro-Oeste;2021-08-31
1904;Loja Express 1904;Alimentação;Média;Standard;MG;Juiz de Fora;Sudeste;2021-12-12
1905;Ateliê Horizonte 1905;Moda e Beleza;Pequena;Enterprise;BA;Feira de Santana;Nordeste;2024-08-19
1906;Espaço Popular 1906;Outros;MEI;Standard;MG;Uberlândia;Sudeste;2024-01-28
1907;Loja Familia 1907;Serviços;MEI;Standard;RJ;Niterói;Sudeste;2021-06-02
1908;Empório do Bairro 1908;Varejo;Pequena;Standard;PR;Maringá;Sul;2022-05-21
1909;Boutique Central 1909;Alimentação;MEI;Standard;SP;Ribeirão Preto;Sudeste;2021-02-02
1910;Restaurante Horizonte 1910;Moda e Beleza;MEI;Standard;SP;Ribeirão Preto;Sudeste;2023-01-04
1911;Espaço Familia 1911;Serviços;Pequena;Standard;CE;Fortaleza;Nordeste;2021-03-27
1912;Point Familia 1912;Varejo;MEI;Enterprise;PR;Maringá;Sul;2022-07-29
1913;Point do Bairro 1913;Alimentação;MEI;Premium;RS;Caxias do Sul;Sul;2023-07-04
1914;Mercadinho Central 1914;Varejo;Pequena;Standard;SP;Campinas;Sudeste;2021-12-31
1915;Restaurante Real 1915;Varejo;Pequena;Standard;SP;Santos;Sudeste;2022-06-21
1916;Studio Bom Preço 1916;Saúde;Média;Standard;SP;São Paulo;Sudeste;2023-08-18
1917;Restaurante Real 1917;Serviços;MEI;Standard;SP;Ribeirão Preto;Sudeste;2024-04-10
1918;Point Real 1918;Alimentação;Média;Standard;MT;Cuiabá;Centro-Oeste;2022-02-27
1919;Casa Horizonte 1919;Varejo;Pequena;Standard;PR;Londrina;Sul;2021-04-10
1920;Center Real 1920;Alimentação;MEI;Standard;RJ;Niterói;Sudeste;2022-11-01
1921;Bar São José 1921;Outros;MEI;Standard;RJ;Duque de Caxias;Sudeste;2021-10-15
1922;Bar Bella 1922;Serviços;MEI;Standard;MG;Belo Horizonte;Sudeste;2022-03-26
1923;Point Bom Preço 1923;Alimentação;Média;Enterprise;RS;Porto Alegre;Sul;2022-08-02
1924;Espaço Horizonte 1924;Varejo;MEI;Standard;RJ;Niterói;Sudeste;2021-06-17
1925;Loja Central 1925;Alimentação;MEI;Standard;SC;Blumenau;Sul;2024-07-16
1926;Mercadinho São José 1926;Varejo;Pequena;Standard;MS;Campo Grande;Centro-Oeste;2024-10-19
1927;Ateliê Bella 1927;Serviços;Média;Standard;BA;Salvador;Nordeste;2021-02-22
1928;Studio Prime 1928;Varejo;MEI;Premium;AM;Manaus;Norte;2022-05-05
1929;Padaria Bella 1929;Serviços;Pequena;Standard;CE;Juazeiro do Norte;Nordeste;2021-09-20
1930;Point Estrela 1930;Saúde;Média;Standard;RS;Caxias do Sul;Sul;2021-07-09
1931;Point do Bairro 1931;Moda e Beleza;MEI;Standard;SP;Campinas;Sudeste;2021-05-06
1932;Boutique do Bairro 1932;Alimentação;MEI;Standard;PR;Maringá;Sul;2024-02-29
1933;Espaço Estrela 1933;Alimentação;MEI;Standard;CE;Juazeiro do Norte;Nordeste;2023-01-18
1934;Salão São José 1934;Varejo;MEI;Standard;SP;São Paulo;Sudeste;2021-08-20
1935;Empório Prime 1935;Alimentação;MEI;Standard;RJ;Duque de Caxias;Sudeste;2023-03-02
1936;Empório Prime 1936;Alimentação;Pequena;Standard;SP;Campinas;Sudeste;2021-02-24
1937;Boutique Bella 1937;Saúde;MEI;Standard;CE;Fortaleza;Nordeste;2022-06-02
1938;Casa Central 1938;Serviços;MEI;Premium;SP;Ribeirão Preto;Sudeste;2021-09-30
1939;Boutique Bom Preço 1939;Saúde;Pequena;Standard;PR;Londrina;Sul;2022-09-10
1940;Studio Bella 1940;Alimentação;MEI;Standard;RO;Porto Velho;Norte;2024-07-18
1941;Salão Express 1941;Serviços;MEI;Standard;SP;Santos;Sudeste;2024-09-04
1942;Studio Vitória 1942;Serviços;MEI;Premium;RJ;Niterói;Sudeste;2023-12-04
1943;Padaria Aurora 1943;Varejo;Pequena;Standard;RS;Caxias do Sul;Sul;2023-10-20
1944;Loja Popular 1944;Alimentação;Pequena;Premium;SC;Blumenau;Sul;2023-10-11
1945;Bar do Bairro 1945;Serviços;Pequena;Standard;CE;Fortaleza;Nordeste;2024-01-29
1946;Empório Express 1946;Varejo;MEI;Standard;MA;São Luís;Nordeste;2024-01-09
1947;Oficina Familia 1947;Alimentação;MEI;Standard;SP;Santos;Sudeste;2021-01-20
1948;Center Bella 1948;Serviços;MEI;Standard;RJ;Niterói;Sudeste;2021-05-23
1949;Clínica Real 1949;Outros;MEI;Standard;CE;Juazeiro do Norte;Nordeste;2024-08-24
1950;Mercadinho do Bairro 1950;Serviços;Pequena;Standard;PA;Belém;Norte;2021-05-24
1951;Empório Bom Preço 1951;Alimentação;Pequena;Premium;SP;Santos;Sudeste;2021-01-21
1952;Salão Vitória 1952;Varejo;Média;Standard;SC;Joinville;Sul;2021-11-29
1953;Boutique Express 1953;Varejo;Pequena;Standard;BA;Salvador;Nordeste;2022-08-19
1954;Oficina Vitória 1954;Moda e Beleza;Média;Standard;MA;São Luís;Nordeste;2022-04-05
1955;Espaço Central 1955;Serviços;Pequena;Standard;PE;Olinda;Nordeste;2023-03-31
1956;Mercadinho Nova Era 1956;Alimentação;MEI;Standard;SP;Ribeirão Preto;Sudeste;2023-04-20
1957;Espaço Nova Era 1957;Varejo;Pequena;Standard;SP;Campinas;Sudeste;2024-01-04
1958;Oficina Familia 1958;Educação;Média;Premium;CE;Juazeiro do Norte;Nordeste;2021-02-03
1959;Point Bom Preço 1959;Serviços;Média;Enterprise;RO;Porto Velho;Norte;2022-05-09
1960;Point Aurora 1960;Moda e Beleza;Pequena;Premium;GO;Goiânia;Centro-Oeste;2022-03-15
1961;Ateliê Estrela 1961;Alimentação;Pequena;Premium;MG;Belo Horizonte;Sudeste;2024-10-20
1962;Restaurante Vitória 1962;Saúde;Média;Standard;GO;Goiânia;Centro-Oeste;2024-05-15
1963;Center Real 1963;Varejo;MEI;Standard;DF;Brasília;Centro-Oeste;2023-03-12
1964;Studio Popular 1964;Varejo;Pequena;Premium;MG;Belo Horizonte;Sudeste;2023-03-06
1965;Espaço Estrela 1965;Serviços;MEI;Standard;SP;Santos;Sudeste;2022-05-13
1966;Oficina Vitória 1966;Saúde;Pequena;Premium;SC;Florianópolis;Sul;2021-07-26
1967;Restaurante Prime 1967;Moda e Beleza;Grande;Standard;SC;Joinville;Sul;2021-09-26
1968;Boutique Popular 1968;Serviços;MEI;Standard;SP;Ribeirão Preto;Sudeste;2021-07-29
1969;Studio Popular 1969;Outros;MEI;Standard;GO;Goiânia;Centro-Oeste;2023-02-24
1970;Casa Horizonte 1970;Moda e Beleza;Pequena;Standard;MG;Belo Horizonte;Sudeste;2021-10-27
1971;Boutique São José 1971;Varejo;MEI;Standard;PR;Maringá;Sul;2022-11-27
1972;Mercadinho São José 1972;Moda e Beleza;MEI;Premium;SC;Blumenau;Sul;2023-06-27
1973;Mercadinho Bom Preço 1973;Alimentação;Média;Standard;SP;Campinas;Sudeste;2023-04-24
1974;Clínica Central 1974;Saúde;Média;Standard;PR;Curitiba;Sul;2021-08-29
1975;Espaço do Bairro 1975;Alimentação;MEI;Standard;SP;Ribeirão Preto;Sudeste;2022-01-07
1976;Clínica Popular 1976;Varejo;Pequena;Premium;CE;Juazeiro do Norte;Nordeste;2023-04-18
1977;Padaria Familia 1977;Varejo;MEI;Standard;PE;Olinda;Nordeste;2023-03-05
1978;Center Express 1978;Alimentação;MEI;Standard;RJ;Rio de Janeiro;Sudeste;2021-12-01
1979;Empório Nova Era 1979;Moda e Beleza;MEI;Enterprise;MT;Cuiabá;Centro-Oeste;2023-09-27
1980;Boutique Nova Era 1980;Moda e Beleza;MEI;Standard;MG;Belo Horizonte;Sudeste;2021-12-01
1981;Point Horizonte 1981;Alimentação;Pequena;Standard;MG;Belo Horizonte;Sudeste;2024-01-02
1982;Loja Popular 1982;Serviços;MEI;Premium;RJ;Rio de Janeiro;Sudeste;2022-08-27
1983;Padaria Estrela 1983;Alimentação;Pequena;Standard;PE;Olinda;Nordeste;2021-04-13
1984;Bar Vitória 1984;Alimentação;Pequena;Enterprise;MG;Uberlândia;Sudeste;2022-04-27
1985;Restaurante Nova Era 1985;Alimentação;Pequena;Standard;MG;Belo Horizonte;Sudeste;2021-01-21
1986;Salão Estrela 1986;Moda e Beleza;Média;Standard;PA;Belém;Norte;2021-07-17
1987;Salão São José 1987;Alimentação;Média;Standard;SP;Santos;Sudeste;2021-07-14
1988;Studio Familia 1988;Saúde;Pequena;Standard;SP;São Paulo;Sudeste;2021-06-13
1989;Empório Vitória 1989;Saúde;MEI;Standard;SP;Ribeirão Preto;Sudeste;2021-11-19
1990;Salão Estrela 1990;Alimentação;Média;Standard;PR;Curitiba;Sul;2022-02-17
1991;Salão do Bairro 1991;Serviços;Pequena;Standard;MG;Belo Horizonte;Sudeste;2023-06-12
1992;Point Prime 1992;Alimentação;Pequena;Standard;SP;São Paulo;Sudeste;2023-05-16
1993;Salão Vitória 1993;Varejo;MEI;Standard;MG;Uberlândia;Sudeste;2023-10-07
1994;Ateliê Familia 1994;Moda e Beleza;MEI;Premium;PR;Londrina;Sul;2024-07-01
1995;Restaurante Prime 1995;Alimentação;MEI;Standard;SP;Campinas;Sudeste;2021-09-26
1996;Espaço Familia 1996;Serviços;MEI;Standard;BA;Salvador;Nordeste;2024-07-09
1997;Loja Estrela 1997;Moda e Beleza;Pequena;Premium;RS;Caxias do Sul;Sul;2022-12-05
1998;Center Horizonte 1998;Varejo;MEI;Premium;PA;Belém;Norte;2022-01-29
1999;Salão Nova Era 1999;Varejo;MEI;Standard;SP;Campinas;Sudeste;2024-02-26
2000;Bar Bella 2000;Alimentação;Grande;Standard;PB;João Pessoa;Nordeste;2024-07-29
2001;Bar São José 2001;Varejo;MEI;Standard;GO;Goiânia;Centro-Oeste;2023-07-15
2002;Bar Central 2002;Varejo;MEI;Standard;BA;Salvador;Nordeste;2021-01-13
2003;Oficina Estrela 2003;Alimentação;Pequena;Premium;SP;Santos;Sudeste;2021-03-30
2004;Studio Central 2004;Moda e Beleza;Pequena;Standard;PA;Belém;Norte;2022-02-23
2005;Bar Bom Preço 2005;Moda e Beleza;MEI;Enterprise;BA;Salvador;Nordeste;2023-05-02
2006;Loja do Bairro 2006;Saúde;MEI;Premium;PR;Londrina;Sul;2024-06-25
2007;Center Nova Era 2007;Varejo;MEI;Standard;MA;São Luís;Nordeste;2022-12-29
2008;Salão Bella 2008;Moda e Beleza;MEI;Standard;MG;Juiz de Fora;Sudeste;2024-07-07
2009;Oficina São José 2009;Serviços;MEI;Standard;MT;Cuiabá;Centro-Oeste;2024-06-24
2010;Center Aurora 2010;Alimentação;Pequena;Standard;SP;Campinas;Sudeste;2021-06-05
2011;Center Horizonte 2011;Varejo;MEI;Enterprise;SP;Campinas;Sudeste;2023-07-15
2012;Restaurante Prime 2012;Serviços;Média;Premium;SP;São Paulo;Sudeste;2022-07-04
2013;Bar Prime 2013;Educação;Pequena;Enterprise;PB;João Pessoa;Nordeste;2021-09-27
2014;Studio Vitória 2014;Moda e Beleza;Média;Standard;PB;João Pessoa;Nordeste;2021-02-16
2015;Point Bella 2015;Varejo;Pequena;Standard;CE;Fortaleza;Nordeste;2022-04-07
2016;Casa Familia 2016;Alimentação;MEI;Standard;BA;Feira de Santana;Nordeste;2023-04-15
2017;Padaria do Bairro 2017;Serviços;Pequena;Standard;RS;Caxias do Sul;Sul;2022-05-05
2018;Padaria Express 2018;Varejo;MEI;Standard;BA;Salvador;Nordeste;2024-02-20
2019;Padaria Familia 2019;Varejo;MEI;Standard;MG;Belo Horizonte;Sudeste;2021-01-20
2020;Bar Central 2020;Moda e Beleza;MEI;Standard;RJ;Niterói;Sudeste;2021-05-11
2021;Mercadinho Vitória 2021;Serviços;MEI;Standard;RS;Porto Alegre;Sul;2021-04-27
2022;Boutique São José 2022;Alimentação;MEI;Standard;SC;Blumenau;Sul;2021-11-08
2023;Empório Popular 2023;Alimentação;MEI;Standard;PA;Belém;Norte;2021-12-23
2024;Empório Bom Preço 2024;Saúde;MEI;Standard;BA;Salvador;Nordeste;2023-09-30
2025;Empório Popular 2025;Alimentação;Grande;Standard;CE;Juazeiro do Norte;Nordeste;2023-10-30
2026;Ateliê Real 2026;Alimentação;Pequena;Standard;PR;Curitiba;Sul;2022-11-28
2027;Empório Central 2027;Serviços;Média;Standard;SC;Florianópolis;Sul;2021-12-07
2028;Center Popular 2028;Alimentação;Média;Enterprise;GO;Anápolis;Centro-Oeste;2024-09-05
2029;Center Familia 2029;Serviços;MEI;Standard;SP;Santos;Sudeste;2021-02-19
2030;Empório Central 2030;Alimentação;Pequena;Standard;PE;Olinda;Nordeste;2021-05-12
2031;Oficina Real 2031;Alimentação;Pequena;Standard;BA;Feira de Santana;Nordeste;2024-08-10
2032;Loja Horizonte 2032;Educação;MEI;Standard;MG;Uberlândia;Sudeste;2021-07-24
2033;Loja Prime 2033;Saúde;MEI;Standard;SP;Ribeirão Preto;Sudeste;2021-03-21
2034;Espaço Central 2034;Alimentação;MEI;Standard;SP;Ribeirão Preto;Sudeste;2022-05-30
2035;Oficina do Bairro 2035;Alimentação;Média;Standard;PA;Belém;Norte;2021-08-15
2036;Point Estrela 2036;Alimentação;MEI;Premium;SP;Ribeirão Preto;Sudeste;2021-05-31
2037;Empório Central 2037;Serviços;MEI;Standard;BA;Salvador;Nordeste;2024-08-03
2038;Padaria Estrela 2038;Varejo;MEI;Standard;SP;São Paulo;Sudeste;2023-05-07
2039;Restaurante São José 2039;Varejo;MEI;Premium;BA;Feira de Santana;Nordeste;2024-09-08
2040;Boutique do Bairro 2040;Alimentação;Pequena;Standard;PR;Londrina;Sul;2024-10-27
2041;Clínica Vitória 2041;Varejo;MEI;Enterprise;MG;Juiz de Fora;Sudeste;2021-11-15
2042;Padaria do Bairro 2042;Saúde;Pequena;Premium;AM;Manaus;Norte;2023-11-21
2043;Padaria Horizonte 2043;Alimentação;MEI;Standard;RS;Caxias do Sul;Sul;2023-06-09
2044;Mercadinho Estrela 2044;Varejo;MEI;Standard;PR;Curitiba;Sul;2021-12-28
2045;Point Bella 2045;Alimentação;MEI;Enterprise;RJ;Niterói;Sudeste;2023-11-09
2046;Casa Familia 2046;Varejo;Pequena;Standard;RJ;Rio de Janeiro;Sudeste;2022-09-18
2047;Studio Estrela 2047;Varejo;Pequena;Enterprise;MG;Juiz de Fora;Sudeste;2023-12-20
2048;Restaurante Nova Era 2048;Varejo;MEI;Premium;SP;Campinas;Sudeste;2022-06-17
2049;Oficina Real 2049;Outros;Pequena;Standard;AM;Manaus;Norte;2021-07-11
2050;Point Bella 2050;Alimentação;Pequena;Standard;RJ;Duque de Caxias;Sudeste;2024-09-29
2051;Ateliê Prime 2051;Outros;Pequena;Premium;MA;São Luís;Nordeste;2022-01-06
2052;Ateliê Prime 2052;Moda e Beleza;Pequena;Premium;SP;São Paulo;Sudeste;2022-07-01
2053;Casa Central 2053;Alimentação;MEI;Standard;SP;Santos;Sudeste;2021-06-04
2054;Oficina Nova Era 2054;Alimentação;MEI;Standard;PA;Belém;Norte;2024-01-08
2055;Center Express 2055;Alimentação;Pequena;Standard;SP;São Paulo;Sudeste;2024-08-21
2056;Oficina Vitória 2056;Moda e Beleza;MEI;Standard;RS;Caxias do Sul;Sul;2022-05-25
2057;Padaria Horizonte 2057;Saúde;Pequena;Standard;BA;Feira de Santana;Nordeste;2022-05-16
2058;Espaço Familia 2058;Alimentação;MEI;Enterprise;MT;Cuiabá;Centro-Oeste;2023-01-25
2059;Bar Vitória 2059;Saúde;Média;Standard;SP;Campinas;Sudeste;2021-08-30
2060;Oficina Familia 2060;Moda e Beleza;Média;Premium;PR;Maringá;Sul;2023-09-27
2061;Empório Aurora 2061;Saúde;Média;Standard;SP;Ribeirão Preto;Sudeste;2023-09-13
2062;Oficina do Bairro 2062;Moda e Beleza;MEI;Standard;SP;Santos;Sudeste;2023-04-21
2063;Point São José 2063;Educação;Grande;Standard;MS;Campo Grande;Centro-Oeste;2021-03-12
2064;Oficina Horizonte 2064;Varejo;Média;Standard;PR;Maringá;Sul;2021-09-06
2065;Loja Popular 2065;Varejo;MEI;Premium;MG;Uberlândia;Sudeste;2024-01-28
2066;Casa Real 2066;Varejo;MEI;Standard;SP;Santos;Sudeste;2023-09-12
2067;Center São José 2067;Serviços;MEI;Premium;DF;Brasília;Centro-Oeste;2024-04-30
2068;Center São José 2068;Serviços;MEI;Standard;SP;Ribeirão Preto;Sudeste;2022-05-31
2069;Ateliê Estrela 2069;Educação;MEI;Standard;PB;João Pessoa;Nordeste;2023-11-30
2070;Empório Prime 2070;Varejo;MEI;Standard;SC;Joinville;Sul;2021-11-14
2071;Loja Familia 2071;Moda e Beleza;MEI;Premium;DF;Brasília;Centro-Oeste;2021-06-28
2072;Clínica Familia 2072;Alimentação;MEI;Standard;PE;Recife;Nordeste;2021-05-14
2073;Point do Bairro 2073;Serviços;MEI;Standard;PR;Londrina;Sul;2022-12-20
2074;Center Central 2074;Serviços;MEI;Standard;SC;Joinville;Sul;2021-03-13
2075;Empório Horizonte 2075;Serviços;Pequena;Standard;RS;Caxias do Sul;Sul;2024-01-30
2076;Loja Familia 2076;Alimentação;MEI;Standard;SC;Florianópolis;Sul;2023-02-07
2077;Padaria Vitória 2077;Varejo;Pequena;Standard;PB;João Pessoa;Nordeste;2021-01-01
2078;Point Real 2078;Serviços;MEI;Premium;PB;João Pessoa;Nordeste;2022-07-14
2079;Ateliê Horizonte 2079;Alimentação;Pequena;Standard;PR;Londrina;Sul;2021-08-25
2080;Espaço Horizonte 2080;Serviços;Pequena;Standard;AM;Manaus;Norte;2022-03-11
2081;Espaço Express 2081;Alimentação;Pequena;Standard;RJ;Rio de Janeiro;Sudeste;2021-02-12
2082;Empório Familia 2082;Saúde;Pequena;Premium;RJ;Duque de Caxias;Sudeste;2023-12-04
2083;Studio Bella 2083;Moda e Beleza;MEI;Standard;PE;Olinda;Nordeste;2021-07-20
2084;Empório Bom Preço 2084;Varejo;Grande;Standard;SC;Joinville;Sul;2024-09-17
2085;Loja Real 2085;Varejo;MEI;Standard;RJ;Duque de Caxias;Sudeste;2024-09-19
2086;Empório Central 2086;Alimentação;MEI;Premium;MS;Campo Grande;Centro-Oeste;2022-11-19
2087;Casa São José 2087;Varejo;MEI;Standard;MA;São Luís;Nordeste;2022-08-02
2088;Point Real 2088;Varejo;Pequena;Standard;SC;Joinville;Sul;2024-03-27
2089;Point Prime 2089;Moda e Beleza;Pequena;Standard;SC;Florianópolis;Sul;2021-09-19
2090;Oficina Horizonte 2090;Serviços;MEI;Premium;RS;Caxias do Sul;Sul;2023-07-19
2091;Studio Prime 2091;Alimentação;MEI;Premium;RS;Caxias do Sul;Sul;2024-06-06
2092;Center Prime 2092;Alimentação;MEI;Enterprise;RJ;Rio de Janeiro;Sudeste;2023-06-23
2093;Casa São José 2093;Serviços;MEI;Premium;GO;Goiânia;Centro-Oeste;2023-06-13
2094;Point do Bairro 2094;Varejo;MEI;Standard;PA;Belém;Norte;2023-01-09
2095;Oficina Prime 2095;Serviços;Pequena;Standard;SP;Santos;Sudeste;2021-12-06
2096;Ateliê São José 2096;Moda e Beleza;MEI;Standard;BA;Salvador;Nordeste;2022-09-09
2097;Center Central 2097;Alimentação;Pequena;Standard;SC;Florianópolis;Sul;2024-06-17
2098;Oficina do Bairro 2098;Alimentação;MEI;Standard;PE;Olinda;Nordeste;2022-01-26
2099;Empório Popular 2099;Saúde;MEI;Premium;DF;Brasília;Centro-Oeste;2022-07-11
2100;Padaria Vitória 2100;Serviços;MEI;Standard;PR;Curitiba;Sul;2022-01-31
2101;Studio Nova Era 2101;Varejo;Pequena;Standard;DF;Brasília;Centro-Oeste;2021-05-13
2102;Loja Nova Era 2102;Varejo;MEI;Standard;SP;São Paulo;Sudeste;2023-01-16
2103;Center Estrela 2103;Moda e Beleza;MEI;Standard;PA;Belém;Norte;2021-09-19
2104;Clínica Prime 2104;Varejo;MEI;Standard;PA;Belém;Norte;2021-08-09
2105;Point Estrela 2105;Varejo;Pequena;Standard;SC;Joinville;Sul;2021-08-08
2106;Bar São José 2106;Alimentação;Grande;Standard;SP;São Paulo;Sudeste;2021-01-28
2107;Loja Aurora 2107;Alimentação;Pequena;Enterprise;PE;Recife;Nordeste;2023-02-08
2108;Studio Familia 2108;Serviços;Pequena;Standard;RO;Porto Velho;Norte;2022-05-16
2109;Bar Familia 2109;Alimentação;Média;Premium;RS;Caxias do Sul;Sul;2023-04-23
2110;Mercadinho Popular 2110;Moda e Beleza;Pequena;Standard;DF;Brasília;Centro-Oeste;2022-07-09
2111;Clínica Nova Era 2111;Varejo;MEI;Enterprise;SP;Santos;Sudeste;2022-08-03
2112;Oficina Horizonte 2112;Serviços;Pequena;Standard;BA;Salvador;Nordeste;2021-10-24
2113;Bar Familia 2113;Serviços;MEI;Standard;SC;Joinville;Sul;2022-10-09
2114;Loja Familia 2114;Serviços;MEI;Standard;SP;São Paulo;Sudeste;2023-10-09
2115;Clínica Familia 2115;Varejo;Média;Premium;CE;Fortaleza;Nordeste;2022-07-23
2116;Center Prime 2116;Varejo;Média;Standard;RJ;Niterói;Sudeste;2022-05-20
2117;Espaço do Bairro 2117;Alimentação;MEI;Standard;SP;Santos;Sudeste;2021-05-26
2118;Salão Aurora 2118;Moda e Beleza;MEI;Standard;SP;São Paulo;Sudeste;2022-12-14
2119;Oficina do Bairro 2119;Outros;MEI;Premium;RS;Porto Alegre;Sul;2024-03-12
2120;Ateliê do Bairro 2120;Varejo;Pequena;Standard;GO;Goiânia;Centro-Oeste;2022-05-12
2121;Salão São José 2121;Outros;MEI;Standard;AM;Manaus;Norte;2021-02-07
2122;Mercadinho São José 2122;Serviços;Pequena;Standard;RJ;Niterói;Sudeste;2023-04-17
2123;Center Familia 2123;Educação;MEI;Standard;SP;Campinas;Sudeste;2021-02-11
2124;Loja Real 2124;Varejo;MEI;Standard;SP;Ribeirão Preto;Sudeste;2021-05-25
2125;Restaurante Horizonte 2125;Serviços;Pequena;Standard;PR;Curitiba;Sul;2023-01-17
2126;Oficina do Bairro 2126;Serviços;MEI;Standard;RS;Caxias do Sul;Sul;2021-03-22
2127;Center Bom Preço 2127;Varejo;Pequena;Standard;CE;Fortaleza;Nordeste;2021-02-01
2128;Loja Estrela 2128;Saúde;MEI;Standard;MG;Juiz de Fora;Sudeste;2023-07-05
2129;Studio São José 2129;Serviços;MEI;Standard;SP;Ribeirão Preto;Sudeste;2021-11-19
2130;Oficina do Bairro 2130;Varejo;Pequena;Premium;SP;Ribeirão Preto;Sudeste;2023-09-25
2131;Bar Popular 2131;Alimentação;MEI;Premium;GO;Goiânia;Centro-Oeste;2024-10-28
2132;Salão Central 2132;Varejo;Média;Standard;BA;Feira de Santana;Nordeste;2021-07-11
2133;Studio Bom Preço 2133;Alimentação;MEI;Standard;PR;Maringá;Sul;2023-08-17
2134;Salão Real 2134;Serviços;MEI;Standard;PR;Maringá;Sul;2023-10-15
2135;Empório Central 2135;Varejo;Média;Standard;MG;Uberlândia;Sudeste;2021-08-05
2136;Espaço Vitória 2136;Alimentação;Média;Standard;AM;Manaus;Norte;2023-01-09
2137;Espaço Bom Preço 2137;Varejo;MEI;Standard;RS;Porto Alegre;Sul;2021-07-16
2138;Bar do Bairro 2138;Serviços;Pequena;Standard;SP;Campinas;Sudeste;2021-01-15
2139;Salão São José 2139;Educação;Pequena;Premium;BA;Feira de Santana;Nordeste;2021-07-27
2140;Point Express 2140;Alimentação;Média;Standard;SP;Ribeirão Preto;Sudeste;2023-09-08
2141;Ateliê São José 2141;Outros;MEI;Standard;CE;Juazeiro do Norte;Nordeste;2022-04-08
2142;Restaurante Estrela 2142;Serviços;Pequena;Standard;SP;Santos;Sudeste;2023-06-22
2143;Loja São José 2143;Saúde;MEI;Premium;RJ;Niterói;Sudeste;2024-10-22
2144;Salão Aurora 2144;Alimentação;MEI;Standard;GO;Goiânia;Centro-Oeste;2021-05-22
2145;Ateliê Bella 2145;Alimentação;Pequena;Premium;SP;Campinas;Sudeste;2022-02-26
2146;Empório Bella 2146;Moda e Beleza;Pequena;Standard;BA;Feira de Santana;Nordeste;2021-08-17
2147;Studio Aurora 2147;Educação;MEI;Standard;SP;Santos;Sudeste;2022-05-19
2148;Casa Express 2148;Moda e Beleza;MEI;Premium;RJ;Niterói;Sudeste;2023-11-29
2149;Salão Bom Preço 2149;Outros;Média;Premium;PA;Belém;Norte;2023-02-05
2150;Salão Nova Era 2150;Educação;MEI;Standard;PA;Belém;Norte;2022-01-26
2151;Restaurante do Bairro 2151;Serviços;Pequena;Standard;SP;Ribeirão Preto;Sudeste;2021-06-14
2152;Center Familia 2152;Varejo;Média;Standard;SC;Florianópolis;Sul;2022-07-23
2153;Point do Bairro 2153;Varejo;Média;Premium;SP;Campinas;Sudeste;2022-11-26
2154;Clínica Aurora 2154;Alimentação;MEI;Premium;SP;Ribeirão Preto;Sudeste;2021-05-14
2155;Espaço Prime 2155;Serviços;MEI;Standard;SP;Ribeirão Preto;Sudeste;2021-12-10
2156;Espaço Bella 2156;Varejo;MEI;Standard;SP;Campinas;Sudeste;2022-08-18
2157;Casa Popular 2157;Varejo;MEI;Standard;PA;Belém;Norte;2022-08-16
2158;Restaurante Popular 2158;Moda e Beleza;Pequena;Premium;MS;Campo Grande;Centro-Oeste;2023-11-23
2159;Espaço Bom Preço 2159;Moda e Beleza;Pequena;Standard;MG;Belo Horizonte;Sudeste;2023-07-01
2160;Bar Vitória 2160;Varejo;Pequena;Standard;RJ;Niterói;Sudeste;2022-11-14
2161;Center Familia 2161;Outros;MEI;Standard;BA;Feira de Santana;Nordeste;2022-03-07
2162;Bar Nova Era 2162;Varejo;MEI;Standard;CE;Juazeiro do Norte;Nordeste;2023-04-28
2163;Mercadinho Popular 2163;Alimentação;MEI;Enterprise;DF;Brasília;Centro-Oeste;2022-07-03
2164;Casa São José 2164;Serviços;MEI;Standard;SP;Ribeirão Preto;Sudeste;2021-09-04
2165;Mercadinho Estrela 2165;Serviços;MEI;Standard;RS;Caxias do Sul;Sul;2021-06-26
2166;Restaurante Vitória 2166;Moda e Beleza;Pequena;Standard;RS;Caxias do Sul;Sul;2023-03-18
2167;Empório Bella 2167;Moda e Beleza;MEI;Enterprise;MT;Cuiabá;Centro-Oeste;2024-07-04
2168;Padaria Estrela 2168;Varejo;Pequena;Standard;RJ;Duque de Caxias;Sudeste;2024-06-01
2169;Studio São José 2169;Serviços;MEI;Standard;PE;Olinda;Nordeste;2022-12-10
2170;Loja Popular 2170;Saúde;MEI;Standard;SP;Ribeirão Preto;Sudeste;2024-05-19
2171;Boutique Familia 2171;Varejo;Pequena;Standard;PR;Maringá;Sul;2022-07-15
2172;Loja do Bairro 2172;Saúde;Pequena;Standard;MG;Juiz de Fora;Sudeste;2021-04-29
2173;Mercadinho Familia 2173;Varejo;MEI;Standard;CE;Fortaleza;Nordeste;2024-02-20
2174;Ateliê São José 2174;Varejo;MEI;Standard;MA;São Luís;Nordeste;2023-08-28
2175;Oficina do Bairro 2175;Alimentação;Pequena;Standard;SP;São Paulo;Sudeste;2023-04-18
2176;Padaria Familia 2176;Educação;MEI;Standard;SP;São Paulo;Sudeste;2022-06-10
2177;Oficina Nova Era 2177;Varejo;MEI;Standard;SP;Ribeirão Preto;Sudeste;2024-01-30
2178;Ateliê Prime 2178;Varejo;MEI;Standard;RJ;Niterói;Sudeste;2021-01-25
2179;Empório Estrela 2179;Serviços;Pequena;Standard;RS;Porto Alegre;Sul;2021-10-02
2180;Boutique Bella 2180;Varejo;MEI;Premium;BA;Feira de Santana;Nordeste;2024-04-30
2181;Padaria São José 2181;Alimentação;Pequena;Standard;RJ;Duque de Caxias;Sudeste;2022-04-18
2182;Empório Bom Preço 2182;Varejo;MEI;Standard;SP;Campinas;Sudeste;2024-09-14
2183;Casa Prime 2183;Moda e Beleza;Média;Standard;GO;Anápolis;Centro-Oeste;2023-09-03
2184;Loja Popular 2184;Varejo;Média;Standard;MG;Uberlândia;Sudeste;2022-09-20
2185;Boutique Prime 2185;Alimentação;Pequena;Standard;ES;Vitória;Sudeste;2023-08-26
2186;Boutique Prime 2186;Moda e Beleza;MEI;Standard;BA;Salvador;Nordeste;2023-09-21
2187;Casa Estrela 2187;Moda e Beleza;Média;Standard;PR;Londrina;Sul;2024-02-11
2188;Center Vitória 2188;Serviços;MEI;Standard;SP;São Paulo;Sudeste;2021-10-24
2189;Bar Real 2189;Alimentação;MEI;Standard;PB;João Pessoa;Nordeste;2023-11-18
2190;Boutique Horizonte 2190;Alimentação;MEI;Standard;BA;Salvador;Nordeste;2021-12-22
2191;Padaria Popular 2191;Serviços;Pequena;Standard;SP;Campinas;Sudeste;2021-08-23
2192;Oficina Central 2192;Alimentação;MEI;Premium;SP;São Paulo;Sudeste;2022-12-01
2193;Espaço Aurora 2193;Alimentação;MEI;Premium;SP;Campinas;Sudeste;2022-04-08
2194;Restaurante Horizonte 2194;Varejo;Pequena;Standard;MS;Campo Grande;Centro-Oeste;2021-08-21
2195;Mercadinho Bom Preço 2195;Varejo;MEI;Premium;SP;Ribeirão Preto;Sudeste;2023-08-01
2196;Center Express 2196;Alimentação;MEI;Standard;SP;Ribeirão Preto;Sudeste;2024-04-20
2197;Empório Bom Preço 2197;Alimentação;MEI;Premium;RS;Caxias do Sul;Sul;2021-12-04
2198;Studio Bella 2198;Varejo;Média;Standard;CE;Juazeiro do Norte;Nordeste;2023-11-13
2199;Bar Nova Era 2199;Varejo;Média;Standard;PR;Curitiba;Sul;2024-07-30
2200;Ateliê Familia 2200;Moda e Beleza;Pequena;Premium;RS;Caxias do Sul;Sul;2024-02-29
2201;Salão Bom Preço 2201;Varejo;Pequena;Standard;SP;Campinas;Sudeste;2023-05-20
2202;Padaria Prime 2202;Serviços;Pequena;Standard;BA;Feira de Santana;Nordeste;2023-04-19
2203;Restaurante Bella 2203;Varejo;Pequena;Premium;GO;Goiânia;Centro-Oeste;2021-11-17
2204;Bar Nova Era 2204;Alimentação;MEI;Standard;RJ;Niterói;Sudeste;2021-12-20
2205;Empório Central 2205;Moda e Beleza;MEI;Standard;SP;Santos;Sudeste;2023-02-11
2206;Restaurante São José 2206;Varejo;Grande;Standard;SP;Santos;Sudeste;2023-04-13
2207;Oficina Prime 2207;Moda e Beleza;MEI;Standard;SP;Santos;Sudeste;2024-01-23
2208;Studio Prime 2208;Varejo;Média;Standard;PR;Londrina;Sul;2023-08-11
2209;Salão Familia 2209;Varejo;Pequena;Premium;RJ;Duque de Caxias;Sudeste;2023-05-16
2210;Point do Bairro 2210;Moda e Beleza;MEI;Standard;SP;Campinas;Sudeste;2024-06-17
2211;Center Real 2211;Moda e Beleza;MEI;Standard;SP;Santos;Sudeste;2021-10-07
2212;Casa Aurora 2212;Outros;Pequena;Standard;SP;São Paulo;Sudeste;2023-02-07
2213;Casa Nova Era 2213;Alimentação;Pequena;Standard;BA;Salvador;Nordeste;2021-04-05
2214;Studio Bom Preço 2214;Alimentação;MEI;Standard;RJ;Rio de Janeiro;Sudeste;2022-09-17
2215;Clínica Express 2215;Varejo;MEI;Standard;PA;Belém;Norte;2023-07-08
2216;Boutique Express 2216;Serviços;Pequena;Standard;SP;Santos;Sudeste;2023-05-18
2217;Casa São José 2217;Alimentação;Pequena;Standard;AM;Manaus;Norte;2022-12-22
2218;Empório São José 2218;Varejo;MEI;Standard;PB;João Pessoa;Nordeste;2023-09-20
2219;Studio Estrela 2219;Outros;Pequena;Standard;SP;Campinas;Sudeste;2023-11-23
2220;Loja Aurora 2220;Moda e Beleza;MEI;Standard;PB;João Pessoa;Nordeste;2024-09-03
2221;Espaço Nova Era 2221;Alimentação;MEI;Standard;RJ;Duque de Caxias;Sudeste;2022-06-25
2222;Studio Estrela 2222;Alimentação;MEI;Standard;ES;Vitória;Sudeste;2022-05-13
2223;Boutique Prime 2223;Saúde;Pequena;Standard;PR;Curitiba;Sul;2022-10-19
2224;Loja Bom Preço 2224;Varejo;MEI;Enterprise;RJ;Niterói;Sudeste;2021-02-21
2225;Boutique Horizonte 2225;Alimentação;Pequena;Standard;SP;Ribeirão Preto;Sudeste;2021-01-31
2226;Oficina Prime 2226;Educação;MEI;Standard;SP;Ribeirão Preto;Sudeste;2021-03-03
2227;Loja Prime 2227;Varejo;Pequena;Standard;CE;Fortaleza;Nordeste;2024-08-05
2228;Salão Nova Era 2228;Outros;MEI;Standard;RJ;Rio de Janeiro;Sudeste;2022-02-03
2229;Empório Prime 2229;Varejo;Média;Standard;MS;Campo Grande;Centro-Oeste;2023-01-18
2230;Center Familia 2230;Saúde;MEI;Enterprise;PE;Olinda;Nordeste;2023-03-19
2231;Padaria Vitória 2231;Moda e Beleza;Pequena;Standard;DF;Brasília;Centro-Oeste;2022-03-20
2232;Salão Popular 2232;Alimentação;Pequena;Standard;SP;Campinas;Sudeste;2023-01-21
2233;Padaria Central 2233;Alimentação;Pequena;Standard;RJ;Duque de Caxias;Sudeste;2024-09-11
2234;Restaurante Express 2234;Varejo;MEI;Standard;BA;Salvador;Nordeste;2024-09-08
2235;Studio Vitória 2235;Moda e Beleza;MEI;Standard;MG;Juiz de Fora;Sudeste;2024-06-03
2236;Boutique Central 2236;Outros;Média;Standard;PE;Olinda;Nordeste;2022-06-27
2237;Loja Central 2237;Varejo;MEI;Premium;MA;São Luís;Nordeste;2021-05-10
2238;Bar Bella 2238;Varejo;MEI;Standard;DF;Brasília;Centro-Oeste;2022-07-09
2239;Espaço Bom Preço 2239;Alimentação;Pequena;Standard;MT;Cuiabá;Centro-Oeste;2023-08-24
2240;Casa Vitória 2240;Varejo;Pequena;Premium;SC;Blumenau;Sul;2023-11-10
2241;Salão Prime 2241;Varejo;MEI;Enterprise;PR;Curitiba;Sul;2021-07-01
2242;Oficina Vitória 2242;Serviços;Pequena;Standard;CE;Fortaleza;Nordeste;2023-07-07
2243;Casa do Bairro 2243;Serviços;MEI;Standard;PR;Londrina;Sul;2023-01-27
2244;Padaria Nova Era 2244;Serviços;MEI;Enterprise;GO;Anápolis;Centro-Oeste;2023-06-06
2245;Loja do Bairro 2245;Varejo;Grande;Premium;SP;Ribeirão Preto;Sudeste;2022-08-14
2246;Casa Nova Era 2246;Serviços;MEI;Standard;CE;Fortaleza;Nordeste;2024-08-03
2247;Studio São José 2247;Moda e Beleza;MEI;Standard;DF;Brasília;Centro-Oeste;2022-09-05
2248;Clínica Real 2248;Moda e Beleza;MEI;Standard;RJ;Duque de Caxias;Sudeste;2022-02-21
2249;Salão Bella 2249;Serviços;MEI;Standard;DF;Brasília;Centro-Oeste;2021-01-26
2250;Clínica do Bairro 2250;Varejo;MEI;Standard;SP;São Paulo;Sudeste;2021-04-14
2251;Loja Aurora 2251;Varejo;Média;Standard;RJ;Niterói;Sudeste;2022-02-01
2252;Ateliê Bom Preço 2252;Varejo;MEI;Premium;GO;Anápolis;Centro-Oeste;2022-06-21
2253;Center do Bairro 2253;Varejo;Pequena;Standard;SC;Florianópolis;Sul;2023-08-25
2254;Salão Bom Preço 2254;Varejo;Pequena;Standard;SP;São Paulo;Sudeste;2022-05-22
2255;Ateliê Estrela 2255;Alimentação;Média;Standard;SP;Campinas;Sudeste;2021-05-02
2256;Studio Bom Preço 2256;Serviços;MEI;Premium;MG;Uberlândia;Sudeste;2021-03-20
2257;Padaria Central 2257;Alimentação;MEI;Standard;SP;Santos;Sudeste;2022-02-10
2258;Point Popular 2258;Alimentação;Pequena;Standard;CE;Juazeiro do Norte;Nordeste;2022-11-14
2259;Point Bella 2259;Alimentação;MEI;Standard;SC;Florianópolis;Sul;2024-01-10
2260;Padaria Nova Era 2260;Moda e Beleza;Média;Standard;MT;Cuiabá;Centro-Oeste;2024-08-26
2261;Ateliê Familia 2261;Alimentação;Média;Standard;PR;Curitiba;Sul;2021-12-05
2262;Casa Bella 2262;Varejo;Pequena;Standard;BA;Feira de Santana;Nordeste;2021-11-04
2263;Empório Real 2263;Moda e Beleza;Pequena;Standard;RS;Caxias do Sul;Sul;2022-01-29
2264;Salão Central 2264;Varejo;MEI;Standard;SP;São Paulo;Sudeste;2021-03-10
2265;Bar Bom Preço 2265;Varejo;Média;Standard;SP;Campinas;Sudeste;2023-05-15
2266;Espaço Estrela 2266;Varejo;Média;Standard;PR;Maringá;Sul;2022-03-03
2267;Loja Bella 2267;Serviços;Pequena;Standard;BA;Salvador;Nordeste;2024-06-08
2268;Espaço Familia 2268;Alimentação;Pequena;Standard;MG;Juiz de Fora;Sudeste;2023-12-13
2269;Casa Familia 2269;Varejo;MEI;Standard;PR;Maringá;Sul;2023-11-26
2270;Empório Express 2270;Varejo;MEI;Premium;MG;Juiz de Fora;Sudeste;2021-01-13
2271;Espaço Bella 2271;Serviços;MEI;Standard;SC;Blumenau;Sul;2021-03-04
2272;Empório Vitória 2272;Saúde;Pequena;Premium;CE;Fortaleza;Nordeste;2023-09-05
2273;Studio Familia 2273;Saúde;Pequena;Standard;PE;Olinda;Nordeste;2022-09-03
2274;Center Aurora 2274;Serviços;Pequena;Standard;MG;Juiz de Fora;Sudeste;2021-03-30
2275;Loja Aurora 2275;Moda e Beleza;MEI;Premium;RJ;Duque de Caxias;Sudeste;2021-04-11
2276;Studio Familia 2276;Alimentação;MEI;Standard;MG;Belo Horizonte;Sudeste;2021-09-05
2277;Loja Horizonte 2277;Alimentação;MEI;Premium;SP;Campinas;Sudeste;2024-10-01
2278;Restaurante Real 2278;Varejo;Média;Premium;MG;Belo Horizonte;Sudeste;2021-03-08
2279;Oficina Central 2279;Educação;MEI;Standard;AM;Manaus;Norte;2021-09-02
2280;Oficina Aurora 2280;Alimentação;MEI;Premium;GO;Goiânia;Centro-Oeste;2022-03-05
2281;Empório São José 2281;Outros;MEI;Standard;PB;João Pessoa;Nordeste;2024-03-17
2282;Oficina Central 2282;Alimentação;MEI;Premium;MG;Belo Horizonte;Sudeste;2022-02-25
2283;Boutique Popular 2283;Serviços;Média;Standard;SP;São Paulo;Sudeste;2022-02-19
2284;Center Estrela 2284;Varejo;Pequena;Standard;SP;Ribeirão Preto;Sudeste;2022-05-11
2285;Center Familia 2285;Outros;Pequena;Premium;SP;Santos;Sudeste;2024-01-03
2286;Empório Popular 2286;Varejo;MEI;Premium;DF;Brasília;Centro-Oeste;2022-09-06
2287;Salão Horizonte 2287;Alimentação;MEI;Standard;MT;Cuiabá;Centro-Oeste;2021-03-25
2288;Casa Vitória 2288;Alimentação;MEI;Standard;PB;João Pessoa;Nordeste;2023-11-22
2289;Loja Bella 2289;Alimentação;Pequena;Enterprise;PE;Olinda;Nordeste;2024-02-15
2290;Center Vitória 2290;Serviços;MEI;Premium;SC;Florianópolis;Sul;2021-12-09
2291;Ateliê Nova Era 2291;Alimentação;MEI;Premium;RS;Porto Alegre;Sul;2021-09-10
2292;Espaço Express 2292;Alimentação;MEI;Enterprise;SP;Ribeirão Preto;Sudeste;2021-07-04
2293;Boutique do Bairro 2293;Moda e Beleza;MEI;Standard;BA;Salvador;Nordeste;2022-07-14
2294;Restaurante Express 2294;Moda e Beleza;MEI;Standard;MG;Uberlândia;Sudeste;2024-09-25
2295;Empório São José 2295;Varejo;MEI;Standard;SC;Florianópolis;Sul;2022-06-29
2296;Padaria São José 2296;Moda e Beleza;MEI;Premium;MG;Belo Horizonte;Sudeste;2021-09-28
2297;Ateliê Real 2297;Varejo;MEI;Premium;SC;Florianópolis;Sul;2023-01-13
2298;Casa do Bairro 2298;Alimentação;Pequena;Premium;MS;Campo Grande;Centro-Oeste;2023-04-26
2299;Point Central 2299;Varejo;Média;Standard;PA;Belém;Norte;2024-09-19
2300;Studio São José 2300;Serviços;MEI;Premium;SC;Blumenau;Sul;2024-03-18
2301;Mercadinho Familia 2301;Alimentação;MEI;Premium;RJ;Niterói;Sudeste;2021-11-20
2302;Boutique Bella 2302;Alimentação;Pequena;Standard;BA;Salvador;Nordeste;2022-10-22
2303;Studio Horizonte 2303;Moda e Beleza;MEI;Standard;BA;Salvador;Nordeste;2023-12-27
2304;Padaria Familia 2304;Varejo;Pequena;Standard;SP;Campinas;Sudeste;2023-08-09
2305;Center Bom Preço 2305;Outros;MEI;Standard;PR;Curitiba;Sul;2023-02-08
2306;Empório Bom Preço 2306;Saúde;Pequena;Standard;SP;São Paulo;Sudeste;2021-06-05
2307;Ateliê Express 2307;Serviços;MEI;Standard;SP;Santos;Sudeste;2022-11-24
2308;Boutique Real 2308;Moda e Beleza;Pequena;Standard;SP;Ribeirão Preto;Sudeste;2023-05-10
2309;Empório Central 2309;Serviços;MEI;Standard;RS;Caxias do Sul;Sul;2023-01-07
2310;Center Popular 2310;Serviços;MEI;Standard;DF;Brasília;Centro-Oeste;2023-08-14
2311;Padaria do Bairro 2311;Varejo;MEI;Premium;MG;Belo Horizonte;Sudeste;2023-09-09
2312;Loja Vitória 2312;Varejo;MEI;Standard;MS;Campo Grande;Centro-Oeste;2024-02-01
2313;Bar São José 2313;Varejo;Pequena;Standard;SP;Campinas;Sudeste;2024-10-30
2314;Oficina Nova Era 2314;Alimentação;MEI;Standard;RJ;Duque de Caxias;Sudeste;2023-06-25
2315;Oficina Express 2315;Alimentação;Média;Standard;PR;Curitiba;Sul;2023-07-28
2316;Oficina Express 2316;Saúde;MEI;Standard;SP;São Paulo;Sudeste;2021-04-27
2317;Mercadinho Estrela 2317;Varejo;Pequena;Standard;MG;Belo Horizonte;Sudeste;2022-10-12
2318;Point Nova Era 2318;Alimentação;Pequena;Standard;CE;Juazeiro do Norte;Nordeste;2021-06-05
2319;Loja Familia 2319;Alimentação;MEI;Standard;RS;Porto Alegre;Sul;2023-01-08
2320;Empório Vitória 2320;Educação;Média;Standard;SP;Ribeirão Preto;Sudeste;2024-10-25
2321;Espaço Express 2321;Alimentação;Grande;Standard;RJ;Niterói;Sudeste;2024-08-17
2322;Center Nova Era 2322;Moda e Beleza;MEI;Standard;SP;Ribeirão Preto;Sudeste;2023-02-02
2323;Espaço Familia 2323;Alimentação;Média;Premium;RJ;Niterói;Sudeste;2022-02-12
2324;Point Bom Preço 2324;Moda e Beleza;MEI;Standard;MG;Juiz de Fora;Sudeste;2021-10-04
2325;Boutique Express 2325;Serviços;Grande;Standard;MG;Uberlândia;Sudeste;2021-07-12
2326;Espaço Bella 2326;Varejo;Média;Standard;BA;Feira de Santana;Nordeste;2021-01-23
2327;Boutique Popular 2327;Alimentação;MEI;Standard;SP;São Paulo;Sudeste;2022-05-31
2328;Bar Familia 2328;Moda e Beleza;MEI;Standard;PE;Recife;Nordeste;2023-03-13
2329;Center Horizonte 2329;Alimentação;MEI;Premium;PR;Londrina;Sul;2021-09-08
2330;Mercadinho Vitória 2330;Moda e Beleza;Pequena;Standard;SP;Santos;Sudeste;2024-09-24
2331;Center Horizonte 2331;Varejo;MEI;Enterprise;RS;Caxias do Sul;Sul;2021-12-02
2332;Mercadinho Central 2332;Alimentação;Média;Standard;SP;Campinas;Sudeste;2023-06-10
2333;Padaria Aurora 2333;Moda e Beleza;MEI;Standard;MT;Cuiabá;Centro-Oeste;2024-01-29
2334;Padaria Aurora 2334;Alimentação;MEI;Standard;PE;Recife;Nordeste;2023-07-14
2335;Boutique Bella 2335;Saúde;Pequena;Standard;RS;Caxias do Sul;Sul;2024-07-04
2336;Mercadinho Express 2336;Moda e Beleza;MEI;Premium;SP;Ribeirão Preto;Sudeste;2021-04-29
2337;Restaurante São José 2337;Alimentação;Média;Standard;SP;Santos;Sudeste;2023-09-05
2338;Espaço Vitória 2338;Serviços;Média;Premium;RS;Porto Alegre;Sul;2021-03-28
2339;Restaurante Bella 2339;Varejo;MEI;Premium;PE;Recife;Nordeste;2022-04-02
2340;Padaria Estrela 2340;Serviços;MEI;Standard;PA;Belém;Norte;2022-08-30
2341;Restaurante do Bairro 2341;Varejo;MEI;Premium;BA;Salvador;Nordeste;2021-12-12
2342;Padaria Horizonte 2342;Serviços;Pequena;Standard;RJ;Niterói;Sudeste;2021-08-08
2343;Bar Familia 2343;Educação;MEI;Standard;DF;Brasília;Centro-Oeste;2024-07-21
2344;Loja do Bairro 2344;Moda e Beleza;Pequena;Standard;SP;Campinas;Sudeste;2023-12-18
2345;Restaurante Express 2345;Serviços;Média;Standard;SC;Florianópolis;Sul;2021-10-29
2346;Clínica Prime 2346;Saúde;Média;Standard;SP;Campinas;Sudeste;2024-07-22
2347;Loja Bella 2347;Moda e Beleza;Pequena;Standard;SP;Campinas;Sudeste;2024-08-16
2348;Ateliê Popular 2348;Varejo;Pequena;Standard;CE;Juazeiro do Norte;Nordeste;2022-12-27
2349;Casa Familia 2349;Moda e Beleza;MEI;Premium;SP;Ribeirão Preto;Sudeste;2022-10-10
2350;Espaço Aurora 2350;Alimentação;MEI;Premium;PR;Londrina;Sul;2023-03-07
2351;Center Horizonte 2351;Saúde;MEI;Standard;BA;Feira de Santana;Nordeste;2023-10-31
2352;Bar Estrela 2352;Alimentação;MEI;Standard;CE;Juazeiro do Norte;Nordeste;2021-05-02
2353;Casa Aurora 2353;Serviços;Pequena;Enterprise;MG;Juiz de Fora;Sudeste;2023-06-15
2354;Loja Nova Era 2354;Varejo;Pequena;Standard;SC;Blumenau;Sul;2021-07-14
2355;Oficina do Bairro 2355;Moda e Beleza;MEI;Standard;MG;Juiz de Fora;Sudeste;2022-03-02
2356;Ateliê Nova Era 2356;Moda e Beleza;Pequena;Premium;SP;São Paulo;Sudeste;2022-10-24
2357;Point Horizonte 2357;Moda e Beleza;MEI;Standard;GO;Anápolis;Centro-Oeste;2022-11-26
2358;Oficina Estrela 2358;Educação;Pequena;Standard;DF;Brasília;Centro-Oeste;2022-06-07
2359;Clínica Vitória 2359;Moda e Beleza;MEI;Standard;SP;São Paulo;Sudeste;2021-03-05
2360;Studio Nova Era 2360;Serviços;Média;Premium;RJ;Rio de Janeiro;Sudeste;2022-06-14
2361;Bar São José 2361;Alimentação;Média;Standard;PR;Londrina;Sul;2024-10-12
2362;Clínica Real 2362;Varejo;MEI;Premium;BA;Salvador;Nordeste;2022-11-26
2363;Loja do Bairro 2363;Varejo;MEI;Enterprise;RS;Porto Alegre;Sul;2021-12-04
2364;Espaço Real 2364;Varejo;Média;Premium;RS;Porto Alegre;Sul;2023-06-07
2365;Studio Bom Preço 2365;Alimentação;Pequena;Premium;SC;Florianópolis;Sul;2024-05-10
2366;Point Horizonte 2366;Serviços;MEI;Standard;PA;Belém;Norte;2024-01-05
2367;Oficina Real 2367;Varejo;MEI;Premium;MA;São Luís;Nordeste;2022-04-06
2368;Restaurante Prime 2368;Varejo;MEI;Standard;MA;São Luís;Nordeste;2022-09-14
2369;Loja Real 2369;Saúde;MEI;Standard;BA;Salvador;Nordeste;2023-05-02
2370;Bar Familia 2370;Outros;Pequena;Standard;BA;Feira de Santana;Nordeste;2021-07-04
2371;Padaria Estrela 2371;Alimentação;MEI;Standard;RS;Porto Alegre;Sul;2023-07-03
2372;Bar São José 2372;Moda e Beleza;MEI;Premium;SP;Santos;Sudeste;2021-05-24
2373;Loja Express 2373;Serviços;MEI;Premium;DF;Brasília;Centro-Oeste;2023-04-27
2374;Loja Central 2374;Alimentação;Pequena;Premium;MG;Uberlândia;Sudeste;2021-05-16
2375;Center Prime 2375;Serviços;MEI;Premium;PB;João Pessoa;Nordeste;2023-08-28
2376;Studio Popular 2376;Outros;Média;Standard;PR;Curitiba;Sul;2024-05-06
2377;Studio Estrela 2377;Varejo;Pequena;Standard;SP;Santos;Sudeste;2022-12-01
2378;Padaria Popular 2378;Moda e Beleza;Pequena;Premium;RS;Porto Alegre;Sul;2022-10-20
2379;Casa Prime 2379;Varejo;Pequena;Standard;MG;Belo Horizonte;Sudeste;2021-01-16
2380;Espaço Familia 2380;Serviços;Pequena;Standard;AM;Manaus;Norte;2023-02-25
2381;Restaurante Familia 2381;Alimentação;MEI;Standard;MA;São Luís;Nordeste;2022-04-23
2382;Casa Prime 2382;Alimentação;Pequena;Standard;RJ;Duque de Caxias;Sudeste;2023-05-10
2383;Loja Bella 2383;Varejo;MEI;Standard;SC;Florianópolis;Sul;2024-05-27
2384;Oficina Nova Era 2384;Outros;Pequena;Standard;AM;Manaus;Norte;2021-08-26
2385;Oficina Familia 2385;Moda e Beleza;MEI;Standard;CE;Juazeiro do Norte;Nordeste;2022-03-11
2386;Bar Prime 2386;Varejo;MEI;Standard;AM;Manaus;Norte;2023-09-20
2387;Espaço Vitória 2387;Saúde;MEI;Enterprise;MG;Juiz de Fora;Sudeste;2024-07-17
2388;Center Horizonte 2388;Moda e Beleza;Pequena;Standard;SP;Santos;Sudeste;2024-01-10
2389;Mercadinho Familia 2389;Moda e Beleza;MEI;Standard;PR;Londrina;Sul;2021-03-02
2390;Ateliê Horizonte 2390;Serviços;MEI;Standard;RJ;Niterói;Sudeste;2022-03-14
2391;Espaço Real 2391;Moda e Beleza;MEI;Premium;PR;Curitiba;Sul;2022-04-02
2392;Bar Popular 2392;Serviços;MEI;Premium;SP;Santos;Sudeste;2024-06-13
2393;Ateliê Popular 2393;Alimentação;MEI;Standard;RS;Porto Alegre;Sul;2023-03-25
2394;Espaço Popular 2394;Varejo;MEI;Standard;CE;Fortaleza;Nordeste;2024-01-26
2395;Studio Bella 2395;Varejo;MEI;Premium;SC;Florianópolis;Sul;2021-05-23
2396;Espaço Familia 2396;Alimentação;MEI;Standard;PE;Olinda;Nordeste;2022-10-29
2397;Clínica Popular 2397;Varejo;Grande;Premium;RJ;Niterói;Sudeste;2023-09-28
2398;Empório Bom Preço 2398;Varejo;MEI;Premium;SP;Campinas;Sudeste;2023-10-30
2399;Clínica Popular 2399;Serviços;Média;Standard;MA;São Luís;Nordeste;2022-06-02
2400;Bar do Bairro 2400;Alimentação;Média;Premium;SP;Santos;Sudeste;2023-02-22
2401;Ateliê Central 2401;Varejo;Pequena;Standard;SP;Campinas;Sudeste;2022-07-23
2402;Salão Vitória 2402;Alimentação;MEI;Standard;SC;Florianópolis;Sul;2023-02-09
2403;Espaço Familia 2403;Alimentação;Pequena;Standard;DF;Brasília;Centro-Oeste;2021-02-23
2404;Espaço Bella 2404;Varejo;Pequena;Premium;SP;Santos;Sudeste;2023-09-11
2405;Oficina Bom Preço 2405;Alimentação;Média;Standard;RJ;Duque de Caxias;Sudeste;2021-09-04
2406;Ateliê Familia 2406;Alimentação;Pequena;Standard;MG;Juiz de Fora;Sudeste;2021-09-14
2407;Espaço Horizonte 2407;Serviços;MEI;Premium;PR;Londrina;Sul;2022-10-07
2408;Bar Real 2408;Serviços;MEI;Standard;RJ;Duque de Caxias;Sudeste;2021-02-28
2409;Studio Estrela 2409;Saúde;MEI;Premium;RJ;Duque de Caxias;Sudeste;2021-12-19
2410;Empório Popular 2410;Varejo;Pequena;Standard;RS;Caxias do Sul;Sul;2023-12-21
2411;Ateliê Bella 2411;Saúde;MEI;Premium;MT;Cuiabá;Centro-Oeste;2022-09-13
2412;Mercadinho Familia 2412;Alimentação;Pequena;Premium;ES;Vila Velha;Sudeste;2022-12-10
2413;Loja Real 2413;Varejo;Pequena;Standard;MT;Cuiabá;Centro-Oeste;2024-02-20
2414;Point São José 2414;Alimentação;Pequena;Standard;PR;Curitiba;Sul;2023-08-03
2415;Boutique Express 2415;Serviços;MEI;Standard;SP;Campinas;Sudeste;2021-05-12
2416;Loja do Bairro 2416;Outros;MEI;Standard;BA;Salvador;Nordeste;2021-03-14
2417;Loja do Bairro 2417;Varejo;Grande;Standard;MA;São Luís;Nordeste;2021-03-13
2418;Point Familia 2418;Alimentação;Pequena;Standard;PR;Londrina;Sul;2021-11-22
2419;Empório Vitória 2419;Saúde;Média;Premium;GO;Anápolis;Centro-Oeste;2024-05-25
2420;Clínica Nova Era 2420;Moda e Beleza;MEI;Standard;PR;Maringá;Sul;2021-11-18
2421;Restaurante Real 2421;Varejo;Média;Standard;RJ;Rio de Janeiro;Sudeste;2021-10-09
2422;Clínica Bella 2422;Alimentação;Pequena;Standard;PA;Belém;Norte;2023-08-15
2423;Clínica Real 2423;Varejo;MEI;Standard;SP;Santos;Sudeste;2022-05-29
2424;Bar Aurora 2424;Varejo;Pequena;Standard;SP;Santos;Sudeste;2022-10-30
2425;Point Estrela 2425;Educação;Pequena;Standard;CE;Fortaleza;Nordeste;2022-04-11
2426;Restaurante Horizonte 2426;Educação;Média;Standard;RS;Caxias do Sul;Sul;2023-07-09
2427;Ateliê Popular 2427;Moda e Beleza;MEI;Standard;RS;Caxias do Sul;Sul;2024-04-03
2428;Restaurante Popular 2428;Alimentação;MEI;Standard;BA;Feira de Santana;Nordeste;2023-07-03
2429;Loja Popular 2429;Educação;Média;Standard;SC;Blumenau;Sul;2021-07-15
2430;Ateliê Familia 2430;Saúde;MEI;Standard;CE;Fortaleza;Nordeste;2021-12-27
2431;Loja Vitória 2431;Moda e Beleza;Pequena;Standard;SP;Santos;Sudeste;2021-08-19
2432;Loja Bella 2432;Educação;MEI;Standard;RS;Caxias do Sul;Sul;2024-07-09
2433;Boutique Nova Era 2433;Outros;Média;Premium;DF;Brasília;Centro-Oeste;2022-11-17
2434;Bar Estrela 2434;Alimentação;Média;Standard;SP;Campinas;Sudeste;2022-10-09
2435;Point Popular 2435;Educação;Grande;Enterprise;PE;Recife;Nordeste;2023-05-09
2436;Ateliê do Bairro 2436;Outros;MEI;Standard;PR;Londrina;Sul;2023-02-16
2437;Empório Aurora 2437;Serviços;MEI;Standard;PA;Belém;Norte;2022-12-23
2438;Ateliê Familia 2438;Serviços;MEI;Standard;DF;Brasília;Centro-Oeste;2022-12-20
2439;Mercadinho Bella 2439;Educação;MEI;Standard;GO;Anápolis;Centro-Oeste;2022-08-26
2440;Espaço Prime 2440;Varejo;MEI;Standard;ES;Vitória;Sudeste;2022-01-26
2441;Padaria Central 2441;Varejo;MEI;Standard;RJ;Niterói;Sudeste;2022-05-30
2442;Restaurante Popular 2442;Varejo;Grande;Standard;SP;Santos;Sudeste;2023-09-23
2443;Mercadinho Bella 2443;Serviços;Pequena;Standard;MT;Cuiabá;Centro-Oeste;2023-01-17
2444;Boutique Familia 2444;Moda e Beleza;MEI;Premium;PB;João Pessoa;Nordeste;2021-09-10
2445;Clínica São José 2445;Educação;Pequena;Standard;PR;Curitiba;Sul;2023-10-05
2446;Restaurante Aurora 2446;Saúde;MEI;Premium;PA;Belém;Norte;2024-05-15
2447;Padaria Estrela 2447;Alimentação;Média;Standard;RS;Caxias do Sul;Sul;2023-03-14
2448;Clínica do Bairro 2448;Alimentação;Grande;Standard;RS;Porto Alegre;Sul;2024-04-08
2449;Casa Aurora 2449;Alimentação;MEI;Standard;PR;Maringá;Sul;2023-03-20
2450;Center São José 2450;Outros;Pequena;Standard;DF;Brasília;Centro-Oeste;2022-08-26
2451;Espaço Real 2451;Varejo;Pequena;Standard;BA;Salvador;Nordeste;2021-06-22
2452;Espaço Real 2452;Varejo;Grande;Standard;MG;Uberlândia;Sudeste;2024-08-03
2453;Empório Prime 2453;Educação;MEI;Standard;GO;Goiânia;Centro-Oeste;2021-08-19
2454;Restaurante Bom Preço 2454;Outros;MEI;Premium;PB;João Pessoa;Nordeste;2023-02-13
2455;Empório Prime 2455;Serviços;Pequena;Premium;RJ;Niterói;Sudeste;2023-07-20
2456;Loja do Bairro 2456;Varejo;MEI;Standard;MG;Uberlândia;Sudeste;2022-09-20
2457;Center Horizonte 2457;Alimentação;MEI;Premium;GO;Goiânia;Centro-Oeste;2021-08-11
2458;Center do Bairro 2458;Educação;MEI;Standard;SP;São Paulo;Sudeste;2021-10-29
2459;Oficina Aurora 2459;Varejo;MEI;Standard;SC;Joinville;Sul;2021-03-14
2460;Boutique Bom Preço 2460;Alimentação;MEI;Standard;MT;Cuiabá;Centro-Oeste;2022-04-28
2461;Studio do Bairro 2461;Varejo;Média;Standard;PA;Belém;Norte;2023-05-17
2462;Clínica Aurora 2462;Varejo;MEI;Standard;RJ;Duque de Caxias;Sudeste;2024-08-31
2463;Casa Popular 2463;Serviços;Pequena;Standard;PE;Recife;Nordeste;2023-06-11
2464;Ateliê Real 2464;Outros;Pequena;Standard;RJ;Duque de Caxias;Sudeste;2023-09-19
2465;Restaurante Real 2465;Serviços;MEI;Standard;GO;Anápolis;Centro-Oeste;2024-08-19
2466;Studio Express 2466;Varejo;Pequena;Standard;MG;Belo Horizonte;Sudeste;2023-08-07
2467;Mercadinho Aurora 2467;Varejo;MEI;Premium;RS;Porto Alegre;Sul;2023-02-07
2468;Studio Nova Era 2468;Serviços;Média;Standard;RS;Porto Alegre;Sul;2021-05-13
2469;Loja Central 2469;Alimentação;MEI;Standard;CE;Juazeiro do Norte;Nordeste;2021-05-13
2470;Casa Familia 2470;Varejo;MEI;Standard;PR;Curitiba;Sul;2022-06-24
2471;Ateliê Estrela 2471;Varejo;MEI;Standard;PR;Londrina;Sul;2024-09-14
2472;Espaço Aurora 2472;Serviços;Pequena;Standard;MT;Cuiabá;Centro-Oeste;2023-07-25
2473;Oficina Popular 2473;Alimentação;MEI;Standard;DF;Brasília;Centro-Oeste;2021-09-14
2474;Casa Estrela 2474;Varejo;MEI;Standard;CE;Juazeiro do Norte;Nordeste;2021-04-29
2475;Mercadinho Popular 2475;Moda e Beleza;Média;Premium;PA;Belém;Norte;2022-12-24
2476;Espaço Estrela 2476;Varejo;MEI;Standard;PR;Maringá;Sul;2024-06-21
2477;Ateliê Popular 2477;Varejo;MEI;Standard;BA;Salvador;Nordeste;2022-12-21
2478;Espaço Central 2478;Varejo;Pequena;Standard;SP;Campinas;Sudeste;2021-06-22
2479;Studio Central 2479;Varejo;Pequena;Standard;SP;Ribeirão Preto;Sudeste;2021-01-19
2480;Padaria Horizonte 2480;Moda e Beleza;MEI;Standard;MT;Cuiabá;Centro-Oeste;2021-02-19
2481;Empório Express 2481;Saúde;MEI;Premium;SP;Ribeirão Preto;Sudeste;2023-02-16
2482;Empório Horizonte 2482;Varejo;Média;Premium;SC;Florianópolis;Sul;2024-03-03
2483;Padaria Central 2483;Varejo;Pequena;Premium;CE;Fortaleza;Nordeste;2024-06-01
2484;Empório Central 2484;Alimentação;MEI;Premium;SC;Joinville;Sul;2024-08-31
2485;Casa Horizonte 2485;Serviços;MEI;Standard;MS;Campo Grande;Centro-Oeste;2022-11-08
2486;Studio Vitória 2486;Varejo;MEI;Enterprise;GO;Goiânia;Centro-Oeste;2023-05-17
2487;Point São José 2487;Varejo;MEI;Standard;PR;Maringá;Sul;2023-03-28
2488;Center Bom Preço 2488;Serviços;Pequena;Standard;RS;Porto Alegre;Sul;2021-06-14
2489;Casa Central 2489;Varejo;MEI;Standard;SP;Santos;Sudeste;2024-05-25
2490;Boutique São José 2490;Serviços;MEI;Standard;SP;Campinas;Sudeste;2023-10-26
2491;Clínica Popular 2491;Alimentação;Pequena;Premium;SP;Santos;Sudeste;2024-09-22
2492;Loja Central 2492;Saúde;MEI;Standard;RS;Porto Alegre;Sul;2021-06-29
2493;Point Estrela 2493;Varejo;Média;Standard;SP;São Paulo;Sudeste;2022-10-14
2494;Ateliê Popular 2494;Alimentação;Pequena;Standard;PE;Recife;Nordeste;2023-01-03
2495;Casa Estrela 2495;Varejo;MEI;Standard;PR;Maringá;Sul;2024-03-12
2496;Point Vitória 2496;Saúde;MEI;Enterprise;BA;Salvador;Nordeste;2023-10-01
2497;Clínica Estrela 2497;Moda e Beleza;Pequena;Standard;SP;Ribeirão Preto;Sudeste;2024-07-01
2498;Bar Bom Preço 2498;Saúde;MEI;Premium;PE;Recife;Nordeste;2022-09-06
2499;Center Aurora 2499;Alimentação;Pequena;Premium;SP;São Paulo;Sudeste;2021-08-03
2500;Salão Nova Era 2500;Alimentação;MEI;Standard;SP;Santos;Sudeste;2022-10-10
2501;Mercadinho Nova Era 2501;Moda e Beleza;MEI;Standard;ES;Vitória;Sudeste;2023-08-14
2502;Oficina Central 2502;Varejo;MEI;Standard;SP;São Paulo;Sudeste;2022-10-26
2503;Studio do Bairro 2503;Serviços;Média;Standard;RJ;Niterói;Sudeste;2021-03-23
2504;Padaria Horizonte 2504;Varejo;MEI;Standard;SP;Campinas;Sudeste;2022-02-06
2505;Ateliê do Bairro 2505;Varejo;MEI;Standard;SP;Santos;Sudeste;2021-07-31
2506;Loja Real 2506;Varejo;MEI;Standard;SP;São Paulo;Sudeste;2024-09-02
2507;Studio Nova Era 2507;Alimentação;MEI;Standard;SP;Ribeirão Preto;Sudeste;2021-12-18
2508;Bar São José 2508;Varejo;Média;Standard;PR;Londrina;Sul;2023-04-26
2509;Bar Express 2509;Educação;MEI;Standard;PA;Belém;Norte;2022-02-16
2510;Restaurante Prime 2510;Varejo;MEI;Standard;MG;Juiz de Fora;Sudeste;2024-03-13
2511;Point Aurora 2511;Saúde;Média;Premium;PB;João Pessoa;Nordeste;2022-02-14
2512;Padaria Bom Preço 2512;Outros;Média;Premium;PR;Curitiba;Sul;2023-06-18
2513;Center Bella 2513;Serviços;MEI;Premium;CE;Juazeiro do Norte;Nordeste;2023-03-15
2514;Studio Nova Era 2514;Alimentação;Pequena;Standard;SP;Ribeirão Preto;Sudeste;2021-01-16
2515;Loja Central 2515;Varejo;MEI;Standard;SP;Ribeirão Preto;Sudeste;2021-01-07
2516;Salão Nova Era 2516;Varejo;MEI;Standard;BA;Salvador;Nordeste;2021-01-20
2517;Studio Estrela 2517;Moda e Beleza;MEI;Standard;PR;Maringá;Sul;2021-05-17
2518;Loja Real 2518;Moda e Beleza;Média;Standard;SP;Campinas;Sudeste;2023-08-27
2519;Oficina Express 2519;Alimentação;MEI;Standard;DF;Brasília;Centro-Oeste;2023-03-05
2520;Studio Express 2520;Alimentação;MEI;Standard;SP;Ribeirão Preto;Sudeste;2021-02-19
2521;Padaria Prime 2521;Varejo;MEI;Standard;RS;Caxias do Sul;Sul;2022-01-15
2522;Boutique Horizonte 2522;Saúde;MEI;Standard;PR;Maringá;Sul;2023-09-02
2523;Clínica Familia 2523;Varejo;MEI;Standard;PA;Belém;Norte;2022-08-10
2524;Padaria do Bairro 2524;Varejo;MEI;Premium;ES;Vila Velha;Sudeste;2021-07-25
2525;Espaço Horizonte 2525;Varejo;Pequena;Standard;SP;Santos;Sudeste;2023-05-21
2526;Studio Central 2526;Serviços;Média;Standard;RJ;Niterói;Sudeste;2024-05-19
2527;Padaria Familia 2527;Serviços;Pequena;Standard;CE;Juazeiro do Norte;Nordeste;2023-10-24
2528;Espaço Bella 2528;Outros;MEI;Standard;SP;Campinas;Sudeste;2022-08-31
2529;Empório Aurora 2529;Alimentação;Pequena;Standard;MT;Cuiabá;Centro-Oeste;2022-04-02
2530;Padaria Bom Preço 2530;Alimentação;MEI;Standard;SP;São Paulo;Sudeste;2023-06-27
2531;Center Nova Era 2531;Varejo;Pequena;Standard;SP;São Paulo;Sudeste;2022-09-24
2532;Oficina Popular 2532;Alimentação;Pequena;Standard;RJ;Duque de Caxias;Sudeste;2022-02-13
2533;Studio Horizonte 2533;Serviços;Pequena;Premium;GO;Anápolis;Centro-Oeste;2022-09-16
2534;Padaria Horizonte 2534;Moda e Beleza;MEI;Standard;PA;Belém;Norte;2021-07-27
2535;Point Prime 2535;Serviços;MEI;Standard;SP;Ribeirão Preto;Sudeste;2023-03-06
2536;Padaria Familia 2536;Varejo;MEI;Standard;PR;Maringá;Sul;2022-06-06
2537;Oficina Horizonte 2537;Serviços;Média;Premium;MA;São Luís;Nordeste;2023-06-17
2538;Casa Horizonte 2538;Moda e Beleza;Média;Premium;PR;Maringá;Sul;2023-12-12
2539;Restaurante Vitória 2539;Serviços;MEI;Standard;SP;São Paulo;Sudeste;2022-05-16
2540;Salão Familia 2540;Varejo;MEI;Premium;PB;João Pessoa;Nordeste;2023-08-28
2541;Salão Familia 2541;Varejo;Pequena;Premium;SP;Santos;Sudeste;2021-12-20
2542;Empório Bella 2542;Alimentação;MEI;Premium;PR;Londrina;Sul;2022-12-21
2543;Ateliê Vitória 2543;Alimentação;MEI;Standard;PB;João Pessoa;Nordeste;2023-10-24
2544;Center Familia 2544;Varejo;Pequena;Standard;RJ;Duque de Caxias;Sudeste;2021-03-12
2545;Espaço Prime 2545;Serviços;Pequena;Enterprise;BA;Feira de Santana;Nordeste;2023-12-27
2546;Padaria Horizonte 2546;Saúde;MEI;Standard;SP;Ribeirão Preto;Sudeste;2022-05-29
2547;Padaria Bom Preço 2547;Moda e Beleza;MEI;Standard;SP;São Paulo;Sudeste;2023-08-10
2548;Padaria do Bairro 2548;Alimentação;Média;Premium;RS;Caxias do Sul;Sul;2022-08-17
2549;Empório Nova Era 2549;Alimentação;Pequena;Premium;MG;Belo Horizonte;Sudeste;2022-03-18
2550;Padaria São José 2550;Varejo;MEI;Standard;RJ;Niterói;Sudeste;2022-07-13
2551;Clínica Horizonte 2551;Varejo;Média;Premium;SP;Ribeirão Preto;Sudeste;2023-12-21
2552;Oficina Bella 2552;Serviços;MEI;Standard;RS;Caxias do Sul;Sul;2024-03-28
2553;Empório Popular 2553;Alimentação;Média;Premium;RJ;Rio de Janeiro;Sudeste;2022-10-27
2554;Clínica Horizonte 2554;Varejo;MEI;Standard;PE;Olinda;Nordeste;2021-11-23
2555;Oficina Nova Era 2555;Serviços;MEI;Standard;SP;São Paulo;Sudeste;2022-10-22
2556;Restaurante Real 2556;Alimentação;MEI;Standard;PR;Curitiba;Sul;2024-10-14
2557;Restaurante Real 2557;Serviços;Média;Standard;PR;Londrina;Sul;2022-02-26
2558;Mercadinho Express 2558;Moda e Beleza;MEI;Standard;SP;São Paulo;Sudeste;2022-11-13
2559;Ateliê São José 2559;Serviços;MEI;Standard;RO;Porto Velho;Norte;2023-08-12
2560;Loja Aurora 2560;Alimentação;MEI;Standard;AM;Manaus;Norte;2022-05-10
2561;Studio Real 2561;Varejo;Média;Standard;MG;Uberlândia;Sudeste;2022-12-26
2562;Casa do Bairro 2562;Varejo;Pequena;Premium;CE;Fortaleza;Nordeste;2024-06-10
2563;Empório Familia 2563;Serviços;MEI;Standard;SC;Joinville;Sul;2024-01-20
2564;Restaurante Prime 2564;Varejo;MEI;Standard;SP;Ribeirão Preto;Sudeste;2023-10-15
2565;Padaria São José 2565;Moda e Beleza;Pequena;Standard;CE;Fortaleza;Nordeste;2022-04-14
2566;Oficina Nova Era 2566;Alimentação;Pequena;Standard;PB;João Pessoa;Nordeste;2022-08-22
2567;Salão Real 2567;Varejo;Pequena;Standard;RJ;Duque de Caxias;Sudeste;2021-02-19
2568;Studio Horizonte 2568;Varejo;Pequena;Standard;SC;Blumenau;Sul;2024-04-18
2569;Studio Estrela 2569;Outros;Pequena;Standard;SP;Ribeirão Preto;Sudeste;2022-02-21
2570;Point Real 2570;Alimentação;MEI;Standard;PR;Maringá;Sul;2024-04-02
2571;Oficina Popular 2571;Alimentação;Pequena;Standard;MG;Uberlândia;Sudeste;2023-11-16
2572;Clínica Nova Era 2572;Outros;MEI;Premium;PB;João Pessoa;Nordeste;2023-04-10
2573;Padaria Bom Preço 2573;Varejo;MEI;Standard;CE;Fortaleza;Nordeste;2021-02-16
2574;Point Prime 2574;Alimentação;Pequena;Standard;SC;Florianópolis;Sul;2023-07-19
2575;Empório Prime 2575;Moda e Beleza;Grande;Premium;MG;Uberlândia;Sudeste;2023-03-22
2576;Mercadinho São José 2576;Varejo;MEI;Standard;SP;Ribeirão Preto;Sudeste;2021-10-31
2577;Studio São José 2577;Serviços;MEI;Standard;MT;Cuiabá;Centro-Oeste;2024-08-12
2578;Boutique Central 2578;Saúde;MEI;Premium;PR;Londrina;Sul;2022-06-17
2579;Restaurante Express 2579;Varejo;Grande;Standard;SP;Ribeirão Preto;Sudeste;2024-01-08
2580;Loja Bom Preço 2580;Alimentação;MEI;Standard;RS;Caxias do Sul;Sul;2021-05-22
2581;Ateliê Nova Era 2581;Serviços;MEI;Premium;SP;Santos;Sudeste;2021-04-24
2582;Point Nova Era 2582;Alimentação;MEI;Standard;SP;Santos;Sudeste;2024-04-14
2583;Boutique São José 2583;Moda e Beleza;MEI;Standard;SP;Ribeirão Preto;Sudeste;2024-08-09
2584;Center Vitória 2584;Alimentação;MEI;Enterprise;MA;São Luís;Nordeste;2023-08-01
2585;Center São José 2585;Serviços;Pequena;Standard;RJ;Rio de Janeiro;Sudeste;2021-10-23
2586;Point Bom Preço 2586;Alimentação;MEI;Premium;SP;Ribeirão Preto;Sudeste;2021-11-16
2587;Boutique Vitória 2587;Educação;Grande;Premium;BA;Feira de Santana;Nordeste;2022-12-04
2588;Restaurante Vitória 2588;Serviços;Pequena;Standard;MG;Juiz de Fora;Sudeste;2021-04-18
2589;Empório do Bairro 2589;Alimentação;MEI;Premium;SC;Blumenau;Sul;2023-03-20
2590;Clínica Familia 2590;Serviços;MEI;Standard;PR;Curitiba;Sul;2022-08-14
2591;Mercadinho Popular 2591;Alimentação;Pequena;Standard;SC;Florianópolis;Sul;2022-07-07
2592;Restaurante Nova Era 2592;Alimentação;MEI;Standard;PE;Olinda;Nordeste;2024-10-22
2593;Loja Bom Preço 2593;Serviços;Pequena;Premium;BA;Feira de Santana;Nordeste;2022-03-30
2594;Restaurante Prime 2594;Alimentação;Pequena;Standard;RS;Porto Alegre;Sul;2022-10-01
2595;Center Prime 2595;Varejo;MEI;Standard;CE;Juazeiro do Norte;Nordeste;2021-08-22
2596;Mercadinho Nova Era 2596;Alimentação;MEI;Standard;PR;Maringá;Sul;2024-08-15
2597;Studio Popular 2597;Outros;Pequena;Premium;GO;Goiânia;Centro-Oeste;2024-09-09
2598;Casa Express 2598;Serviços;Pequena;Standard;RJ;Rio de Janeiro;Sudeste;2021-10-06
2599;Bar Familia 2599;Varejo;MEI;Standard;PE;Olinda;Nordeste;2023-01-02
2600;Restaurante Bom Preço 2600;Serviços;Pequena;Premium;BA;Feira de Santana;Nordeste;2024-03-29
2601;Point Popular 2601;Moda e Beleza;MEI;Standard;MG;Belo Horizonte;Sudeste;2021-02-28
2602;Espaço Bella 2602;Serviços;MEI;Standard;MG;Uberlândia;Sudeste;2021-06-15
2603;Boutique Bom Preço 2603;Serviços;MEI;Standard;RS;Caxias do Sul;Sul;2023-05-22
2604;Empório Estrela 2604;Moda e Beleza;MEI;Premium;PB;João Pessoa;Nordeste;2022-05-07
2605;Casa Bella 2605;Outros;MEI;Standard;SC;Joinville;Sul;2023-02-10
2606;Oficina São José 2606;Varejo;MEI;Standard;RJ;Rio de Janeiro;Sudeste;2023-04-09
2607;Loja Vitória 2607;Saúde;MEI;Premium;BA;Feira de Santana;Nordeste;2024-02-22
2608;Clínica Bom Preço 2608;Varejo;Pequena;Premium;PA;Belém;Norte;2022-06-12
2609;Salão Aurora 2609;Moda e Beleza;MEI;Premium;MA;São Luís;Nordeste;2021-04-06
2610;Espaço Express 2610;Outros;MEI;Standard;MG;Juiz de Fora;Sudeste;2023-03-22
2611;Studio do Bairro 2611;Alimentação;MEI;Standard;MT;Cuiabá;Centro-Oeste;2023-05-22
2612;Padaria Vitória 2612;Varejo;Pequena;Standard;GO;Anápolis;Centro-Oeste;2023-11-29
2613;Mercadinho São José 2613;Serviços;Média;Standard;RS;Porto Alegre;Sul;2022-01-24
2614;Oficina Real 2614;Alimentação;MEI;Standard;SC;Florianópolis;Sul;2022-02-24
2615;Mercadinho Vitória 2615;Educação;MEI;Standard;SP;Ribeirão Preto;Sudeste;2021-01-15
2616;Point Popular 2616;Varejo;MEI;Standard;SP;Ribeirão Preto;Sudeste;2023-11-22
2617;Center Express 2617;Serviços;MEI;Standard;RJ;Rio de Janeiro;Sudeste;2024-05-22
2618;Bar Nova Era 2618;Alimentação;Média;Standard;RJ;Niterói;Sudeste;2021-01-03
2619;Empório Familia 2619;Serviços;Pequena;Standard;PR;Londrina;Sul;2022-05-06
2620;Studio Real 2620;Alimentação;Pequena;Standard;RS;Caxias do Sul;Sul;2021-01-12
2621;Padaria Bom Preço 2621;Serviços;Pequena;Standard;BA;Feira de Santana;Nordeste;2021-03-20
2622;Boutique Vitória 2622;Alimentação;MEI;Standard;PE;Recife;Nordeste;2023-07-26
2623;Clínica Familia 2623;Saúde;MEI;Premium;RJ;Rio de Janeiro;Sudeste;2024-07-13
2624;Ateliê Bella 2624;Serviços;Pequena;Standard;BA;Feira de Santana;Nordeste;2023-11-02
2625;Empório Estrela 2625;Moda e Beleza;Média;Standard;SP;São Paulo;Sudeste;2024-05-22
2626;Boutique do Bairro 2626;Alimentação;Pequena;Standard;RO;Porto Velho;Norte;2024-07-29
2627;Ateliê Bom Preço 2627;Varejo;MEI;Premium;SP;Ribeirão Preto;Sudeste;2021-03-09
2628;Studio do Bairro 2628;Serviços;Pequena;Standard;CE;Juazeiro do Norte;Nordeste;2022-03-31
2629;Bar Nova Era 2629;Varejo;MEI;Standard;PR;Curitiba;Sul;2021-03-04
2630;Salão Vitória 2630;Serviços;MEI;Standard;SP;São Paulo;Sudeste;2021-06-27
2631;Ateliê Central 2631;Serviços;Média;Standard;GO;Anápolis;Centro-Oeste;2023-12-18
2632;Ateliê Express 2632;Moda e Beleza;Pequena;Standard;MS;Campo Grande;Centro-Oeste;2021-01-23
2633;Bar Bom Preço 2633;Alimentação;Pequena;Standard;ES;Vitória;Sudeste;2021-10-29
2634;Restaurante Horizonte 2634;Varejo;MEI;Standard;SP;Santos;Sudeste;2021-09-04
2635;Boutique Aurora 2635;Varejo;MEI;Standard;MT;Cuiabá;Centro-Oeste;2022-07-17
2636;Padaria Familia 2636;Serviços;Média;Enterprise;RS;Porto Alegre;Sul;2023-02-03
2637;Oficina Estrela 2637;Moda e Beleza;MEI;Standard;PB;João Pessoa;Nordeste;2024-03-09
2638;Studio Aurora 2638;Varejo;MEI;Standard;CE;Juazeiro do Norte;Nordeste;2022-05-07
2639;Boutique do Bairro 2639;Serviços;MEI;Standard;RS;Porto Alegre;Sul;2022-12-13
2640;Clínica Nova Era 2640;Varejo;MEI;Standard;CE;Fortaleza;Nordeste;2022-06-12
2641;Oficina Familia 2641;Moda e Beleza;Pequena;Enterprise;SC;Blumenau;Sul;2023-12-02
2642;Casa Horizonte 2642;Outros;MEI;Premium;MG;Juiz de Fora;Sudeste;2022-03-16
2643;Center Bom Preço 2643;Alimentação;MEI;Standard;SP;São Paulo;Sudeste;2023-02-01
2644;Espaço Bella 2644;Varejo;MEI;Standard;SP;Ribeirão Preto;Sudeste;2024-01-22
2645;Point Bom Preço 2645;Outros;MEI;Standard;MG;Uberlândia;Sudeste;2022-04-19
2646;Oficina São José 2646;Varejo;Pequena;Standard;RJ;Niterói;Sudeste;2022-10-02
2647;Studio Popular 2647;Alimentação;Pequena;Premium;MA;São Luís;Nordeste;2021-09-03
2648;Espaço Aurora 2648;Varejo;Grande;Premium;MS;Campo Grande;Centro-Oeste;2024-04-06
2649;Oficina Familia 2649;Serviços;Grande;Standard;CE;Juazeiro do Norte;Nordeste;2023-07-03
2650;Espaço Prime 2650;Saúde;Pequena;Standard;BA;Feira de Santana;Nordeste;2023-11-04
2651;Oficina Horizonte 2651;Alimentação;Pequena;Premium;RJ;Rio de Janeiro;Sudeste;2021-04-21
2652;Point Central 2652;Serviços;MEI;Standard;CE;Juazeiro do Norte;Nordeste;2024-03-11
2653;Clínica Popular 2653;Serviços;Média;Enterprise;GO;Anápolis;Centro-Oeste;2022-11-12
2654;Salão Aurora 2654;Serviços;MEI;Standard;BA;Feira de Santana;Nordeste;2022-05-18
2655;Casa Bella 2655;Varejo;Pequena;Standard;SP;Campinas;Sudeste;2024-01-26
2656;Mercadinho Vitória 2656;Alimentação;Média;Standard;PR;Maringá;Sul;2022-08-27
2657;Bar Express 2657;Outros;Pequena;Standard;SP;São Paulo;Sudeste;2023-03-02
2658;Center Bella 2658;Saúde;MEI;Standard;SP;Santos;Sudeste;2023-11-25
2659;Restaurante São José 2659;Saúde;MEI;Standard;SP;Ribeirão Preto;Sudeste;2022-07-27
2660;Espaço Central 2660;Alimentação;MEI;Standard;BA;Feira de Santana;Nordeste;2021-06-02
2661;Center São José 2661;Varejo;Média;Standard;CE;Juazeiro do Norte;Nordeste;2021-04-23
2662;Casa Estrela 2662;Varejo;MEI;Standard;SP;São Paulo;Sudeste;2021-05-26
2663;Bar Aurora 2663;Alimentação;MEI;Standard;GO;Anápolis;Centro-Oeste;2021-03-06
2664;Studio Express 2664;Alimentação;MEI;Standard;SP;Ribeirão Preto;Sudeste;2021-10-02
2665;Point Aurora 2665;Serviços;Média;Standard;DF;Brasília;Centro-Oeste;2022-12-02
2666;Ateliê Estrela 2666;Varejo;Pequena;Standard;MG;Uberlândia;Sudeste;2024-04-13
2667;Salão Popular 2667;Moda e Beleza;Pequena;Standard;MG;Uberlândia;Sudeste;2023-05-10
2668;Point São José 2668;Outros;MEI;Standard;SP;Ribeirão Preto;Sudeste;2022-05-10
2669;Ateliê Estrela 2669;Educação;Pequena;Standard;SP;Campinas;Sudeste;2023-07-24
2670;Restaurante Popular 2670;Moda e Beleza;MEI;Standard;SP;Campinas;Sudeste;2024-08-29
2671;Espaço Bella 2671;Outros;Média;Standard;SP;Ribeirão Preto;Sudeste;2024-07-29
2672;Boutique Express 2672;Alimentação;MEI;Standard;RJ;Niterói;Sudeste;2021-11-01
2673;Mercadinho Real 2673;Serviços;Média;Standard;RS;Caxias do Sul;Sul;2023-02-26
2674;Bar Central 2674;Varejo;Pequena;Premium;PR;Maringá;Sul;2022-04-28
2675;Padaria Popular 2675;Alimentação;Média;Standard;SP;São Paulo;Sudeste;2022-02-16
2676;Salão Bom Preço 2676;Serviços;MEI;Premium;BA;Feira de Santana;Nordeste;2023-01-15
2677;Salão Estrela 2677;Varejo;MEI;Premium;MS;Campo Grande;Centro-Oeste;2022-08-31
2678;Boutique Central 2678;Serviços;Pequena;Standard;MG;Uberlândia;Sudeste;2023-04-26
2679;Empório Bella 2679;Varejo;MEI;Premium;SP;São Paulo;Sudeste;2023-12-04
2680;Mercadinho Familia 2680;Educação;MEI;Standard;MG;Uberlândia;Sudeste;2023-02-20
2681;Empório Bella 2681;Saúde;Pequena;Premium;SP;Santos;Sudeste;2021-06-11
2682;Salão Prime 2682;Varejo;Média;Standard;MG;Uberlândia;Sudeste;2022-03-31
2683;Clínica Popular 2683;Saúde;MEI;Standard;RS;Caxias do Sul;Sul;2024-03-12
2684;Empório São José 2684;Outros;MEI;Enterprise;SC;Blumenau;Sul;2021-03-02
2685;Boutique Popular 2685;Alimentação;Média;Premium;SP;Campinas;Sudeste;2021-10-24
2686;Oficina Vitória 2686;Moda e Beleza;Pequena;Standard;BA;Feira de Santana;Nordeste;2022-03-29
2687;Espaço Central 2687;Varejo;Pequena;Standard;SP;Ribeirão Preto;Sudeste;2024-01-19
2688;Restaurante Popular 2688;Alimentação;MEI;Standard;RJ;Niterói;Sudeste;2021-11-30
2689;Studio Real 2689;Varejo;Média;Standard;MG;Uberlândia;Sudeste;2023-11-01
2690;Espaço Familia 2690;Alimentação;Pequena;Standard;MG;Belo Horizonte;Sudeste;2021-07-24
2691;Clínica Vitória 2691;Serviços;MEI;Standard;RS;Caxias do Sul;Sul;2021-01-05
2692;Ateliê Vitória 2692;Alimentação;Pequena;Standard;ES;Vila Velha;Sudeste;2021-01-25
2693;Boutique do Bairro 2693;Alimentação;MEI;Premium;RS;Caxias do Sul;Sul;2023-09-29
2694;Restaurante Vitória 2694;Alimentação;Pequena;Standard;RJ;Niterói;Sudeste;2021-04-11
2695;Oficina Estrela 2695;Outros;Pequena;Standard;DF;Brasília;Centro-Oeste;2021-07-26
2696;Espaço do Bairro 2696;Moda e Beleza;MEI;Standard;SP;Ribeirão Preto;Sudeste;2023-07-18
2697;Bar Bella 2697;Moda e Beleza;Média;Standard;RJ;Duque de Caxias;Sudeste;2023-10-15
2698;Espaço Bella 2698;Moda e Beleza;Pequena;Standard;PE;Recife;Nordeste;2022-11-03
2699;Center Bella 2699;Moda e Beleza;MEI;Standard;RS;Porto Alegre;Sul;2023-03-23
2700;Boutique Popular 2700;Saúde;MEI;Standard;MG;Uberlândia;Sudeste;2021-03-21
2701;Restaurante Central 2701;Moda e Beleza;Pequena;Standard;SP;Ribeirão Preto;Sudeste;2023-06-17
2702;Empório Familia 2702;Moda e Beleza;Pequena;Standard;SP;Ribeirão Preto;Sudeste;2023-09-15
2703;Padaria Familia 2703;Varejo;Pequena;Standard;AM;Manaus;Norte;2024-01-19
2704;Studio Aurora 2704;Varejo;MEI;Enterprise;SP;Ribeirão Preto;Sudeste;2023-10-04
2705;Espaço Central 2705;Serviços;MEI;Premium;RJ;Duque de Caxias;Sudeste;2021-03-24
2706;Loja Express 2706;Outros;MEI;Standard;SC;Joinville;Sul;2022-02-08
2707;Center Aurora 2707;Alimentação;MEI;Standard;GO;Anápolis;Centro-Oeste;2021-05-30
2708;Boutique São José 2708;Serviços;Pequena;Standard;MS;Campo Grande;Centro-Oeste;2024-02-07
2709;Casa do Bairro 2709;Varejo;MEI;Standard;SP;Campinas;Sudeste;2022-11-11
2710;Restaurante Vitória 2710;Varejo;MEI;Standard;SP;Campinas;Sudeste;2023-07-05
2711;Mercadinho Horizonte 2711;Varejo;MEI;Standard;SP;São Paulo;Sudeste;2023-06-06
2712;Studio Vitória 2712;Saúde;Pequena;Premium;GO;Anápolis;Centro-Oeste;2023-11-27
2713;Casa Prime 2713;Serviços;MEI;Standard;PR;Londrina;Sul;2022-11-09
2714;Salão Real 2714;Moda e Beleza;MEI;Standard;SP;São Paulo;Sudeste;2022-04-10
2715;Oficina Popular 2715;Alimentação;MEI;Standard;GO;Goiânia;Centro-Oeste;2022-11-27
2716;Loja Familia 2716;Serviços;Pequena;Standard;AM;Manaus;Norte;2022-04-26
2717;Bar Bom Preço 2717;Saúde;MEI;Standard;BA;Feira de Santana;Nordeste;2022-10-29
2718;Casa Real 2718;Moda e Beleza;Pequena;Standard;PR;Londrina;Sul;2021-01-19
2719;Bar Real 2719;Varejo;MEI;Premium;MS;Campo Grande;Centro-Oeste;2024-01-27
2720;Point Aurora 2720;Varejo;Média;Premium;BA;Salvador;Nordeste;2024-06-16
2721;Ateliê Real 2721;Varejo;MEI;Premium;BA;Salvador;Nordeste;2022-01-20
2722;Loja do Bairro 2722;Serviços;Pequena;Standard;SC;Florianópolis;Sul;2024-04-18
2723;Salão Central 2723;Varejo;MEI;Premium;MG;Juiz de Fora;Sudeste;2024-08-18
2724;Boutique Popular 2724;Educação;Pequena;Standard;SP;Ribeirão Preto;Sudeste;2021-02-04
2725;Salão Central 2725;Saúde;MEI;Standard;RJ;Rio de Janeiro;Sudeste;2023-05-30
2726;Point Popular 2726;Saúde;MEI;Standard;SP;São Paulo;Sudeste;2022-10-04
2727;Salão Prime 2727;Varejo;MEI;Premium;SP;Ribeirão Preto;Sudeste;2022-11-29
2728;Espaço Central 2728;Varejo;Pequena;Standard;RJ;Duque de Caxias;Sudeste;2021-09-04
2729;Padaria Horizonte 2729;Serviços;MEI;Standard;DF;Brasília;Centro-Oeste;2024-02-13
2730;Ateliê Vitória 2730;Outros;MEI;Standard;DF;Brasília;Centro-Oeste;2021-02-26
2731;Clínica Bom Preço 2731;Serviços;Pequena;Premium;SP;Campinas;Sudeste;2023-08-04
2732;Clínica do Bairro 2732;Saúde;MEI;Standard;BA;Salvador;Nordeste;2022-04-20
2733;Padaria Familia 2733;Saúde;Grande;Standard;RS;Porto Alegre;Sul;2022-07-29
2734;Padaria Prime 2734;Varejo;MEI;Premium;SP;Ribeirão Preto;Sudeste;2021-10-11
2735;Loja Horizonte 2735;Serviços;MEI;Standard;ES;Vila Velha;Sudeste;2021-01-19
2736;Clínica São José 2736;Alimentação;Média;Standard;RS;Caxias do Sul;Sul;2024-03-13
2737;Restaurante Bom Preço 2737;Alimentação;Pequena;Standard;SP;Campinas;Sudeste;2021-08-22
2738;Loja Bella 2738;Alimentação;Média;Standard;PR;Londrina;Sul;2024-03-26
2739;Oficina Familia 2739;Varejo;MEI;Standard;MG;Juiz de Fora;Sudeste;2024-10-26
2740;Mercadinho Bom Preço 2740;Varejo;MEI;Standard;SC;Blumenau;Sul;2021-09-10
2741;Espaço Vitória 2741;Serviços;Pequena;Standard;RJ;Duque de Caxias;Sudeste;2021-05-23
2742;Loja Prime 2742;Varejo;MEI;Premium;PR;Londrina;Sul;2021-05-03
2743;Restaurante Central 2743;Alimentação;Média;Standard;RS;Caxias do Sul;Sul;2023-05-14
2744;Ateliê Popular 2744;Alimentação;MEI;Standard;CE;Juazeiro do Norte;Nordeste;2024-05-16
2745;Ateliê Aurora 2745;Varejo;Média;Standard;MS;Campo Grande;Centro-Oeste;2021-09-02
2746;Restaurante Prime 2746;Varejo;MEI;Premium;RS;Porto Alegre;Sul;2022-10-08
2747;Loja Vitória 2747;Educação;Grande;Standard;SP;São Paulo;Sudeste;2022-03-06
2748;Studio do Bairro 2748;Serviços;Grande;Premium;SP;São Paulo;Sudeste;2023-01-14
2749;Restaurante Central 2749;Varejo;MEI;Standard;MS;Campo Grande;Centro-Oeste;2021-12-31
2750;Boutique Real 2750;Varejo;MEI;Standard;SP;Ribeirão Preto;Sudeste;2024-06-12
2751;Loja Horizonte 2751;Varejo;Média;Premium;SP;Santos;Sudeste;2023-01-31
2752;Studio Estrela 2752;Alimentação;Pequena;Standard;CE;Fortaleza;Nordeste;2021-12-23
2753;Bar Popular 2753;Alimentação;MEI;Standard;SC;Blumenau;Sul;2023-10-25
2754;Salão Bella 2754;Alimentação;MEI;Premium;PE;Recife;Nordeste;2023-11-17
2755;Restaurante Vitória 2755;Varejo;MEI;Standard;SP;São Paulo;Sudeste;2023-02-02
2756;Oficina São José 2756;Serviços;Pequena;Premium;SP;Santos;Sudeste;2022-06-09
2757;Bar São José 2757;Alimentação;Média;Premium;RS;Caxias do Sul;Sul;2023-01-24
2758;Oficina Vitória 2758;Serviços;Pequena;Standard;SP;Santos;Sudeste;2023-01-09
2759;Point Popular 2759;Educação;Média;Standard;CE;Fortaleza;Nordeste;2024-07-31
2760;Boutique Aurora 2760;Varejo;Pequena;Standard;MS;Campo Grande;Centro-Oeste;2024-09-13
2761;Studio Nova Era 2761;Alimentação;MEI;Standard;RJ;Duque de Caxias;Sudeste;2024-10-03
2762;Casa Nova Era 2762;Serviços;Média;Enterprise;SP;São Paulo;Sudeste;2021-11-26
2763;Casa Popular 2763;Varejo;Média;Standard;ES;Vitória;Sudeste;2021-06-24
2764;Bar Estrela 2764;Alimentação;MEI;Standard;BA;Feira de Santana;Nordeste;2024-09-24
2765;Padaria Prime 2765;Alimentação;Pequena;Standard;PR;Londrina;Sul;2022-10-07
2766;Salão Horizonte 2766;Alimentação;MEI;Standard;SP;Santos;Sudeste;2022-08-28
2767;Loja Popular 2767;Moda e Beleza;MEI;Standard;RS;Caxias do Sul;Sul;2022-09-13
2768;Casa Express 2768;Saúde;MEI;Premium;BA;Salvador;Nordeste;2024-03-16
2769;Casa Estrela 2769;Alimentação;Pequena;Standard;SP;São Paulo;Sudeste;2021-05-09
2770;Casa Express 2770;Varejo;MEI;Premium;RJ;Rio de Janeiro;Sudeste;2024-02-05
2771;Espaço Bom Preço 2771;Alimentação;MEI;Standard;CE;Juazeiro do Norte;Nordeste;2023-11-25
2772;Restaurante Aurora 2772;Varejo;MEI;Standard;PE;Recife;Nordeste;2021-10-25
2773;Point Central 2773;Serviços;Pequena;Standard;SC;Blumenau;Sul;2023-11-25
2774;Bar Popular 2774;Moda e Beleza;Pequena;Standard;PR;Londrina;Sul;2024-09-13
2775;Restaurante Bella 2775;Serviços;Pequena;Standard;CE;Juazeiro do Norte;Nordeste;2023-07-20
2776;Center Vitória 2776;Varejo;MEI;Standard;GO;Goiânia;Centro-Oeste;2022-09-05
2777;Bar Familia 2777;Moda e Beleza;Pequena;Premium;PR;Curitiba;Sul;2021-03-29
2778;Casa Aurora 2778;Varejo;MEI;Premium;MG;Uberlândia;Sudeste;2022-09-30
2779;Mercadinho Express 2779;Varejo;Média;Standard;SP;Ribeirão Preto;Sudeste;2022-05-01
2780;Salão Bella 2780;Alimentação;Média;Standard;BA;Feira de Santana;Nordeste;2021-03-07
2781;Casa Central 2781;Varejo;MEI;Premium;SP;Santos;Sudeste;2022-11-06
2782;Restaurante Aurora 2782;Alimentação;MEI;Standard;PE;Olinda;Nordeste;2022-12-14
2783;Ateliê Bella 2783;Alimentação;MEI;Premium;SP;Ribeirão Preto;Sudeste;2023-08-27
2784;Salão Familia 2784;Varejo;Pequena;Standard;RS;Caxias do Sul;Sul;2021-12-02
2785;Mercadinho Estrela 2785;Varejo;MEI;Standard;RS;Caxias do Sul;Sul;2021-11-02
2786;Casa Nova Era 2786;Alimentação;Média;Standard;PR;Curitiba;Sul;2022-06-10
2787;Oficina do Bairro 2787;Moda e Beleza;Pequena;Standard;PR;Maringá;Sul;2021-08-28
2788;Boutique Vitória 2788;Serviços;MEI;Premium;SP;São Paulo;Sudeste;2023-02-12
2789;Padaria Central 2789;Varejo;MEI;Standard;PB;João Pessoa;Nordeste;2022-05-28
2790;Clínica Familia 2790;Serviços;MEI;Premium;MG;Uberlândia;Sudeste;2023-01-18
2791;Restaurante Bella 2791;Varejo;MEI;Standard;MG;Juiz de Fora;Sudeste;2022-10-24
2792;Ateliê Estrela 2792;Alimentação;Pequena;Enterprise;RJ;Rio de Janeiro;Sudeste;2021-12-25
2793;Padaria Real 2793;Varejo;MEI;Standard;RJ;Rio de Janeiro;Sudeste;2022-06-22
2794;Mercadinho do Bairro 2794;Serviços;Média;Standard;ES;Vila Velha;Sudeste;2024-10-17
2795;Oficina Vitória 2795;Serviços;MEI;Standard;SP;Campinas;Sudeste;2021-08-05
2796;Bar Popular 2796;Alimentação;MEI;Standard;RJ;Duque de Caxias;Sudeste;2024-10-02
2797;Salão Nova Era 2797;Saúde;Pequena;Standard;SC;Joinville;Sul;2022-08-03
2798;Clínica Horizonte 2798;Alimentação;Pequena;Standard;PR;Maringá;Sul;2021-03-25
2799;Center São José 2799;Moda e Beleza;MEI;Standard;GO;Anápolis;Centro-Oeste;2023-11-17
2800;Ateliê Estrela 2800;Alimentação;Pequena;Standard;DF;Brasília;Centro-Oeste;2023-11-12
2801;Padaria Popular 2801;Educação;Média;Standard;PE;Recife;Nordeste;2021-01-10
2802;Point Popular 2802;Serviços;Média;Standard;PE;Recife;Nordeste;2021-10-13
2803;Studio Horizonte 2803;Serviços;MEI;Standard;PB;João Pessoa;Nordeste;2023-11-22
2804;Padaria Prime 2804;Moda e Beleza;MEI;Standard;SP;Ribeirão Preto;Sudeste;2023-09-11
2805;Point do Bairro 2805;Outros;Pequena;Premium;RJ;Rio de Janeiro;Sudeste;2022-07-15
2806;Casa Real 2806;Educação;Pequena;Standard;SC;Florianópolis;Sul;2023-12-12
2807;Clínica Bom Preço 2807;Alimentação;Pequena;Standard;RJ;Niterói;Sudeste;2023-06-27
2808;Center Aurora 2808;Alimentação;MEI;Standard;DF;Brasília;Centro-Oeste;2023-10-17
2809;Loja Real 2809;Moda e Beleza;MEI;Standard;SP;São Paulo;Sudeste;2023-06-22
2810;Studio São José 2810;Alimentação;MEI;Standard;PR;Londrina;Sul;2023-03-08
2811;Studio do Bairro 2811;Varejo;MEI;Standard;MT;Cuiabá;Centro-Oeste;2024-10-30
2812;Padaria Prime 2812;Saúde;MEI;Standard;SP;Campinas;Sudeste;2022-08-21
2813;Clínica Horizonte 2813;Alimentação;MEI;Premium;RJ;Niterói;Sudeste;2022-11-16
2814;Boutique Vitória 2814;Outros;MEI;Standard;SP;São Paulo;Sudeste;2024-08-19
2815;Studio Estrela 2815;Varejo;MEI;Standard;BA;Salvador;Nordeste;2023-04-11
2816;Bar Horizonte 2816;Moda e Beleza;MEI;Premium;MG;Belo Horizonte;Sudeste;2023-09-03
2817;Studio Central 2817;Serviços;MEI;Standard;SP;Ribeirão Preto;Sudeste;2022-08-01
2818;Empório do Bairro 2818;Varejo;MEI;Enterprise;RS;Porto Alegre;Sul;2021-05-12
2819;Center Bom Preço 2819;Varejo;MEI;Standard;RJ;Rio de Janeiro;Sudeste;2021-06-20
2820;Point Vitória 2820;Alimentação;MEI;Standard;PE;Recife;Nordeste;2022-10-11
2821;Center Estrela 2821;Serviços;Média;Standard;RJ;Niterói;Sudeste;2023-08-28
2822;Bar Horizonte 2822;Serviços;Pequena;Premium;CE;Juazeiro do Norte;Nordeste;2022-12-18
2823;Padaria Estrela 2823;Serviços;Pequena;Standard;PR;Maringá;Sul;2022-09-10
2824;Espaço Bom Preço 2824;Moda e Beleza;MEI;Standard;MG;Belo Horizonte;Sudeste;2023-07-27
2825;Oficina Aurora 2825;Varejo;Pequena;Standard;RJ;Niterói;Sudeste;2024-05-06
2826;Studio Aurora 2826;Varejo;MEI;Standard;PR;Curitiba;Sul;2023-07-08
2827;Bar Nova Era 2827;Alimentação;MEI;Standard;PE;Recife;Nordeste;2021-10-31
2828;Mercadinho Aurora 2828;Outros;MEI;Standard;SP;São Paulo;Sudeste;2021-05-14
2829;Oficina Prime 2829;Serviços;MEI;Standard;GO;Anápolis;Centro-Oeste;2022-03-23
2830;Loja Prime 2830;Varejo;Média;Premium;SP;Campinas;Sudeste;2024-08-01
2831;Restaurante Real 2831;Alimentação;Média;Standard;RO;Porto Velho;Norte;2023-10-24
2832;Espaço Horizonte 2832;Varejo;MEI;Standard;GO;Goiânia;Centro-Oeste;2023-09-28
2833;Mercadinho Popular 2833;Varejo;Média;Standard;PB;João Pessoa;Nordeste;2023-12-23
2834;Restaurante Vitória 2834;Educação;MEI;Standard;RJ;Niterói;Sudeste;2022-07-23
2835;Bar Aurora 2835;Educação;Pequena;Standard;SP;Ribeirão Preto;Sudeste;2024-06-10
2836;Clínica Bella 2836;Alimentação;Pequena;Standard;MG;Juiz de Fora;Sudeste;2022-02-21
2837;Espaço Horizonte 2837;Saúde;MEI;Standard;MG;Uberlândia;Sudeste;2021-06-05
2838;Loja Central 2838;Serviços;MEI;Standard;RJ;Rio de Janeiro;Sudeste;2021-05-31
2839;Oficina Nova Era 2839;Serviços;MEI;Standard;RJ;Niterói;Sudeste;2023-12-13
2840;Restaurante Bella 2840;Varejo;MEI;Premium;RJ;Rio de Janeiro;Sudeste;2021-03-15
2841;Empório Bom Preço 2841;Saúde;Pequena;Standard;SP;Ribeirão Preto;Sudeste;2024-10-21
2842;Espaço Vitória 2842;Saúde;Pequena;Premium;RJ;Duque de Caxias;Sudeste;2023-04-19
2843;Empório Bom Preço 2843;Serviços;MEI;Standard;RJ;Duque de Caxias;Sudeste;2024-09-16
2844;Restaurante Nova Era 2844;Serviços;Média;Standard;SP;Santos;Sudeste;2021-01-04
2845;Ateliê Estrela 2845;Serviços;Média;Standard;SC;Blumenau;Sul;2023-01-12
2846;Clínica Bella 2846;Serviços;MEI;Premium;SP;Santos;Sudeste;2021-05-25
2847;Espaço Estrela 2847;Educação;MEI;Premium;MS;Campo Grande;Centro-Oeste;2021-04-20
2848;Bar Bom Preço 2848;Varejo;MEI;Standard;SP;Ribeirão Preto;Sudeste;2023-07-17
2849;Bar Estrela 2849;Moda e Beleza;MEI;Standard;DF;Brasília;Centro-Oeste;2022-04-26
2850;Salão Horizonte 2850;Varejo;Pequena;Standard;RJ;Niterói;Sudeste;2021-09-26
2851;Ateliê Central 2851;Moda e Beleza;MEI;Premium;PB;João Pessoa;Nordeste;2022-12-22
2852;Oficina Nova Era 2852;Alimentação;MEI;Standard;MG;Belo Horizonte;Sudeste;2021-07-08
2853;Espaço do Bairro 2853;Varejo;Média;Standard;RJ;Duque de Caxias;Sudeste;2023-11-12
2854;Point Central 2854;Serviços;MEI;Premium;RO;Porto Velho;Norte;2022-12-03
2855;Oficina Horizonte 2855;Varejo;MEI;Standard;SP;Santos;Sudeste;2022-09-04
2856;Casa Bella 2856;Serviços;Pequena;Enterprise;SP;Campinas;Sudeste;2024-01-20
2857;Mercadinho Aurora 2857;Varejo;Média;Standard;SP;Santos;Sudeste;2021-12-07
2858;Restaurante do Bairro 2858;Moda e Beleza;MEI;Standard;SP;Santos;Sudeste;2021-02-23
2859;Empório Aurora 2859;Varejo;MEI;Standard;GO;Goiânia;Centro-Oeste;2023-07-11
2860;Boutique Bom Preço 2860;Serviços;MEI;Standard;RJ;Niterói;Sudeste;2024-05-19
2861;Studio Bella 2861;Varejo;MEI;Premium;MT;Cuiabá;Centro-Oeste;2022-07-19
2862;Studio Familia 2862;Moda e Beleza;MEI;Standard;MG;Juiz de Fora;Sudeste;2022-05-23
2863;Casa Familia 2863;Varejo;Pequena;Standard;RJ;Niterói;Sudeste;2022-10-09
2864;Mercadinho Horizonte 2864;Moda e Beleza;MEI;Standard;MS;Campo Grande;Centro-Oeste;2024-04-27
2865;Clínica Prime 2865;Alimentação;Pequena;Premium;MT;Cuiabá;Centro-Oeste;2021-09-27
2866;Espaço Estrela 2866;Serviços;Pequena;Standard;SP;Santos;Sudeste;2022-01-24
2867;Mercadinho Central 2867;Moda e Beleza;MEI;Standard;SC;Joinville;Sul;2021-01-19
2868;Point Aurora 2868;Outros;MEI;Premium;CE;Juazeiro do Norte;Nordeste;2023-10-12
2869;Bar Central 2869;Saúde;MEI;Standard;PE;Olinda;Nordeste;2022-03-12
2870;Restaurante Aurora 2870;Alimentação;Média;Standard;RJ;Rio de Janeiro;Sudeste;2022-12-12
2871;Loja Central 2871;Alimentação;Pequena;Standard;DF;Brasília;Centro-Oeste;2022-12-05
2872;Restaurante Vitória 2872;Educação;MEI;Standard;SC;Florianópolis;Sul;2023-06-06
2873;Padaria Express 2873;Varejo;Pequena;Standard;DF;Brasília;Centro-Oeste;2024-09-19
2874;Loja Real 2874;Serviços;MEI;Standard;SC;Joinville;Sul;2021-04-18
2875;Salão Aurora 2875;Outros;MEI;Standard;PE;Olinda;Nordeste;2022-05-08
2876;Padaria Bom Preço 2876;Alimentação;Pequena;Standard;PE;Olinda;Nordeste;2022-03-28
2877;Bar Estrela 2877;Moda e Beleza;MEI;Standard;RS;Caxias do Sul;Sul;2022-09-19
2878;Restaurante Aurora 2878;Varejo;Pequena;Standard;PR;Londrina;Sul;2022-01-09
2879;Espaço do Bairro 2879;Varejo;MEI;Premium;SP;Campinas;Sudeste;2024-02-15
2880;Padaria Estrela 2880;Alimentação;Média;Premium;RJ;Rio de Janeiro;Sudeste;2022-02-25
2881;Espaço Estrela 2881;Serviços;Pequena;Premium;SP;Ribeirão Preto;Sudeste;2024-05-20
2882;Point Familia 2882;Serviços;MEI;Standard;BA;Salvador;Nordeste;2022-11-15
2883;Empório Estrela 2883;Varejo;MEI;Premium;MG;Uberlândia;Sudeste;2023-04-16
2884;Clínica Vitória 2884;Varejo;Pequena;Standard;SP;Campinas;Sudeste;2024-03-27
2885;Restaurante Central 2885;Moda e Beleza;MEI;Standard;SP;São Paulo;Sudeste;2021-12-28
2886;Clínica São José 2886;Alimentação;Pequena;Premium;RS;Porto Alegre;Sul;2023-11-15
2887;Empório do Bairro 2887;Serviços;MEI;Standard;SP;Santos;Sudeste;2023-08-03
2888;Studio Real 2888;Varejo;Pequena;Standard;MG;Belo Horizonte;Sudeste;2022-08-17
2889;Clínica Prime 2889;Alimentação;Pequena;Standard;GO;Anápolis;Centro-Oeste;2021-11-25
2890;Padaria Bella 2890;Moda e Beleza;MEI;Standard;BA;Feira de Santana;Nordeste;2022-06-24
2891;Espaço Horizonte 2891;Serviços;MEI;Premium;SC;Florianópolis;Sul;2023-05-07
2892;Empório Vitória 2892;Serviços;Grande;Standard;ES;Vila Velha;Sudeste;2022-07-14
2893;Ateliê Express 2893;Varejo;Pequena;Standard;SP;Santos;Sudeste;2023-06-11
2894;Padaria Bella 2894;Moda e Beleza;MEI;Standard;SP;Campinas;Sudeste;2022-06-28
2895;Clínica Central 2895;Varejo;MEI;Standard;SP;São Paulo;Sudeste;2021-07-03
2896;Restaurante Familia 2896;Alimentação;MEI;Standard;SP;São Paulo;Sudeste;2022-10-24
2897;Bar Vitória 2897;Varejo;MEI;Standard;SP;Santos;Sudeste;2024-03-17
2898;Salão Familia 2898;Varejo;Grande;Enterprise;RS;Caxias do Sul;Sul;2024-07-26
2899;Espaço Horizonte 2899;Varejo;Pequena;Enterprise;PR;Maringá;Sul;2021-09-15
2900;Bar Horizonte 2900;Serviços;Grande;Standard;RS;Porto Alegre;Sul;2023-12-26
2901;Bar Popular 2901;Moda e Beleza;MEI;Standard;SP;Ribeirão Preto;Sudeste;2023-04-25
2902;Loja Horizonte 2902;Varejo;MEI;Standard;SP;Santos;Sudeste;2022-01-29
2903;Restaurante Nova Era 2903;Alimentação;Média;Standard;SC;Blumenau;Sul;2023-01-27
2904;Salão Real 2904;Varejo;Pequena;Premium;RJ;Rio de Janeiro;Sudeste;2024-09-06
2905;Bar Estrela 2905;Serviços;Pequena;Standard;SP;São Paulo;Sudeste;2023-10-31
2906;Loja Aurora 2906;Varejo;Média;Standard;SP;Santos;Sudeste;2023-02-12
2907;Casa São José 2907;Saúde;Grande;Standard;CE;Fortaleza;Nordeste;2022-07-24
2908;Ateliê do Bairro 2908;Serviços;MEI;Premium;RJ;Duque de Caxias;Sudeste;2022-08-22
2909;Studio Bom Preço 2909;Varejo;Média;Premium;MG;Juiz de Fora;Sudeste;2023-02-12
2910;Point São José 2910;Alimentação;Pequena;Standard;BA;Salvador;Nordeste;2022-05-07
2911;Empório São José 2911;Varejo;MEI;Premium;PR;Maringá;Sul;2021-10-28
2912;Padaria do Bairro 2912;Varejo;MEI;Premium;SP;Campinas;Sudeste;2022-06-18
2913;Studio Bom Preço 2913;Saúde;Média;Standard;MG;Belo Horizonte;Sudeste;2022-04-17
2914;Casa Prime 2914;Alimentação;MEI;Standard;SP;Campinas;Sudeste;2024-01-25
2915;Mercadinho Aurora 2915;Varejo;Pequena;Standard;SP;Campinas;Sudeste;2021-06-16
2916;Bar Central 2916;Serviços;MEI;Standard;PR;Maringá;Sul;2024-08-18
2917;Oficina Nova Era 2917;Educação;Média;Standard;MG;Juiz de Fora;Sudeste;2024-04-11
2918;Padaria Aurora 2918;Serviços;MEI;Standard;RS;Porto Alegre;Sul;2023-05-18
2919;Oficina Nova Era 2919;Alimentação;MEI;Standard;CE;Fortaleza;Nordeste;2023-04-10
2920;Restaurante Bella 2920;Varejo;MEI;Premium;SP;Campinas;Sudeste;2024-07-26
2921;Salão Prime 2921;Varejo;MEI;Premium;BA;Feira de Santana;Nordeste;2024-03-28
2922;Studio Central 2922;Outros;MEI;Standard;SP;São Paulo;Sudeste;2022-07-19
2923;Ateliê Popular 2923;Saúde;Pequena;Standard;SP;Campinas;Sudeste;2021-11-18
2924;Boutique Horizonte 2924;Moda e Beleza;MEI;Standard;MT;Cuiabá;Centro-Oeste;2023-07-11
2925;Espaço Prime 2925;Varejo;MEI;Standard;GO;Goiânia;Centro-Oeste;2022-06-24
2926;Center Bella 2926;Alimentação;Pequena;Standard;SP;Ribeirão Preto;Sudeste;2024-03-03
2927;Oficina Popular 2927;Alimentação;MEI;Enterprise;RJ;Duque de Caxias;Sudeste;2021-03-20
2928;Empório Prime 2928;Alimentação;MEI;Standard;PB;João Pessoa;Nordeste;2021-08-17
2929;Studio Real 2929;Alimentação;MEI;Enterprise;PR;Londrina;Sul;2023-06-27
2930;Restaurante Vitória 2930;Varejo;MEI;Standard;MS;Campo Grande;Centro-Oeste;2022-10-11
2931;Boutique Nova Era 2931;Varejo;MEI;Standard;RJ;Niterói;Sudeste;2023-10-21
2932;Empório Express 2932;Outros;MEI;Standard;RJ;Rio de Janeiro;Sudeste;2023-11-20
2933;Mercadinho Familia 2933;Alimentação;Média;Premium;MG;Belo Horizonte;Sudeste;2022-09-19
2934;Salão Central 2934;Moda e Beleza;MEI;Standard;MG;Juiz de Fora;Sudeste;2021-01-14
2935;Empório Real 2935;Alimentação;MEI;Standard;RJ;Niterói;Sudeste;2023-02-24
2936;Restaurante Central 2936;Educação;Pequena;Standard;PR;Londrina;Sul;2024-06-01
2937;Casa Nova Era 2937;Alimentação;Pequena;Standard;PR;Londrina;Sul;2024-05-24
2938;Mercadinho Vitória 2938;Serviços;MEI;Standard;SC;Blumenau;Sul;2024-08-03
2939;Boutique do Bairro 2939;Serviços;MEI;Standard;RS;Porto Alegre;Sul;2021-03-17
2940;Mercadinho Horizonte 2940;Serviços;MEI;Premium;RS;Porto Alegre;Sul;2022-05-12
2941;Ateliê São José 2941;Serviços;Pequena;Standard;ES;Vitória;Sudeste;2022-03-22
2942;Bar Central 2942;Varejo;Pequena;Standard;SP;Ribeirão Preto;Sudeste;2023-11-14
2943;Espaço Real 2943;Varejo;MEI;Enterprise;SP;Campinas;Sudeste;2021-04-21
2944;Center Horizonte 2944;Educação;Média;Standard;RJ;Duque de Caxias;Sudeste;2021-08-09
2945;Restaurante Vitória 2945;Varejo;Pequena;Standard;GO;Goiânia;Centro-Oeste;2022-12-03
2946;Empório Bella 2946;Saúde;MEI;Standard;SP;Ribeirão Preto;Sudeste;2022-07-23
2947;Ateliê Bom Preço 2947;Varejo;Média;Standard;BA;Feira de Santana;Nordeste;2023-05-27
2948;Casa Bella 2948;Alimentação;MEI;Standard;SP;Campinas;Sudeste;2021-08-20
2949;Boutique São José 2949;Alimentação;MEI;Premium;RS;Caxias do Sul;Sul;2023-09-12
2950;Salão Real 2950;Moda e Beleza;MEI;Standard;RS;Caxias do Sul;Sul;2022-02-26
2951;Ateliê Bella 2951;Serviços;Grande;Standard;DF;Brasília;Centro-Oeste;2022-04-13
2952;Loja Prime 2952;Varejo;Grande;Standard;RJ;Rio de Janeiro;Sudeste;2023-03-01
2953;Salão Estrela 2953;Serviços;Média;Enterprise;PA;Belém;Norte;2024-08-25
2954;Espaço Estrela 2954;Saúde;MEI;Standard;RO;Porto Velho;Norte;2023-03-06
2955;Restaurante Express 2955;Varejo;MEI;Standard;SP;Santos;Sudeste;2022-04-20
2956;Oficina Vitória 2956;Serviços;Pequena;Premium;PR;Maringá;Sul;2021-11-16
2957;Boutique Horizonte 2957;Moda e Beleza;Pequena;Standard;PA;Belém;Norte;2021-01-12
2958;Boutique Express 2958;Varejo;MEI;Standard;SP;Ribeirão Preto;Sudeste;2024-08-12
2959;Oficina Express 2959;Varejo;Pequena;Standard;BA;Feira de Santana;Nordeste;2021-01-11
2960;Oficina Bella 2960;Alimentação;Pequena;Standard;RJ;Niterói;Sudeste;2022-02-19
2961;Casa São José 2961;Varejo;Pequena;Enterprise;SP;Campinas;Sudeste;2021-11-04
2962;Casa Vitória 2962;Educação;MEI;Standard;SC;Joinville;Sul;2023-07-12
2963;Center Nova Era 2963;Varejo;MEI;Standard;PR;Curitiba;Sul;2022-02-19
2964;Padaria Horizonte 2964;Alimentação;MEI;Premium;PR;Maringá;Sul;2022-03-23
2965;Loja Horizonte 2965;Varejo;MEI;Standard;BA;Feira de Santana;Nordeste;2021-07-18
2966;Casa Vitória 2966;Varejo;Pequena;Premium;SP;São Paulo;Sudeste;2021-03-28
2967;Studio Real 2967;Serviços;Pequena;Premium;CE;Juazeiro do Norte;Nordeste;2024-05-20
2968;Clínica Nova Era 2968;Saúde;Pequena;Standard;BA;Feira de Santana;Nordeste;2024-05-29
2969;Casa Central 2969;Varejo;MEI;Standard;SP;Campinas;Sudeste;2023-04-29
2970;Clínica Vitória 2970;Alimentação;Média;Standard;SP;Ribeirão Preto;Sudeste;2021-08-25
2971;Bar Bella 2971;Alimentação;MEI;Standard;SP;Campinas;Sudeste;2023-03-19
2972;Casa Horizonte 2972;Alimentação;MEI;Standard;SP;Campinas;Sudeste;2023-06-07
2973;Clínica Express 2973;Educação;MEI;Premium;DF;Brasília;Centro-Oeste;2021-09-23
2974;Ateliê Horizonte 2974;Varejo;MEI;Standard;GO;Goiânia;Centro-Oeste;2024-01-15
2975;Mercadinho Familia 2975;Serviços;MEI;Standard;SP;Campinas;Sudeste;2024-09-11
2976;Empório Prime 2976;Outros;Pequena;Premium;PR;Londrina;Sul;2024-03-31
2977;Point Bella 2977;Varejo;MEI;Premium;CE;Juazeiro do Norte;Nordeste;2021-02-12
2978;Salão Central 2978;Serviços;MEI;Standard;MG;Belo Horizonte;Sudeste;2021-07-13
2979;Padaria Popular 2979;Alimentação;Pequena;Standard;PR;Londrina;Sul;2021-03-03
2980;Center Central 2980;Serviços;MEI;Standard;SP;Campinas;Sudeste;2022-11-15
2981;Loja Popular 2981;Varejo;Pequena;Standard;CE;Fortaleza;Nordeste;2023-06-15
2982;Mercadinho Vitória 2982;Moda e Beleza;MEI;Standard;RJ;Niterói;Sudeste;2021-11-25
2983;Boutique Express 2983;Alimentação;Pequena;Enterprise;PR;Maringá;Sul;2021-08-11
2984;Boutique Bom Preço 2984;Alimentação;Grande;Standard;ES;Vitória;Sudeste;2023-01-07
2985;Casa Nova Era 2985;Outros;Média;Standard;SP;Ribeirão Preto;Sudeste;2024-06-14
2986;Oficina Nova Era 2986;Moda e Beleza;MEI;Standard;BA;Salvador;Nordeste;2022-05-03
2987;Boutique Central 2987;Alimentação;MEI;Premium;RJ;Niterói;Sudeste;2021-10-18
2988;Bar Familia 2988;Moda e Beleza;MEI;Standard;MG;Juiz de Fora;Sudeste;2021-05-27
2989;Empório Vitória 2989;Varejo;Média;Standard;DF;Brasília;Centro-Oeste;2021-07-10
2990;Empório Prime 2990;Alimentação;MEI;Standard;RS;Porto Alegre;Sul;2022-08-02
2991;Bar Real 2991;Varejo;Pequena;Standard;SC;Joinville;Sul;2021-02-24
2992;Salão Express 2992;Alimentação;MEI;Standard;SP;São Paulo;Sudeste;2022-11-06
2993;Loja Vitória 2993;Varejo;MEI;Premium;BA;Feira de Santana;Nordeste;2023-01-15
2994;Mercadinho Estrela 2994;Serviços;Pequena;Standard;SP;São Paulo;Sudeste;2021-07-25
2995;Loja Vitória 2995;Alimentação;Pequena;Standard;SP;Ribeirão Preto;Sudeste;2022-05-04
2996;Point Popular 2996;Educação;MEI;Standard;PE;Recife;Nordeste;2023-06-25
2997;Ateliê Central 2997;Varejo;MEI;Premium;RJ;Niterói;Sudeste;2021-06-30
2998;Casa Familia 2998;Serviços;Grande;Standard;SP;São Paulo;Sudeste;2022-05-01
2999;Casa São José 2999;Moda e Beleza;MEI;Standard;CE;Juazeiro do Norte;Nordeste;2023-06-08
3000;Oficina Aurora 3000;Alimentação;MEI;Premium;RJ;Duque de Caxias;Sudeste;2022-08-28
