maquininha_id;lojista_id;modelo;data_ativacao;status
1;1;Modelo Chip Básico;2021-10-21;Ativa
2;1;Modelo Chip Básico;2021-10-17;Ativa
3;1;Modelo Pro c/ Impressora;2021-10-10;Ativa
4;2;Modelo Pro c/ Impressora;2021-05-18;Ativa
5;3;Modelo Chip Básico;2022-07-29;Inativa
6;4;Modelo Pro c/ Impressora;2024-03-02;Ativa
7;5;Modelo Chip Básico;2021-04-07;Bloqueada
8;5;Modelo Chip Básico;2021-04-14;Ativa
9;6;Modelo Chip Básico;2024-10-04;Ativa
10;7;Modelo Smart Android;2022-06-06;Ativa
11;7;Modelo Chip Básico;2022-06-05;Bloqueada
12;8;Modelo Chip Básico;2024-09-18;Ativa
13;9;Modelo Chip Básico;2024-08-19;Ativa
14;10;Modelo Pro c/ Impressora;2022-09-13;Ativa
15;11;Modelo Chip Básico;2023-06-21;Ativa
16;12;Modelo Smart Android;2021-07-16;Ativa
17;13;Modelo Pro c/ Impressora;2021-02-24;Inativa
18;14;Modelo Smart Android;2021-07-18;Ativa
19;15;Modelo Smart Android;2024-01-19;Ativa
20;16;Modelo Smart Android;2022-03-09;Ativa
21;17;Modelo Chip Básico;2024-07-17;Ativa
22;18;Modelo Smart Android;2022-02-27;Bloqueada
23;18;Modelo Chip Básico;2022-02-19;Ativa
24;19;Modelo Chip Básico;2021-06-02;Ativa
25;20;Modelo Chip Básico;2021-05-17;Ativa
26;21;Modelo Smart Android;2021-12-15;Bloqueada
27;22;Modelo Pro c/ Impressora;2022-02-27;Ativa
28;23;Modelo Smart Android;2023-12-09;Inativa
29;23;Modelo Chip Básico;2023-12-15;Ativa
30;24;Modelo Pro c/ Impressora;2024-09-24;Ativa
31;25;Modelo Pro c/ Impressora;2023-10-21;Inativa
32;26;Modelo Chip Básico;2022-03-11;Ativa
33;26;Modelo Smart Android;2022-03-10;Ativa
34;27;Modelo Chip Básico;2021-05-18;Bloqueada
35;28;Modelo Pro c/ Impressora;2023-07-04;Ativa
36;29;Modelo Smart Android;2024-01-28;Ativa
37;30;Modelo Smart Android;2021-09-10;Bloqueada
38;31;Modelo Chip Básico;2021-04-03;Ativa
39;32;Modelo Pro c/ Impressora;2021-04-30;Ativa
40;32;Modelo Pro c/ Impressora;2021-05-05;Bloqueada
41;33;Modelo Pro c/ Impressora;2024-04-17;Ativa
42;34;Modelo Pro c/ Impressora;2022-09-10;Ativa
43;34;Modelo Chip Básico;2022-09-15;Ativa
44;34;Modelo Pro c/ Impressora;2022-09-20;Ativa
45;35;Modelo Pro c/ Impressora;2021-12-19;Bloqueada
46;35;Modelo Smart Android;2021-12-12;Ativa
47;36;Modelo Pro c/ Impressora;2023-07-17;Bloqueada
48;37;Modelo Chip Básico;2022-03-19;Bloqueada
49;38;Modelo Chip Básico;2024-03-07;Ativa
50;38;Modelo Pro c/ Impressora;2024-03-14;Ativa
51;39;Modelo Chip Básico;2023-01-30;Ativa
52;39;Modelo Smart Android;2023-01-20;Ativa
53;39;Modelo Pro c/ Impressora;2023-01-23;Ativa
54;40;Modelo Smart Android;2021-03-06;Ativa
55;40;Modelo Chip Básico;2021-03-10;Bloqueada
56;40;Modelo Chip Básico;2021-03-18;Inativa
57;41;Modelo Pro c/ Impressora;2021-02-09;Ativa
58;42;Modelo Pro c/ Impressora;2023-12-20;Bloqueada
59;43;Modelo Chip Básico;2021-04-09;Ativa
60;44;Modelo Chip Básico;2024-03-18;Ativa
61;44;Modelo Pro c/ Impressora;2024-03-21;Bloqueada
62;45;Modelo Smart Android;2022-12-04;Bloqueada
63;46;Modelo Chip Básico;2022-12-08;Inativa
64;47;Modelo Chip Básico;2023-12-08;Ativa
65;48;Modelo Smart Android;2023-03-27;Ativa
66;49;Modelo Chip Básico;2024-09-27;Inativa
67;50;Modelo Chip Básico;2022-03-04;Ativa
68;51;Modelo Pro c/ Impressora;2024-03-25;Bloqueada
69;52;Modelo Pro c/ Impressora;2021-06-11;Ativa
70;52;Modelo Pro c/ Impressora;2021-06-06;Inativa
71;53;Modelo Chip Básico;2024-03-30;Ativa
72;54;Modelo Chip Básico;2021-01-30;Ativa
73;55;Modelo Smart Android;2022-02-14;Ativa
74;56;Modelo Chip Básico;2022-08-10;Bloqueada
75;56;Modelo Pro c/ Impressora;2022-08-10;Bloqueada
76;57;Modelo Chip Básico;2024-04-04;Bloqueada
77;58;Modelo Chip Básico;2024-02-28;Ativa
78;58;Modelo Smart Android;2024-02-22;Ativa
79;59;Modelo Pro c/ Impressora;2023-04-26;Bloqueada
80;60;Modelo Smart Android;2021-08-28;Ativa
81;61;Modelo Chip Básico;2022-12-27;Ativa
82;62;Modelo Smart Android;2023-08-21;Ativa
83;63;Modelo Chip Básico;2021-11-19;Ativa
84;64;Modelo Chip Básico;2021-12-16;Ativa
85;65;Modelo Chip Básico;2022-07-22;Ativa
86;66;Modelo Chip Básico;2024-07-31;Ativa
87;66;Modelo Pro c/ Impressora;2024-07-27;Ativa
88;66;Modelo Chip Básico;2024-07-18;Ativa
89;67;Modelo Pro c/ Impressora;2023-10-31;Ativa
90;67;Modelo Chip Básico;2023-11-01;Bloqueada
91;68;Modelo Chip Básico;2021-07-12;Ativa
92;69;Modelo Chip Básico;2022-09-06;Ativa
93;70;Modelo Chip Básico;2022-10-31;Bloqueada
94;71;Modelo Chip Básico;2024-01-19;Ativa
95;72;Modelo Chip Básico;2024-08-27;Ativa
96;73;Modelo Chip Básico;2023-12-17;Ativa
97;73;Modelo Smart Android;2023-12-17;Ativa
98;74;Modelo Chip Básico;2023-06-17;Ativa
99;75;Modelo Chip Básico;2023-06-03;Ativa
100;76;Modelo Chip Básico;2023-10-22;Ativa
101;77;Modelo Chip Básico;2024-07-29;Ativa
102;77;Modelo Chip Básico;2024-08-04;Ativa
103;78;Modelo Chip Básico;2024-08-18;Inativa
104;79;Modelo Pro c/ Impressora;2023-08-10;Bloqueada
105;80;Modelo Smart Android;2023-01-15;Ativa
106;81;Modelo Pro c/ Impressora;2022-11-25;Ativa
107;82;Modelo Pro c/ Impressora;2023-07-23;Ativa
108;83;Modelo Chip Básico;2023-01-21;Ativa
109;84;Modelo Smart Android;2022-03-17;Inativa
110;84;Modelo Pro c/ Impressora;2022-03-21;Ativa
111;84;Modelo Smart Android;2022-03-16;Ativa
112;85;Modelo Pro c/ Impressora;2022-05-29;Ativa
113;86;Modelo Pro c/ Impressora;2024-01-06;Bloqueada
114;86;Modelo Smart Android;2024-01-05;Ativa
115;86;Modelo Chip Básico;2024-01-09;Inativa
116;86;Modelo Pro c/ Impressora;2023-12-30;Bloqueada
117;87;Modelo Pro c/ Impressora;2021-06-29;Bloqueada
118;87;Modelo Chip Básico;2021-06-28;Ativa
119;88;Modelo Smart Android;2021-07-02;Bloqueada
120;89;Modelo Chip Básico;2021-01-28;Ativa
121;90;Modelo Chip Básico;2022-03-08;Ativa
122;91;Modelo Chip Básico;2023-07-28;Ativa
123;92;Modelo Pro c/ Impressora;2024-11-02;Ativa
124;93;Modelo Pro c/ Impressora;2024-02-14;Ativa
125;94;Modelo Chip Básico;2021-10-10;Inativa
126;95;Modelo Smart Android;2022-02-20;Ativa
127;96;Modelo Pro c/ Impressora;2024-04-12;Inativa
128;97;Modelo Chip Básico;2021-06-22;Ativa
129;98;Modelo Smart Android;2021-06-28;Ativa
130;99;Modelo Pro c/ Impressora;2021-05-23;Ativa
131;100;Modelo Smart Android;2023-09-28;Inativa
132;101;Modelo Smart Android;2022-06-04;Ativa
133;101;Modelo Pro c/ Impressora;2022-06-14;Ativa
134;102;Modelo Chip Básico;2021-05-12;Ativa
135;103;Modelo Chip Básico;2023-02-06;Ativa
136;104;Modelo Chip Básico;2022-03-02;Ativa
137;104;Modelo Chip Básico;2022-03-06;Ativa
138;105;Modelo Chip Básico;2021-07-11;Ativa
139;106;Modelo Chip Básico;2021-06-20;Ativa
140;107;Modelo Chip Básico;2024-03-31;Inativa
141;108;Modelo Chip Básico;2021-11-01;Ativa
142;109;Modelo Pro c/ Impressora;2023-04-12;Ativa
143;110;Modelo Chip Básico;2023-09-16;Ativa
144;111;Modelo Smart Android;2024-09-16;Ativa
145;112;Modelo Pro c/ Impressora;2023-01-01;Inativa
146;113;Modelo Pro c/ Impressora;2022-07-03;Ativa
147;114;Modelo Pro c/ Impressora;2022-12-07;Ativa
148;114;Modelo Chip Básico;2022-12-05;Ativa
149;115;Modelo Smart Android;2021-04-16;Ativa
150;116;Modelo Chip Básico;2023-11-06;Bloqueada
151;116;Modelo Chip Básico;2023-11-17;Inativa
152;116;Modelo Chip Básico;2023-11-15;Ativa
153;117;Modelo Chip Básico;2022-12-04;Ativa
154;118;Modelo Chip Básico;2024-09-15;Ativa
155;119;Modelo Smart Android;2023-08-09;Ativa
156;119;Modelo Pro c/ Impressora;2023-08-14;Bloqueada
157;120;Modelo Chip Básico;2021-11-01;Ativa
158;121;Modelo Pro c/ Impressora;2023-07-13;Ativa
159;121;Modelo Pro c/ Impressora;2023-06-30;Inativa
160;122;Modelo Pro c/ Impressora;2021-07-25;Inativa
161;123;Modelo Chip Básico;2021-12-13;Inativa
162;124;Modelo Chip Básico;2024-06-28;Bloqueada
163;125;Modelo Chip Básico;2024-04-02;Ativa
164;126;Modelo Chip Básico;2024-04-02;Inativa
165;126;Modelo Chip Básico;2024-03-31;Ativa
166;127;Modelo Smart Android;2024-08-04;Bloqueada
167;128;Modelo Pro c/ Impressora;2024-03-30;Bloqueada
168;129;Modelo Smart Android;2023-04-02;Ativa
169;130;Modelo Chip Básico;2022-12-05;Ativa
170;131;Modelo Chip Básico;2021-12-31;Ativa
171;132;Modelo Smart Android;2021-02-13;Inativa
172;133;Modelo Smart Android;2023-09-29;Ativa
173;134;Modelo Smart Android;2024-10-11;Ativa
174;135;Modelo Pro c/ Impressora;2021-04-15;Ativa
175;135;Modelo Chip Básico;2021-04-28;Ativa
176;136;Modelo Pro c/ Impressora;2021-06-10;Ativa
177;137;Modelo Pro c/ Impressora;2024-10-01;Ativa
178;138;Modelo Pro c/ Impressora;2023-11-26;Ativa
179;139;Modelo Pro c/ Impressora;2021-12-05;Ativa
180;140;Modelo Smart Android;2022-08-06;Bloqueada
181;141;Modelo Pro c/ Impressora;2024-09-08;Ativa
182;142;Modelo Smart Android;2021-03-23;Ativa
183;142;Modelo Pro c/ Impressora;2021-03-23;Ativa
184;143;Modelo Pro c/ Impressora;2024-07-01;Ativa
185;144;Modelo Chip Básico;2021-12-07;Ativa
186;145;Modelo Pro c/ Impressora;2023-05-14;Ativa
187;146;Modelo Pro c/ Impressora;2023-08-06;Ativa
188;147;Modelo Pro c/ Impressora;2023-02-22;Ativa
189;148;Modelo Smart Android;2024-06-07;Ativa
190;149;Modelo Chip Básico;2023-02-01;Ativa
191;150;Modelo Pro c/ Impressora;2021-07-16;Ativa
192;150;Modelo Smart Android;2021-07-11;Ativa
193;151;Modelo Smart Android;2021-05-26;Ativa
194;152;Modelo Chip Básico;2022-06-05;Ativa
195;153;Modelo Chip Básico;2024-09-16;Ativa
196;154;Modelo Pro c/ Impressora;2023-11-24;Ativa
197;154;Modelo Chip Básico;2023-11-28;Bloqueada
198;154;Modelo Pro c/ Impressora;2023-11-18;Ativa
199;155;Modelo Chip Básico;2021-11-06;Ativa
200;156;Modelo Pro c/ Impressora;2023-04-11;Ativa
201;157;Modelo Smart Android;2021-12-31;Ativa
202;158;Modelo Pro c/ Impressora;2024-01-26;Ativa
203;159;Modelo Chip Básico;2022-10-31;Ativa
204;159;Modelo Chip Básico;2022-11-01;Ativa
205;160;Modelo Smart Android;2021-09-28;Inativa
206;160;Modelo Chip Básico;2021-09-25;Inativa
207;161;Modelo Chip Básico;2023-11-01;Ativa
208;162;Modelo Pro c/ Impressora;2021-06-05;Inativa
209;163;Modelo Chip Básico;2023-06-22;Bloqueada
210;164;Modelo Chip Básico;2022-06-25;Bloqueada
211;165;Modelo Pro c/ Impressora;2022-08-18;Bloqueada
212;166;Modelo Smart Android;2024-05-04;Bloqueada
213;167;Modelo Chip Básico;2021-11-26;Ativa
214;168;Modelo Pro c/ Impressora;2022-04-11;Ativa
215;169;Modelo Smart Android;2024-05-01;Ativa
216;170;Modelo Smart Android;2023-09-28;Ativa
217;171;Modelo Smart Android;2023-09-24;Bloqueada
218;172;Modelo Pro c/ Impressora;2023-05-24;Ativa
219;172;Modelo Smart Android;2023-05-21;Inativa
220;173;Modelo Chip Básico;2024-06-12;Ativa
221;173;Modelo Chip Básico;2024-06-21;Ativa
222;174;Modelo Chip Básico;2023-12-30;Ativa
223;174;Modelo Smart Android;2024-01-01;Ativa
224;174;Modelo Pro c/ Impressora;2023-12-31;Ativa
225;175;Modelo Smart Android;2021-07-31;Ativa
226;176;Modelo Smart Android;2022-04-01;Inativa
227;177;Modelo Chip Básico;2022-06-26;Ativa
228;178;Modelo Smart Android;2021-02-05;Ativa
229;178;Modelo Pro c/ Impressora;2021-01-31;Ativa
230;179;Modelo Chip Básico;2023-12-31;Bloqueada
231;180;Modelo Chip Básico;2021-07-26;Ativa
232;181;Modelo Pro c/ Impressora;2022-06-28;Ativa
233;181;Modelo Pro c/ Impressora;2022-07-02;Ativa
234;181;Modelo Pro c/ Impressora;2022-07-02;Inativa
235;182;Modelo Chip Básico;2021-06-30;Ativa
236;183;Modelo Smart Android;2022-05-08;Ativa
237;183;Modelo Smart Android;2022-05-10;Ativa
238;184;Modelo Smart Android;2023-07-22;Ativa
239;184;Modelo Pro c/ Impressora;2023-07-28;Bloqueada
240;185;Modelo Chip Básico;2023-01-16;Bloqueada
241;185;Modelo Chip Básico;2023-01-10;Ativa
242;186;Modelo Smart Android;2022-07-14;Inativa
243;187;Modelo Chip Básico;2021-03-01;Ativa
244;188;Modelo Chip Básico;2024-01-29;Ativa
245;189;Modelo Chip Básico;2022-01-15;Ativa
246;190;Modelo Pro c/ Impressora;2021-09-14;Inativa
247;190;Modelo Pro c/ Impressora;2021-09-08;Ativa
248;191;Modelo Chip Básico;2022-08-11;Bloqueada
249;191;Modelo Pro c/ Impressora;2022-08-08;Ativa
250;192;Modelo Smart Android;2023-01-05;Ativa
251;192;Modelo Smart Android;2022-12-30;Ativa
252;193;Modelo Smart Android;2022-12-13;Inativa
253;194;Modelo Smart Android;2021-05-30;Bloqueada
254;195;Modelo Chip Básico;2023-05-27;Bloqueada
255;195;Modelo Smart Android;2023-06-07;Ativa
256;195;Modelo Chip Básico;2023-06-07;Ativa
257;196;Modelo Smart Android;2022-03-30;Bloqueada
258;197;Modelo Smart Android;2022-05-24;Ativa
259;198;Modelo Pro c/ Impressora;2022-07-06;Ativa
260;199;Modelo Chip Básico;2023-04-03;Bloqueada
261;200;Modelo Chip Básico;2024-05-18;Bloqueada
262;201;Modelo Pro c/ Impressora;2021-05-09;Ativa
263;202;Modelo Chip Básico;2024-09-09;Ativa
264;203;Modelo Smart Android;2021-06-03;Inativa
265;203;Modelo Pro c/ Impressora;2021-06-05;Inativa
266;204;Modelo Pro c/ Impressora;2024-10-09;Inativa
267;205;Modelo Pro c/ Impressora;2023-11-06;Ativa
268;206;Modelo Pro c/ Impressora;2023-05-14;Ativa
269;207;Modelo Chip Básico;2024-04-05;Inativa
270;207;Modelo Pro c/ Impressora;2024-04-07;Ativa
271;208;Modelo Chip Básico;2022-06-14;Ativa
272;209;Modelo Pro c/ Impressora;2022-06-28;Ativa
273;209;Modelo Chip Básico;2022-06-27;Ativa
274;210;Modelo Pro c/ Impressora;2022-01-07;Ativa
275;211;Modelo Pro c/ Impressora;2023-11-16;Ativa
276;212;Modelo Smart Android;2022-05-04;Ativa
277;213;Modelo Chip Básico;2022-01-30;Ativa
278;213;Modelo Chip Básico;2022-02-10;Inativa
279;214;Modelo Pro c/ Impressora;2022-12-01;Bloqueada
280;215;Modelo Chip Básico;2021-07-26;Ativa
281;216;Modelo Smart Android;2021-08-30;Ativa
282;217;Modelo Chip Básico;2021-04-23;Ativa
283;218;Modelo Chip Básico;2022-10-24;Ativa
284;219;Modelo Pro c/ Impressora;2024-03-10;Bloqueada
285;220;Modelo Chip Básico;2024-07-26;Ativa
286;221;Modelo Chip Básico;2021-10-23;Ativa
287;222;Modelo Chip Básico;2024-07-23;Bloqueada
288;223;Modelo Chip Básico;2022-09-12;Inativa
289;224;Modelo Pro c/ Impressora;2021-08-06;Ativa
290;225;Modelo Chip Básico;2021-04-17;Ativa
291;226;Modelo Pro c/ Impressora;2022-10-31;Bloqueada
292;227;Modelo Chip Básico;2023-11-11;Ativa
293;228;Modelo Chip Básico;2023-11-28;Ativa
294;229;Modelo Smart Android;2024-06-08;Bloqueada
295;229;Modelo Pro c/ Impressora;2024-06-08;Inativa
296;230;Modelo Pro c/ Impressora;2023-03-04;Ativa
297;230;Modelo Chip Básico;2023-03-11;Bloqueada
298;231;Modelo Pro c/ Impressora;2022-01-08;Ativa
299;232;Modelo Pro c/ Impressora;2021-06-26;Inativa
300;233;Modelo Pro c/ Impressora;2024-08-19;Bloqueada
301;234;Modelo Chip Básico;2024-04-23;Bloqueada
302;235;Modelo Smart Android;2023-11-13;Ativa
303;235;Modelo Chip Básico;2023-11-08;Ativa
304;236;Modelo Chip Básico;2021-10-25;Ativa
305;236;Modelo Pro c/ Impressora;2021-10-19;Inativa
306;236;Modelo Smart Android;2021-10-17;Inativa
307;237;Modelo Smart Android;2022-12-30;Ativa
308;238;Modelo Pro c/ Impressora;2022-07-23;Bloqueada
309;239;Modelo Chip Básico;2022-04-15;Ativa
310;239;Modelo Pro c/ Impressora;2022-04-10;Ativa
311;240;Modelo Pro c/ Impressora;2022-04-07;Inativa
312;240;Modelo Smart Android;2022-03-29;Ativa
313;241;Modelo Pro c/ Impressora;2024-08-11;Bloqueada
314;241;Modelo Pro c/ Impressora;2024-08-05;Bloqueada
315;241;Modelo Smart Android;2024-08-10;Bloqueada
316;242;Modelo Chip Básico;2024-10-01;Ativa
317;243;Modelo Pro c/ Impressora;2022-03-16;Inativa
318;243;Modelo Smart Android;2022-03-08;Ativa
319;244;Modelo Chip Básico;2021-12-29;Ativa
320;245;Modelo Pro c/ Impressora;2022-10-04;Bloqueada
321;246;Modelo Chip Básico;2024-01-23;Inativa
322;246;Modelo Pro c/ Impressora;2024-01-27;Bloqueada
323;247;Modelo Smart Android;2021-02-09;Inativa
324;248;Modelo Chip Básico;2022-08-17;Ativa
325;248;Modelo Pro c/ Impressora;2022-08-29;Ativa
326;248;Modelo Smart Android;2022-08-23;Bloqueada
327;248;Modelo Pro c/ Impressora;2022-08-28;Ativa
328;249;Modelo Chip Básico;2021-11-22;Inativa
329;250;Modelo Smart Android;2023-07-29;Ativa
330;251;Modelo Chip Básico;2021-01-05;Inativa
331;252;Modelo Pro c/ Impressora;2024-11-02;Ativa
332;253;Modelo Chip Básico;2021-10-30;Ativa
333;254;Modelo Smart Android;2021-03-17;Ativa
334;255;Modelo Pro c/ Impressora;2023-10-06;Bloqueada
335;256;Modelo Chip Básico;2024-01-27;Ativa
336;257;Modelo Smart Android;2022-12-19;Ativa
337;258;Modelo Chip Básico;2021-03-24;Bloqueada
338;258;Modelo Chip Básico;2021-03-26;Ativa
339;259;Modelo Pro c/ Impressora;2021-04-04;Ativa
340;260;Modelo Chip Básico;2024-05-02;Ativa
341;260;Modelo Chip Básico;2024-04-30;Ativa
342;261;Modelo Chip Básico;2021-10-11;Ativa
343;262;Modelo Pro c/ Impressora;2022-12-21;Ativa
344;263;Modelo Chip Básico;2022-04-26;Ativa
345;264;Modelo Chip Básico;2021-09-04;Ativa
346;265;Modelo Chip Básico;2021-09-26;Inativa
347;266;Modelo Pro c/ Impressora;2024-05-13;Inativa
348;267;Modelo Chip Básico;2023-11-14;Ativa
349;267;Modelo Chip Básico;2023-11-11;Inativa
350;268;Modelo Chip Básico;2023-02-24;Inativa
351;269;Modelo Chip Básico;2021-12-28;Bloqueada
352;270;Modelo Smart Android;2023-12-09;Ativa
353;271;Modelo Pro c/ Impressora;2024-04-06;Ativa
354;272;Modelo Pro c/ Impressora;2021-04-15;Ativa
355;272;Modelo Chip Básico;2021-04-12;Inativa
356;272;Modelo Pro c/ Impressora;2021-04-04;Bloqueada
357;273;Modelo Smart Android;2024-03-30;Ativa
358;274;Modelo Pro c/ Impressora;2024-08-04;Ativa
359;274;Modelo Smart Android;2024-08-15;Inativa
360;275;Modelo Smart Android;2021-05-28;Bloqueada
361;276;Modelo Pro c/ Impressora;2022-08-21;Bloqueada
362;277;Modelo Chip Básico;2024-08-03;Bloqueada
363;278;Modelo Chip Básico;2023-05-19;Ativa
364;278;Modelo Chip Básico;2023-05-15;Inativa
365;279;Modelo Pro c/ Impressora;2021-10-16;Bloqueada
366;280;Modelo Pro c/ Impressora;2024-04-09;Ativa
367;281;Modelo Chip Básico;2021-05-02;Ativa
368;282;Modelo Smart Android;2023-03-26;Ativa
369;282;Modelo Pro c/ Impressora;2023-03-23;Bloqueada
370;282;Modelo Chip Básico;2023-03-19;Bloqueada
371;283;Modelo Chip Básico;2024-01-19;Ativa
372;284;Modelo Chip Básico;2023-03-31;Ativa
373;285;Modelo Smart Android;2022-09-19;Ativa
374;286;Modelo Chip Básico;2022-09-05;Ativa
375;286;Modelo Pro c/ Impressora;2022-09-09;Inativa
376;287;Modelo Smart Android;2022-02-16;Inativa
377;288;Modelo Chip Básico;2023-07-17;Inativa
378;289;Modelo Chip Básico;2024-04-25;Inativa
379;290;Modelo Pro c/ Impressora;2021-11-10;Bloqueada
380;291;Modelo Pro c/ Impressora;2023-07-09;Ativa
381;292;Modelo Pro c/ Impressora;2024-08-25;Ativa
382;293;Modelo Pro c/ Impressora;2022-04-22;Bloqueada
383;294;Modelo Smart Android;2023-11-17;Ativa
384;295;Modelo Pro c/ Impressora;2024-04-16;Ativa
385;295;Modelo Chip Básico;2024-04-09;Ativa
386;296;Modelo Chip Básico;2023-03-16;Ativa
387;296;Modelo Pro c/ Impressora;2023-03-05;Bloqueada
388;297;Modelo Chip Básico;2024-04-18;Ativa
389;298;Modelo Chip Básico;2021-09-26;Ativa
390;299;Modelo Smart Android;2023-11-01;Ativa
391;300;Modelo Chip Básico;2023-05-01;Ativa
392;301;Modelo Chip Básico;2023-10-27;Ativa
393;302;Modelo Chip Básico;2024-05-14;Ativa
394;303;Modelo Chip Básico;2021-07-19;Ativa
395;304;Modelo Smart Android;2021-03-11;Bloqueada
396;305;Modelo Smart Android;2021-10-10;Ativa
397;306;Modelo Pro c/ Impressora;2022-07-29;Ativa
398;307;Modelo Chip Básico;2022-05-26;Bloqueada
399;308;Modelo Chip Básico;2021-03-03;Ativa
400;308;Modelo Chip Básico;2021-03-06;Ativa
401;309;Modelo Chip Básico;2022-03-26;Ativa
402;309;Modelo Smart Android;2022-03-17;Ativa
403;310;Modelo Chip Básico;2024-08-09;Inativa
404;311;Modelo Smart Android;2023-10-01;Bloqueada
405;312;Modelo Smart Android;2022-07-22;Ativa
406;312;Modelo Chip Básico;2022-07-22;Bloqueada
407;312;Modelo Chip Básico;2022-07-13;Ativa
408;313;Modelo Chip Básico;2023-08-07;Ativa
409;313;Modelo Smart Android;2023-08-10;Ativa
410;314;Modelo Pro c/ Impressora;2024-05-10;Ativa
411;314;Modelo Pro c/ Impressora;2024-05-05;Ativa
412;314;Modelo Chip Básico;2024-05-03;Ativa
413;315;Modelo Chip Básico;2022-07-05;Bloqueada
414;315;Modelo Chip Básico;2022-07-02;Ativa
415;316;Modelo Chip Básico;2023-02-10;Ativa
416;316;Modelo Smart Android;2023-02-10;Inativa
417;317;Modelo Chip Básico;2021-06-17;Ativa
418;318;Modelo Chip Básico;2021-05-17;Ativa
419;319;Modelo Pro c/ Impressora;2022-02-03;Ativa
420;320;Modelo Smart Android;2024-10-01;Ativa
421;320;Modelo Smart Android;2024-10-08;Ativa
422;320;Modelo Chip Básico;2024-10-10;Inativa
423;321;Modelo Chip Básico;2021-08-05;Ativa
424;322;Modelo Chip Básico;2021-10-10;Ativa
425;323;Modelo Chip Básico;2023-06-08;Inativa
426;324;Modelo Chip Básico;2024-09-03;Ativa
427;325;Modelo Pro c/ Impressora;2022-08-27;Ativa
428;325;Modelo Chip Básico;2022-08-21;Ativa
429;326;Modelo Pro c/ Impressora;2021-09-23;Ativa
430;326;Modelo Smart Android;2021-09-27;Ativa
431;327;Modelo Chip Básico;2023-12-14;Ativa
432;328;Modelo Chip Básico;2021-10-02;Ativa
433;329;Modelo Pro c/ Impressora;2024-07-27;Ativa
434;330;Modelo Pro c/ Impressora;2022-08-21;Inativa
435;331;Modelo Smart Android;2022-02-06;Ativa
436;332;Modelo Chip Básico;2022-11-08;Inativa
437;332;Modelo Chip Básico;2022-11-07;Bloqueada
438;333;Modelo Chip Básico;2022-03-12;Ativa
439;333;Modelo Chip Básico;2022-03-11;Ativa
440;333;Modelo Pro c/ Impressora;2022-03-11;Ativa
441;334;Modelo Pro c/ Impressora;2022-05-12;Ativa
442;334;Modelo Pro c/ Impressora;2022-05-11;Inativa
443;335;Modelo Smart Android;2022-11-28;Ativa
444;336;Modelo Pro c/ Impressora;2022-10-07;Ativa
445;337;Modelo Chip Básico;2023-03-08;Ativa
446;337;Modelo Chip Básico;2023-03-12;Ativa
447;337;Modelo Chip Básico;2023-03-11;Ativa
448;338;Modelo Pro c/ Impressora;2021-06-18;Ativa
449;339;Modelo Pro c/ Impressora;2024-03-18;Bloqueada
450;340;Modelo Chip Básico;2021-09-12;Ativa
451;341;Modelo Chip Básico;2021-07-31;Bloqueada
452;342;Modelo Chip Básico;2021-04-21;Ativa
453;342;Modelo Chip Básico;2021-04-14;Ativa
454;343;Modelo Chip Básico;2021-09-12;Inativa
455;344;Modelo Pro c/ Impressora;2021-09-11;Bloqueada
456;345;Modelo Chip Básico;2023-09-18;Ativa
457;346;Modelo Pro c/ Impressora;2022-03-11;Ativa
458;346;Modelo Chip Básico;2022-03-12;Ativa
459;347;Modelo Pro c/ Impressora;2022-10-28;Ativa
460;347;Modelo Smart Android;2022-11-03;Ativa
461;348;Modelo Pro c/ Impressora;2023-05-10;Ativa
462;348;Modelo Smart Android;2023-05-19;Ativa
463;349;Modelo Chip Básico;2022-12-03;Ativa
464;350;Modelo Smart Android;2022-07-26;Ativa
465;350;Modelo Pro c/ Impressora;2022-07-24;Bloqueada
466;351;Modelo Smart Android;2023-07-25;Ativa
467;352;Modelo Smart Android;2024-05-13;Ativa
468;353;Modelo Pro c/ Impressora;2023-05-19;Ativa
469;354;Modelo Chip Básico;2022-03-02;Ativa
470;355;Modelo Smart Android;2023-11-07;Bloqueada
471;355;Modelo Smart Android;2023-11-04;Ativa
472;356;Modelo Pro c/ Impressora;2021-09-12;Ativa
473;356;Modelo Pro c/ Impressora;2021-09-12;Ativa
474;356;Modelo Chip Básico;2021-09-03;Ativa
475;357;Modelo Chip Básico;2022-05-03;Ativa
476;358;Modelo Chip Básico;2024-09-15;Ativa
477;359;Modelo Smart Android;2024-04-03;Ativa
478;360;Modelo Smart Android;2021-11-04;Bloqueada
479;360;Modelo Chip Básico;2021-11-04;Ativa
480;360;Modelo Chip Básico;2021-10-30;Ativa
481;360;Modelo Pro c/ Impressora;2021-10-29;Ativa
482;361;Modelo Pro c/ Impressora;2021-07-29;Ativa
483;361;Modelo Smart Android;2021-07-21;Ativa
484;362;Modelo Pro c/ Impressora;2022-07-21;Inativa
485;363;Modelo Smart Android;2023-11-13;Ativa
486;363;Modelo Smart Android;2023-11-02;Ativa
487;363;Modelo Pro c/ Impressora;2023-11-10;Ativa
488;364;Modelo Chip Básico;2023-08-28;Ativa
489;365;Modelo Chip Básico;2022-08-03;Inativa
490;366;Modelo Chip Básico;2022-10-18;Inativa
491;367;Modelo Pro c/ Impressora;2023-05-02;Inativa
492;367;Modelo Chip Básico;2023-04-28;Bloqueada
493;368;Modelo Chip Básico;2022-01-21;Ativa
494;368;Modelo Smart Android;2022-01-26;Inativa
495;369;Modelo Pro c/ Impressora;2021-05-13;Ativa
496;370;Modelo Pro c/ Impressora;2021-08-25;Ativa
497;371;Modelo Chip Básico;2024-04-24;Ativa
498;372;Modelo Smart Android;2024-04-29;Bloqueada
499;373;Modelo Chip Básico;2021-03-25;Ativa
500;373;Modelo Pro c/ Impressora;2021-03-24;Ativa
501;374;Modelo Pro c/ Impressora;2024-05-23;Ativa
502;375;Modelo Chip Básico;2023-08-13;Ativa
503;376;Modelo Chip Básico;2022-12-19;Ativa
504;376;Modelo Pro c/ Impressora;2022-12-15;Ativa
505;377;Modelo Chip Básico;2024-01-24;Inativa
506;377;Modelo Chip Básico;2024-01-24;Ativa
507;378;Modelo Smart Android;2021-09-27;Ativa
508;379;Modelo Pro c/ Impressora;2021-04-13;Bloqueada
509;379;Modelo Chip Básico;2021-04-11;Ativa
510;380;Modelo Chip Básico;2024-10-14;Ativa
511;380;Modelo Pro c/ Impressora;2024-10-19;Bloqueada
512;381;Modelo Smart Android;2024-01-02;Ativa
513;381;Modelo Smart Android;2024-01-11;Bloqueada
514;381;Modelo Smart Android;2024-01-08;Ativa
515;381;Modelo Pro c/ Impressora;2024-01-03;Inativa
516;382;Modelo Chip Básico;2022-03-12;Ativa
517;382;Modelo Chip Básico;2022-03-02;Bloqueada
518;383;Modelo Smart Android;2022-03-28;Ativa
519;384;Modelo Chip Básico;2023-02-28;Ativa
520;385;Modelo Chip Básico;2022-05-26;Ativa
521;385;Modelo Pro c/ Impressora;2022-05-31;Ativa
522;385;Modelo Smart Android;2022-05-23;Inativa
523;386;Modelo Chip Básico;2023-11-29;Ativa
524;386;Modelo Pro c/ Impressora;2023-11-26;Ativa
525;387;Modelo Pro c/ Impressora;2024-01-27;Ativa
526;387;Modelo Chip Básico;2024-01-30;Bloqueada
527;388;Modelo Chip Básico;2021-12-01;Ativa
528;388;Modelo Pro c/ Impressora;2021-11-28;Ativa
529;389;Modelo Chip Básico;2021-04-04;Ativa
530;390;Modelo Pro c/ Impressora;2023-06-16;Inativa
531;390;Modelo Pro c/ Impressora;2023-06-21;Inativa
532;391;Modelo Smart Android;2023-08-09;Ativa
533;391;Modelo Smart Android;2023-08-11;Ativa
534;392;Modelo Pro c/ Impressora;2024-07-26;Ativa
535;393;Modelo Chip Básico;2021-02-24;Ativa
536;393;Modelo Pro c/ Impressora;2021-02-24;Ativa
537;393;Modelo Chip Básico;2021-02-25;Bloqueada
538;393;Modelo Chip Básico;2021-02-15;Ativa
539;394;Modelo Pro c/ Impressora;2021-07-08;Ativa
540;394;Modelo Pro c/ Impressora;2021-07-12;Ativa
541;395;Modelo Chip Básico;2022-08-10;Ativa
542;396;Modelo Chip Básico;2022-09-25;Bloqueada
543;397;Modelo Chip Básico;2023-09-04;Ativa
544;398;Modelo Pro c/ Impressora;2022-04-10;Ativa
545;399;Modelo Pro c/ Impressora;2021-06-10;Ativa
546;400;Modelo Smart Android;2022-02-21;Ativa
547;401;Modelo Pro c/ Impressora;2023-05-21;Inativa
548;402;Modelo Chip Básico;2023-08-14;Ativa
549;403;Modelo Smart Android;2023-12-19;Inativa
550;404;Modelo Pro c/ Impressora;2021-12-12;Ativa
551;404;Modelo Smart Android;2021-12-03;Bloqueada
552;405;Modelo Pro c/ Impressora;2024-09-04;Inativa
553;406;Modelo Smart Android;2023-01-16;Bloqueada
554;407;Modelo Chip Básico;2024-09-27;Inativa
555;408;Modelo Chip Básico;2024-09-20;Inativa
556;409;Modelo Chip Básico;2023-09-30;Ativa
557;410;Modelo Pro c/ Impressora;2021-02-16;Ativa
558;410;Modelo Smart Android;2021-02-15;Ativa
559;410;Modelo Pro c/ Impressora;2021-02-15;Ativa
560;411;Modelo Chip Básico;2022-02-12;Inativa
561;411;Modelo Chip Básico;2022-02-14;Ativa
562;412;Modelo Pro c/ Impressora;2023-12-06;Bloqueada
563;413;Modelo Pro c/ Impressora;2022-05-07;Ativa
564;414;Modelo Chip Básico;2021-12-19;Ativa
565;414;Modelo Chip Básico;2021-12-26;Ativa
566;414;Modelo Pro c/ Impressora;2021-12-30;Ativa
567;414;Modelo Chip Básico;2021-12-25;Bloqueada
568;414;Modelo Chip Básico;2021-12-20;Inativa
569;415;Modelo Chip Básico;2022-04-06;Inativa
570;415;Modelo Pro c/ Impressora;2022-04-08;Ativa
571;415;Modelo Smart Android;2022-03-29;Ativa
572;416;Modelo Pro c/ Impressora;2021-10-20;Inativa
573;417;Modelo Chip Básico;2024-09-16;Inativa
574;418;Modelo Pro c/ Impressora;2022-01-16;Ativa
575;419;Modelo Pro c/ Impressora;2022-08-28;Inativa
576;420;Modelo Pro c/ Impressora;2022-04-14;Ativa
577;420;Modelo Pro c/ Impressora;2022-04-20;Inativa
578;421;Modelo Pro c/ Impressora;2024-10-06;Bloqueada
579;422;Modelo Smart Android;2022-03-30;Ativa
580;423;Modelo Pro c/ Impressora;2021-05-30;Bloqueada
581;424;Modelo Smart Android;2021-08-15;Ativa
582;425;Modelo Chip Básico;2023-04-20;Ativa
583;426;Modelo Smart Android;2024-06-23;Bloqueada
584;427;Modelo Chip Básico;2023-03-06;Bloqueada
585;427;Modelo Chip Básico;2023-03-07;Ativa
586;428;Modelo Chip Básico;2022-03-03;Bloqueada
587;429;Modelo Pro c/ Impressora;2023-02-08;Ativa
588;430;Modelo Chip Básico;2023-07-03;Inativa
589;431;Modelo Pro c/ Impressora;2021-09-08;Inativa
590;431;Modelo Chip Básico;2021-09-09;Inativa
591;432;Modelo Pro c/ Impressora;2021-03-05;Ativa
592;433;Modelo Chip Básico;2023-01-22;Inativa
593;434;Modelo Chip Básico;2021-02-06;Ativa
594;435;Modelo Chip Básico;2024-01-14;Bloqueada
595;435;Modelo Chip Básico;2024-01-22;Ativa
596;435;Modelo Pro c/ Impressora;2024-01-20;Ativa
597;435;Modelo Smart Android;2024-01-17;Ativa
598;435;Modelo Chip Básico;2024-01-17;Bloqueada
599;436;Modelo Pro c/ Impressora;2021-05-03;Ativa
600;437;Modelo Pro c/ Impressora;2023-09-13;Inativa
601;437;Modelo Smart Android;2023-09-25;Bloqueada
602;438;Modelo Chip Básico;2023-10-27;Ativa
603;439;Modelo Pro c/ Impressora;2022-06-18;Ativa
604;440;Modelo Pro c/ Impressora;2021-11-16;Ativa
605;441;Modelo Pro c/ Impressora;2023-04-15;Ativa
606;442;Modelo Pro c/ Impressora;2023-05-17;Ativa
607;443;Modelo Pro c/ Impressora;2022-03-13;Ativa
608;443;Modelo Pro c/ Impressora;2022-03-15;Ativa
609;444;Modelo Smart Android;2021-04-17;Ativa
610;445;Modelo Chip Básico;2024-02-08;Ativa
611;445;Modelo Pro c/ Impressora;2024-01-27;Ativa
612;446;Modelo Smart Android;2024-08-29;Ativa
613;446;Modelo Chip Básico;2024-09-07;Ativa
614;446;Modelo Pro c/ Impressora;2024-09-03;Ativa
615;447;Modelo Pro c/ Impressora;2023-02-11;Ativa
616;448;Modelo Smart Android;2022-02-16;Ativa
617;449;Modelo Chip Básico;2022-04-05;Bloqueada
618;450;Modelo Chip Básico;2023-07-12;Ativa
619;451;Modelo Smart Android;2021-10-16;Ativa
620;452;Modelo Smart Android;2023-04-19;Ativa
621;453;Modelo Chip Básico;2024-10-10;Bloqueada
622;454;Modelo Chip Básico;2023-04-27;Ativa
623;454;Modelo Chip Básico;2023-05-05;Ativa
624;455;Modelo Pro c/ Impressora;2024-09-13;Ativa
625;456;Modelo Chip Básico;2023-02-07;Bloqueada
626;456;Modelo Chip Básico;2023-02-11;Ativa
627;457;Modelo Pro c/ Impressora;2021-08-02;Ativa
628;458;Modelo Pro c/ Impressora;2024-10-11;Inativa
629;459;Modelo Smart Android;2021-01-16;Ativa
630;460;Modelo Pro c/ Impressora;2024-08-03;Ativa
631;461;Modelo Chip Básico;2024-04-24;Ativa
632;462;Modelo Chip Básico;2022-07-07;Ativa
633;463;Modelo Chip Básico;2022-10-19;Bloqueada
634;464;Modelo Chip Básico;2021-09-13;Inativa
635;465;Modelo Chip Básico;2021-03-20;Inativa
636;466;Modelo Pro c/ Impressora;2023-03-12;Ativa
637;467;Modelo Pro c/ Impressora;2022-05-01;Ativa
638;468;Modelo Smart Android;2021-07-16;Ativa
639;468;Modelo Chip Básico;2021-07-02;Inativa
640;469;Modelo Smart Android;2021-06-15;Ativa
641;470;Modelo Pro c/ Impressora;2022-12-29;Ativa
642;471;Modelo Pro c/ Impressora;2023-11-29;Ativa
643;472;Modelo Chip Básico;2021-12-04;Inativa
644;473;Modelo Pro c/ Impressora;2022-04-14;Ativa
645;474;Modelo Smart Android;2021-05-13;Bloqueada
646;474;Modelo Pro c/ Impressora;2021-05-20;Bloqueada
647;475;Modelo Chip Básico;2021-02-25;Ativa
648;476;Modelo Chip Básico;2023-12-31;Ativa
649;476;Modelo Chip Básico;2024-01-01;Ativa
650;477;Modelo Chip Básico;2022-11-22;Ativa
651;478;Modelo Smart Android;2021-05-21;Bloqueada
652;479;Modelo Chip Básico;2023-01-10;Ativa
653;480;Modelo Chip Básico;2024-04-24;Ativa
654;481;Modelo Pro c/ Impressora;2021-03-13;Ativa
655;482;Modelo Chip Básico;2024-05-28;Ativa
656;483;Modelo Chip Básico;2021-03-18;Ativa
657;484;Modelo Pro c/ Impressora;2021-08-06;Ativa
658;485;Modelo Chip Básico;2023-03-20;Inativa
659;485;Modelo Chip Básico;2023-03-31;Ativa
660;486;Modelo Pro c/ Impressora;2024-03-30;Bloqueada
661;487;Modelo Pro c/ Impressora;2022-05-12;Ativa
662;487;Modelo Chip Básico;2022-05-10;Ativa
663;488;Modelo Pro c/ Impressora;2023-03-10;Inativa
664;489;Modelo Pro c/ Impressora;2022-06-27;Ativa
665;490;Modelo Chip Básico;2021-06-22;Ativa
666;491;Modelo Smart Android;2023-09-27;Ativa
667;492;Modelo Smart Android;2021-06-02;Ativa
668;493;Modelo Pro c/ Impressora;2023-07-18;Ativa
669;494;Modelo Pro c/ Impressora;2024-08-18;Ativa
670;495;Modelo Pro c/ Impressora;2023-05-09;Bloqueada
671;496;Modelo Pro c/ Impressora;2021-04-15;Ativa
672;497;Modelo Chip Básico;2022-11-25;Ativa
673;498;Modelo Pro c/ Impressora;2021-07-10;Ativa
674;499;Modelo Chip Básico;2021-10-03;Ativa
675;500;Modelo Pro c/ Impressora;2021-10-14;Ativa
676;501;Modelo Chip Básico;2022-01-13;Bloqueada
677;502;Modelo Chip Básico;2024-09-26;Ativa
678;502;Modelo Chip Básico;2024-09-20;Bloqueada
679;503;Modelo Chip Básico;2021-01-31;Ativa
680;503;Modelo Chip Básico;2021-01-29;Ativa
681;503;Modelo Pro c/ Impressora;2021-02-10;Ativa
682;503;Modelo Pro c/ Impressora;2021-02-06;Ativa
683;504;Modelo Pro c/ Impressora;2021-05-16;Bloqueada
684;505;Modelo Pro c/ Impressora;2022-09-28;Ativa
685;506;Modelo Smart Android;2023-11-28;Inativa
686;507;Modelo Pro c/ Impressora;2021-02-11;Ativa
687;508;Modelo Pro c/ Impressora;2021-09-24;Bloqueada
688;509;Modelo Pro c/ Impressora;2021-10-03;Ativa
689;510;Modelo Pro c/ Impressora;2024-09-25;Bloqueada
690;511;Modelo Pro c/ Impressora;2024-09-10;Bloqueada
691;512;Modelo Smart Android;2023-10-28;Bloqueada
692;513;Modelo Chip Básico;2022-02-27;Ativa
693;514;Modelo Smart Android;2023-04-26;Bloqueada
694;515;Modelo Chip Básico;2021-05-29;Ativa
695;516;Modelo Chip Básico;2023-12-08;Inativa
696;517;Modelo Smart Android;2022-04-11;Ativa
697;518;Modelo Chip Básico;2021-11-02;Ativa
698;519;Modelo Smart Android;2021-05-18;Ativa
699;520;Modelo Chip Básico;2023-08-24;Ativa
700;521;Modelo Pro c/ Impressora;2021-01-24;Bloqueada
701;521;Modelo Chip Básico;2021-01-14;Ativa
702;522;Modelo Chip Básico;2023-10-14;Ativa
703;522;Modelo Chip Básico;2023-10-12;Ativa
704;523;Modelo Pro c/ Impressora;2022-11-01;Bloqueada
705;523;Modelo Smart Android;2022-10-26;Inativa
706;524;Modelo Smart Android;2023-02-12;Ativa
707;525;Modelo Chip Básico;2022-02-25;Bloqueada
708;526;Modelo Pro c/ Impressora;2022-11-13;Ativa
709;527;Modelo Smart Android;2022-09-01;Ativa
710;528;Modelo Chip Básico;2022-04-13;Inativa
711;529;Modelo Pro c/ Impressora;2024-09-21;Ativa
712;530;Modelo Smart Android;2024-04-08;Bloqueada
713;531;Modelo Chip Básico;2021-06-06;Bloqueada
714;532;Modelo Smart Android;2021-04-14;Ativa
715;533;Modelo Smart Android;2022-12-07;Inativa
716;534;Modelo Chip Básico;2021-07-06;Inativa
717;535;Modelo Chip Básico;2023-11-14;Inativa
718;536;Modelo Pro c/ Impressora;2022-02-22;Ativa
719;537;Modelo Smart Android;2022-07-08;Ativa
720;538;Modelo Chip Básico;2021-12-01;Ativa
721;539;Modelo Smart Android;2024-07-29;Bloqueada
722;540;Modelo Pro c/ Impressora;2023-10-25;Ativa
723;541;Modelo Smart Android;2024-07-24;Bloqueada
724;541;Modelo Smart Android;2024-07-18;Inativa
725;542;Modelo Chip Básico;2023-09-16;Ativa
726;542;Modelo Smart Android;2023-09-07;Inativa
727;543;Modelo Chip Básico;2023-09-02;Ativa
728;544;Modelo Pro c/ Impressora;2023-02-01;Bloqueada
729;545;Modelo Smart Android;2021-09-29;Ativa
730;545;Modelo Pro c/ Impressora;2021-10-01;Ativa
731;546;Modelo Smart Android;2023-06-30;Ativa
732;547;Modelo Pro c/ Impressora;2023-02-18;Ativa
733;548;Modelo Pro c/ Impressora;2023-08-09;Ativa
734;549;Modelo Pro c/ Impressora;2023-10-25;Inativa
735;549;Modelo Chip Básico;2023-10-16;Ativa
736;550;Modelo Chip Básico;2022-09-25;Ativa
737;551;Modelo Chip Básico;2024-07-20;Ativa
738;552;Modelo Chip Básico;2024-08-25;Ativa
739;553;Modelo Chip Básico;2023-03-16;Ativa
740;553;Modelo Chip Básico;2023-03-16;Ativa
741;554;Modelo Chip Básico;2021-06-14;Inativa
742;555;Modelo Pro c/ Impressora;2023-06-20;Bloqueada
743;556;Modelo Pro c/ Impressora;2021-11-06;Ativa
744;557;Modelo Smart Android;2023-04-18;Ativa
745;558;Modelo Chip Básico;2024-08-17;Ativa
746;559;Modelo Chip Básico;2022-03-31;Inativa
747;560;Modelo Pro c/ Impressora;2024-03-22;Ativa
748;561;Modelo Chip Básico;2022-02-19;Bloqueada
749;562;Modelo Smart Android;2024-07-12;Ativa
750;562;Modelo Chip Básico;2024-07-13;Bloqueada
751;563;Modelo Chip Básico;2023-01-20;Bloqueada
752;563;Modelo Chip Básico;2023-01-14;Inativa
753;564;Modelo Chip Básico;2021-01-28;Ativa
754;564;Modelo Chip Básico;2021-01-25;Ativa
755;565;Modelo Chip Básico;2023-01-01;Inativa
756;566;Modelo Pro c/ Impressora;2022-04-29;Ativa
757;567;Modelo Smart Android;2021-12-16;Ativa
758;568;Modelo Chip Básico;2022-12-01;Ativa
759;569;Modelo Pro c/ Impressora;2024-02-26;Ativa
760;570;Modelo Pro c/ Impressora;2023-05-25;Ativa
761;571;Modelo Pro c/ Impressora;2021-04-26;Ativa
762;572;Modelo Chip Básico;2024-10-24;Ativa
763;572;Modelo Chip Básico;2024-11-04;Ativa
764;573;Modelo Smart Android;2024-08-01;Ativa
765;573;Modelo Chip Básico;2024-07-30;Ativa
766;574;Modelo Smart Android;2021-06-22;Ativa
767;575;Modelo Chip Básico;2021-10-28;Ativa
768;576;Modelo Chip Básico;2021-08-25;Bloqueada
769;576;Modelo Smart Android;2021-09-03;Ativa
770;577;Modelo Pro c/ Impressora;2022-12-06;Inativa
771;578;Modelo Chip Básico;2021-05-09;Ativa
772;579;Modelo Chip Básico;2021-06-03;Ativa
773;579;Modelo Chip Básico;2021-05-24;Inativa
774;580;Modelo Pro c/ Impressora;2021-07-26;Ativa
775;581;Modelo Chip Básico;2021-05-03;Ativa
776;582;Modelo Chip Básico;2022-01-19;Inativa
777;582;Modelo Chip Básico;2022-01-26;Inativa
778;583;Modelo Smart Android;2023-04-03;Bloqueada
779;583;Modelo Smart Android;2023-03-29;Bloqueada
780;583;Modelo Chip Básico;2023-04-02;Ativa
781;584;Modelo Chip Básico;2024-08-04;Ativa
782;585;Modelo Smart Android;2024-03-17;Inativa
783;586;Modelo Pro c/ Impressora;2024-06-06;Ativa
784;587;Modelo Pro c/ Impressora;2024-03-15;Ativa
785;588;Modelo Smart Android;2023-11-30;Inativa
786;589;Modelo Chip Básico;2021-04-07;Ativa
787;590;Modelo Chip Básico;2024-10-25;Bloqueada
788;591;Modelo Pro c/ Impressora;2023-12-07;Inativa
789;592;Modelo Smart Android;2021-11-23;Ativa
790;593;Modelo Chip Básico;2023-11-08;Ativa
791;594;Modelo Chip Básico;2023-03-30;Ativa
792;595;Modelo Pro c/ Impressora;2024-01-11;Inativa
793;596;Modelo Pro c/ Impressora;2024-02-22;Ativa
794;597;Modelo Smart Android;2022-05-28;Ativa
795;598;Modelo Pro c/ Impressora;2021-12-05;Ativa
796;599;Modelo Chip Básico;2021-09-20;Ativa
797;599;Modelo Pro c/ Impressora;2021-09-12;Ativa
798;599;Modelo Pro c/ Impressora;2021-09-21;Ativa
799;599;Modelo Pro c/ Impressora;2021-09-16;Ativa
800;599;Modelo Pro c/ Impressora;2021-09-16;Ativa
801;600;Modelo Pro c/ Impressora;2021-08-31;Inativa
802;601;Modelo Pro c/ Impressora;2023-02-28;Ativa
803;602;Modelo Chip Básico;2023-09-30;Ativa
804;603;Modelo Pro c/ Impressora;2024-03-17;Ativa
805;604;Modelo Pro c/ Impressora;2021-07-21;Ativa
806;605;Modelo Smart Android;2021-12-22;Ativa
807;606;Modelo Chip Básico;2022-05-20;Ativa
808;607;Modelo Pro c/ Impressora;2023-09-20;Ativa
809;607;Modelo Pro c/ Impressora;2023-09-18;Ativa
810;607;Modelo Pro c/ Impressora;2023-09-29;Inativa
811;608;Modelo Chip Básico;2022-02-27;Bloqueada
812;609;Modelo Smart Android;2024-10-29;Ativa
813;610;Modelo Chip Básico;2021-05-15;Ativa
814;610;Modelo Chip Básico;2021-05-14;Inativa
815;611;Modelo Chip Básico;2024-10-30;Bloqueada
816;612;Modelo Chip Básico;2021-02-19;Ativa
817;612;Modelo Pro c/ Impressora;2021-02-17;Ativa
818;613;Modelo Chip Básico;2023-01-18;Ativa
819;614;Modelo Smart Android;2023-08-06;Ativa
820;615;Modelo Chip Básico;2021-05-12;Ativa
821;615;Modelo Chip Básico;2021-05-11;Ativa
822;616;Modelo Chip Básico;2023-08-17;Ativa
823;617;Modelo Chip Básico;2023-07-08;Ativa
824;618;Modelo Chip Básico;2023-07-08;Ativa
825;619;Modelo Pro c/ Impressora;2023-12-12;Bloqueada
826;620;Modelo Chip Básico;2023-08-28;Inativa
827;620;Modelo Smart Android;2023-09-02;Bloqueada
828;620;Modelo Smart Android;2023-09-07;Ativa
829;621;Modelo Smart Android;2024-02-19;Ativa
830;621;Modelo Chip Básico;2024-02-08;Ativa
831;622;Modelo Chip Básico;2024-04-13;Bloqueada
832;623;Modelo Chip Básico;2022-10-05;Bloqueada
833;624;Modelo Chip Básico;2023-04-24;Ativa
834;625;Modelo Pro c/ Impressora;2021-10-28;Ativa
835;626;Modelo Chip Básico;2023-09-11;Ativa
836;627;Modelo Chip Básico;2023-08-12;Ativa
837;628;Modelo Chip Básico;2023-08-23;Inativa
838;628;Modelo Smart Android;2023-08-12;Inativa
839;629;Modelo Chip Básico;2021-07-09;Inativa
840;630;Modelo Smart Android;2021-11-12;Ativa
841;630;Modelo Chip Básico;2021-11-16;Ativa
842;631;Modelo Smart Android;2023-05-14;Ativa
843;632;Modelo Pro c/ Impressora;2021-03-10;Ativa
844;633;Modelo Pro c/ Impressora;2021-04-22;Ativa
845;634;Modelo Chip Básico;2023-12-21;Inativa
846;635;Modelo Chip Básico;2024-09-14;Inativa
847;635;Modelo Pro c/ Impressora;2024-09-07;Ativa
848;636;Modelo Chip Básico;2022-09-10;Bloqueada
849;637;Modelo Chip Básico;2024-04-07;Ativa
850;638;Modelo Chip Básico;2022-08-02;Ativa
851;639;Modelo Chip Básico;2024-05-23;Bloqueada
852;640;Modelo Pro c/ Impressora;2021-11-06;Ativa
853;641;Modelo Pro c/ Impressora;2022-10-19;Ativa
854;642;Modelo Pro c/ Impressora;2023-02-07;Ativa
855;642;Modelo Smart Android;2023-02-10;Ativa
856;642;Modelo Chip Básico;2023-02-15;Ativa
857;643;Modelo Pro c/ Impressora;2023-07-02;Ativa
858;643;Modelo Pro c/ Impressora;2023-06-29;Bloqueada
859;643;Modelo Chip Básico;2023-06-23;Ativa
860;643;Modelo Pro c/ Impressora;2023-07-02;Ativa
861;643;Modelo Chip Básico;2023-07-02;Ativa
862;644;Modelo Pro c/ Impressora;2023-05-17;Ativa
863;644;Modelo Chip Básico;2023-05-05;Bloqueada
864;644;Modelo Chip Básico;2023-05-04;Bloqueada
865;644;Modelo Chip Básico;2023-05-14;Bloqueada
866;644;Modelo Pro c/ Impressora;2023-05-16;Bloqueada
867;645;Modelo Smart Android;2022-03-16;Ativa
868;646;Modelo Smart Android;2021-08-07;Inativa
869;646;Modelo Pro c/ Impressora;2021-08-09;Ativa
870;647;Modelo Chip Básico;2024-05-06;Bloqueada
871;648;Modelo Chip Básico;2021-08-09;Bloqueada
872;649;Modelo Chip Básico;2024-01-06;Inativa
873;650;Modelo Smart Android;2024-11-03;Inativa
874;651;Modelo Chip Básico;2022-05-03;Bloqueada
875;652;Modelo Chip Básico;2023-09-04;Ativa
876;653;Modelo Smart Android;2024-07-03;Inativa
877;654;Modelo Chip Básico;2021-12-19;Ativa
878;655;Modelo Chip Básico;2023-01-29;Ativa
879;656;Modelo Pro c/ Impressora;2024-01-24;Ativa
880;657;Modelo Pro c/ Impressora;2023-08-25;Ativa
881;658;Modelo Pro c/ Impressora;2021-08-20;Ativa
882;659;Modelo Smart Android;2024-07-21;Inativa
883;660;Modelo Chip Básico;2023-02-11;Bloqueada
884;661;Modelo Chip Básico;2024-08-08;Ativa
885;662;Modelo Chip Básico;2022-12-14;Ativa
886;663;Modelo Pro c/ Impressora;2023-10-12;Inativa
887;664;Modelo Chip Básico;2023-05-12;Inativa
888;665;Modelo Chip Básico;2021-07-20;Ativa
889;666;Modelo Smart Android;2022-03-20;Inativa
890;667;Modelo Pro c/ Impressora;2023-06-20;Inativa
891;668;Modelo Chip Básico;2023-04-15;Ativa
892;669;Modelo Chip Básico;2022-01-08;Inativa
893;670;Modelo Chip Básico;2022-02-18;Bloqueada
894;671;Modelo Chip Básico;2022-09-11;Ativa
895;672;Modelo Chip Básico;2021-12-03;Ativa
896;673;Modelo Chip Básico;2021-01-14;Ativa
897;674;Modelo Pro c/ Impressora;2023-05-06;Ativa
898;675;Modelo Pro c/ Impressora;2024-07-02;Inativa
899;676;Modelo Pro c/ Impressora;2021-01-21;Bloqueada
900;677;Modelo Chip Básico;2021-09-16;Ativa
901;677;Modelo Chip Básico;2021-09-09;Ativa
902;678;Modelo Smart Android;2022-10-14;Bloqueada
903;679;Modelo Chip Básico;2024-05-09;Bloqueada
904;679;Modelo Pro c/ Impressora;2024-05-01;Ativa
905;680;Modelo Smart Android;2022-12-08;Ativa
906;681;Modelo Pro c/ Impressora;2022-04-04;Ativa
907;682;Modelo Smart Android;2022-06-13;Ativa
908;683;Modelo Pro c/ Impressora;2023-01-29;Ativa
909;684;Modelo Chip Básico;2023-10-23;Inativa
910;685;Modelo Smart Android;2021-12-19;Inativa
911;686;Modelo Chip Básico;2023-07-23;Ativa
912;687;Modelo Pro c/ Impressora;2021-09-02;Inativa
913;687;Modelo Pro c/ Impressora;2021-09-06;Inativa
914;688;Modelo Chip Básico;2024-07-07;Inativa
915;689;Modelo Chip Básico;2024-08-13;Bloqueada
916;690;Modelo Chip Básico;2024-08-26;Ativa
917;691;Modelo Chip Básico;2021-02-10;Ativa
918;692;Modelo Smart Android;2024-08-13;Ativa
919;692;Modelo Pro c/ Impressora;2024-08-11;Ativa
920;693;Modelo Smart Android;2024-02-13;Ativa
921;694;Modelo Chip Básico;2022-01-15;Ativa
922;695;Modelo Chip Básico;2021-12-22;Ativa
923;696;Modelo Chip Básico;2021-07-08;Ativa
924;697;Modelo Smart Android;2023-03-15;Ativa
925;698;Modelo Pro c/ Impressora;2024-03-30;Ativa
926;699;Modelo Smart Android;2022-07-27;Inativa
927;700;Modelo Smart Android;2023-06-14;Bloqueada
928;700;Modelo Chip Básico;2023-06-20;Bloqueada
929;700;Modelo Pro c/ Impressora;2023-06-24;Ativa
930;701;Modelo Chip Básico;2022-07-12;Inativa
931;702;Modelo Pro c/ Impressora;2021-09-20;Ativa
932;703;Modelo Chip Básico;2021-03-18;Bloqueada
933;703;Modelo Chip Básico;2021-04-01;Inativa
934;703;Modelo Smart Android;2021-03-26;Inativa
935;704;Modelo Chip Básico;2023-10-05;Ativa
936;705;Modelo Pro c/ Impressora;2021-09-02;Bloqueada
937;705;Modelo Chip Básico;2021-09-15;Inativa
938;705;Modelo Chip Básico;2021-09-03;Ativa
939;705;Modelo Pro c/ Impressora;2021-09-09;Ativa
940;705;Modelo Pro c/ Impressora;2021-09-04;Ativa
941;706;Modelo Pro c/ Impressora;2023-09-23;Inativa
942;707;Modelo Chip Básico;2023-12-05;Ativa
943;708;Modelo Pro c/ Impressora;2022-01-05;Ativa
944;709;Modelo Pro c/ Impressora;2022-02-17;Ativa
945;710;Modelo Chip Básico;2021-10-02;Bloqueada
946;710;Modelo Smart Android;2021-10-01;Ativa
947;711;Modelo Smart Android;2023-03-20;Inativa
948;712;Modelo Pro c/ Impressora;2024-07-28;Inativa
949;712;Modelo Pro c/ Impressora;2024-07-27;Bloqueada
950;713;Modelo Chip Básico;2021-11-05;Ativa
951;714;Modelo Chip Básico;2021-06-08;Ativa
952;714;Modelo Smart Android;2021-06-14;Ativa
953;715;Modelo Chip Básico;2023-05-13;Bloqueada
954;716;Modelo Pro c/ Impressora;2021-01-30;Inativa
955;717;Modelo Chip Básico;2024-10-14;Ativa
956;718;Modelo Pro c/ Impressora;2023-08-14;Bloqueada
957;719;Modelo Pro c/ Impressora;2021-02-01;Ativa
958;720;Modelo Chip Básico;2021-07-18;Ativa
959;721;Modelo Smart Android;2021-07-13;Ativa
960;722;Modelo Pro c/ Impressora;2021-06-23;Ativa
961;723;Modelo Pro c/ Impressora;2024-09-01;Inativa
962;724;Modelo Pro c/ Impressora;2022-11-28;Inativa
963;725;Modelo Chip Básico;2022-02-28;Ativa
964;726;Modelo Chip Básico;2021-04-11;Inativa
965;727;Modelo Chip Básico;2022-03-28;Ativa
966;728;Modelo Pro c/ Impressora;2023-04-19;Ativa
967;728;Modelo Smart Android;2023-04-16;Ativa
968;729;Modelo Pro c/ Impressora;2023-06-12;Ativa
969;730;Modelo Chip Básico;2023-07-21;Ativa
970;731;Modelo Pro c/ Impressora;2021-07-07;Ativa
971;732;Modelo Smart Android;2022-08-30;Ativa
972;733;Modelo Chip Básico;2024-04-21;Ativa
973;733;Modelo Pro c/ Impressora;2024-04-22;Ativa
974;734;Modelo Chip Básico;2022-11-09;Inativa
975;735;Modelo Pro c/ Impressora;2021-10-24;Inativa
976;736;Modelo Chip Básico;2021-02-16;Ativa
977;736;Modelo Chip Básico;2021-02-05;Inativa
978;737;Modelo Pro c/ Impressora;2021-10-02;Ativa
979;738;Modelo Chip Básico;2023-11-10;Inativa
980;739;Modelo Pro c/ Impressora;2021-10-08;Bloqueada
981;739;Modelo Chip Básico;2021-10-14;Bloqueada
982;740;Modelo Chip Básico;2024-04-06;Ativa
983;741;Modelo Chip Básico;2022-10-01;Ativa
984;742;Modelo Pro c/ Impressora;2022-06-07;Ativa
985;742;Modelo Pro c/ Impressora;2022-05-31;Inativa
986;743;Modelo Chip Básico;2021-10-10;Ativa
987;743;Modelo Chip Básico;2021-09-29;Ativa
988;744;Modelo Chip Básico;2021-05-29;Ativa
989;744;Modelo Pro c/ Impressora;2021-05-28;Ativa
990;745;Modelo Pro c/ Impressora;2024-06-14;Ativa
991;746;Modelo Pro c/ Impressora;2021-03-07;Inativa
992;747;Modelo Pro c/ Impressora;2021-09-11;Ativa
993;748;Modelo Chip Básico;2022-05-07;Ativa
994;749;Modelo Pro c/ Impressora;2021-01-17;Inativa
995;750;Modelo Pro c/ Impressora;2024-06-15;Ativa
996;751;Modelo Chip Básico;2022-02-22;Ativa
997;752;Modelo Chip Básico;2024-08-28;Ativa
998;753;Modelo Chip Básico;2023-01-07;Ativa
999;754;Modelo Chip Básico;2022-09-18;Ativa
1000;754;Modelo Pro c/ Impressora;2022-09-11;Ativa
1001;755;Modelo Pro c/ Impressora;2023-10-20;Ativa
1002;755;Modelo Smart Android;2023-10-29;Inativa
1003;756;Modelo Chip Básico;2021-06-08;Ativa
1004;757;Modelo Chip Básico;2022-08-02;Inativa
1005;757;Modelo Pro c/ Impressora;2022-08-07;Inativa
1006;758;Modelo Smart Android;2022-12-24;Ativa
1007;759;Modelo Smart Android;2023-05-17;Ativa
1008;760;Modelo Chip Básico;2021-11-27;Inativa
1009;761;Modelo Smart Android;2022-05-09;Ativa
1010;762;Modelo Chip Básico;2021-08-07;Inativa
1011;763;Modelo Chip Básico;2022-10-01;Ativa
1012;764;Modelo Pro c/ Impressora;2021-12-16;Ativa
1013;765;Modelo Chip Básico;2021-03-15;Inativa
1014;766;Modelo Chip Básico;2021-03-04;Inativa
1015;767;Modelo Pro c/ Impressora;2024-02-22;Ativa
1016;767;Modelo Chip Básico;2024-02-18;Ativa
1017;768;Modelo Chip Básico;2023-03-02;Ativa
1018;768;Modelo Smart Android;2023-03-06;Ativa
1019;768;Modelo Chip Básico;2023-02-25;Bloqueada
1020;768;Modelo Chip Básico;2023-03-07;Ativa
1021;768;Modelo Chip Básico;2023-02-22;Inativa
1022;769;Modelo Smart Android;2022-01-05;Inativa
1023;770;Modelo Smart Android;2022-10-02;Ativa
1024;771;Modelo Pro c/ Impressora;2024-01-17;Ativa
1025;772;Modelo Smart Android;2024-09-18;Bloqueada
1026;773;Modelo Smart Android;2021-09-04;Inativa
1027;773;Modelo Chip Básico;2021-09-09;Ativa
1028;774;Modelo Smart Android;2024-08-05;Ativa
1029;774;Modelo Chip Básico;2024-08-05;Bloqueada
1030;775;Modelo Chip Básico;2022-03-10;Ativa
1031;776;Modelo Pro c/ Impressora;2023-11-20;Ativa
1032;776;Modelo Chip Básico;2023-11-11;Inativa
1033;777;Modelo Pro c/ Impressora;2021-11-29;Inativa
1034;778;Modelo Chip Básico;2023-10-13;Ativa
1035;779;Modelo Pro c/ Impressora;2021-02-16;Bloqueada
1036;779;Modelo Chip Básico;2021-02-22;Ativa
1037;780;Modelo Smart Android;2023-03-14;Ativa
1038;780;Modelo Chip Básico;2023-03-19;Ativa
1039;781;Modelo Chip Básico;2022-09-23;Inativa
1040;781;Modelo Smart Android;2022-09-29;Inativa
1041;781;Modelo Chip Básico;2022-09-29;Bloqueada
1042;781;Modelo Chip Básico;2022-09-16;Ativa
1043;782;Modelo Pro c/ Impressora;2024-07-22;Ativa
1044;783;Modelo Pro c/ Impressora;2023-04-25;Ativa
1045;783;Modelo Chip Básico;2023-04-15;Ativa
1046;784;Modelo Pro c/ Impressora;2022-06-24;Ativa
1047;785;Modelo Chip Básico;2021-02-13;Ativa
1048;786;Modelo Pro c/ Impressora;2022-10-26;Ativa
1049;787;Modelo Pro c/ Impressora;2023-10-31;Ativa
1050;788;Modelo Chip Básico;2023-02-09;Ativa
1051;789;Modelo Chip Básico;2022-10-09;Inativa
1052;790;Modelo Chip Básico;2024-04-26;Ativa
1053;791;Modelo Chip Básico;2022-09-05;Ativa
1054;792;Modelo Chip Básico;2023-01-04;Ativa
1055;792;Modelo Chip Básico;2022-12-28;Bloqueada
1056;793;Modelo Pro c/ Impressora;2023-03-10;Ativa
1057;793;Modelo Chip Básico;2023-03-17;Bloqueada
1058;793;Modelo Chip Básico;2023-03-13;Ativa
1059;794;Modelo Smart Android;2024-03-23;Ativa
1060;795;Modelo Smart Android;2022-08-15;Ativa
1061;796;Modelo Chip Básico;2022-01-03;Ativa
1062;796;Modelo Pro c/ Impressora;2021-12-26;Ativa
1063;797;Modelo Pro c/ Impressora;2024-10-23;Inativa
1064;797;Modelo Smart Android;2024-10-20;Ativa
1065;798;Modelo Pro c/ Impressora;2022-07-05;Ativa
1066;799;Modelo Pro c/ Impressora;2022-11-08;Ativa
1067;800;Modelo Smart Android;2024-10-28;Ativa
1068;800;Modelo Chip Básico;2024-11-08;Inativa
1069;800;Modelo Chip Básico;2024-10-28;Inativa
1070;801;Modelo Chip Básico;2022-09-11;Bloqueada
1071;802;Modelo Pro c/ Impressora;2024-08-10;Ativa
1072;803;Modelo Chip Básico;2021-01-30;Bloqueada
1073;804;Modelo Pro c/ Impressora;2024-06-11;Inativa
1074;805;Modelo Chip Básico;2023-10-28;Ativa
1075;805;Modelo Chip Básico;2023-10-16;Bloqueada
1076;806;Modelo Pro c/ Impressora;2022-10-02;Inativa
1077;807;Modelo Smart Android;2023-11-25;Bloqueada
1078;808;Modelo Pro c/ Impressora;2024-09-18;Ativa
1079;809;Modelo Chip Básico;2023-06-28;Inativa
1080;810;Modelo Pro c/ Impressora;2022-02-01;Ativa
1081;811;Modelo Pro c/ Impressora;2022-08-29;Ativa
1082;812;Modelo Chip Básico;2024-04-25;Ativa
1083;813;Modelo Chip Básico;2023-08-11;Bloqueada
1084;814;Modelo Pro c/ Impressora;2024-05-27;Ativa
1085;814;Modelo Pro c/ Impressora;2024-05-15;Ativa
1086;814;Modelo Smart Android;2024-05-29;Ativa
1087;815;Modelo Chip Básico;2022-04-25;Inativa
1088;816;Modelo Chip Básico;2021-07-01;Bloqueada
1089;817;Modelo Pro c/ Impressora;2022-06-21;Bloqueada
1090;817;Modelo Pro c/ Impressora;2022-06-14;Ativa
1091;818;Modelo Chip Básico;2022-04-02;Ativa
1092;819;Modelo Chip Básico;2023-12-14;Inativa
1093;820;Modelo Chip Básico;2021-05-13;Bloqueada
1094;821;Modelo Smart Android;2021-12-09;Ativa
1095;822;Modelo Chip Básico;2023-11-20;Inativa
1096;823;Modelo Chip Básico;2024-10-20;Bloqueada
1097;824;Modelo Smart Android;2023-08-29;Inativa
1098;825;Modelo Pro c/ Impressora;2024-09-02;Ativa
1099;826;Modelo Chip Básico;2024-10-23;Bloqueada
1100;826;Modelo Chip Básico;2024-11-02;Bloqueada
1101;827;Modelo Pro c/ Impressora;2023-03-06;Ativa
1102;828;Modelo Chip Básico;2022-12-29;Inativa
1103;829;Modelo Smart Android;2023-02-06;Ativa
1104;830;Modelo Smart Android;2024-08-14;Ativa
1105;831;Modelo Smart Android;2024-01-25;Inativa
1106;831;Modelo Smart Android;2024-01-25;Bloqueada
1107;832;Modelo Pro c/ Impressora;2022-09-24;Inativa
1108;832;Modelo Chip Básico;2022-09-24;Ativa
1109;832;Modelo Chip Básico;2022-09-15;Inativa
1110;833;Modelo Pro c/ Impressora;2023-12-08;Ativa
1111;834;Modelo Smart Android;2022-03-17;Ativa
1112;835;Modelo Smart Android;2022-02-13;Ativa
1113;836;Modelo Pro c/ Impressora;2022-01-30;Bloqueada
1114;836;Modelo Pro c/ Impressora;2022-01-30;Ativa
1115;836;Modelo Smart Android;2022-02-05;Ativa
1116;836;Modelo Chip Básico;2022-01-27;Ativa
1117;836;Modelo Pro c/ Impressora;2022-01-25;Ativa
1118;837;Modelo Chip Básico;2024-03-14;Inativa
1119;838;Modelo Smart Android;2022-12-29;Inativa
1120;838;Modelo Chip Básico;2023-01-01;Ativa
1121;839;Modelo Chip Básico;2022-05-15;Ativa
1122;840;Modelo Smart Android;2022-11-29;Ativa
1123;841;Modelo Pro c/ Impressora;2022-05-18;Ativa
1124;841;Modelo Chip Básico;2022-05-28;Ativa
1125;841;Modelo Chip Básico;2022-05-26;Bloqueada
1126;842;Modelo Smart Android;2023-01-07;Ativa
1127;843;Modelo Pro c/ Impressora;2024-03-02;Inativa
1128;844;Modelo Pro c/ Impressora;2021-08-12;Ativa
1129;845;Modelo Smart Android;2021-04-19;Inativa
1130;846;Modelo Pro c/ Impressora;2022-03-20;Ativa
1131;847;Modelo Pro c/ Impressora;2024-03-23;Ativa
1132;848;Modelo Chip Básico;2021-07-19;Bloqueada
1133;849;Modelo Chip Básico;2023-06-14;Ativa
1134;849;Modelo Smart Android;2023-06-07;Ativa
1135;850;Modelo Pro c/ Impressora;2023-12-16;Ativa
1136;851;Modelo Chip Básico;2023-06-23;Ativa
1137;852;Modelo Chip Básico;2023-06-04;Inativa
1138;853;Modelo Chip Básico;2023-12-04;Inativa
1139;853;Modelo Chip Básico;2023-12-01;Ativa
1140;854;Modelo Pro c/ Impressora;2024-01-20;Ativa
1141;855;Modelo Chip Básico;2023-06-21;Ativa
1142;856;Modelo Chip Básico;2023-09-17;Ativa
1143;857;Modelo Pro c/ Impressora;2022-06-28;Ativa
1144;858;Modelo Chip Básico;2024-02-09;Ativa
1145;859;Modelo Pro c/ Impressora;2023-02-17;Ativa
1146;860;Modelo Pro c/ Impressora;2022-04-08;Bloqueada
1147;860;Modelo Chip Básico;2022-04-03;Inativa
1148;861;Modelo Pro c/ Impressora;2023-04-06;Ativa
1149;862;Modelo Pro c/ Impressora;2024-10-29;Ativa
1150;863;Modelo Pro c/ Impressora;2024-05-15;Inativa
1151;864;Modelo Pro c/ Impressora;2022-10-17;Ativa
1152;864;Modelo Pro c/ Impressora;2022-10-20;Ativa
1153;864;Modelo Chip Básico;2022-10-24;Inativa
1154;864;Modelo Chip Básico;2022-10-25;Bloqueada
1155;864;Modelo Pro c/ Impressora;2022-10-14;Ativa
1156;865;Modelo Chip Básico;2022-11-09;Bloqueada
1157;866;Modelo Pro c/ Impressora;2022-12-26;Ativa
1158;867;Modelo Chip Básico;2023-11-06;Ativa
1159;868;Modelo Chip Básico;2024-02-18;Bloqueada
1160;869;Modelo Chip Básico;2021-08-14;Ativa
1161;870;Modelo Pro c/ Impressora;2022-12-30;Ativa
1162;871;Modelo Smart Android;2024-01-01;Ativa
1163;872;Modelo Pro c/ Impressora;2022-09-02;Ativa
1164;873;Modelo Pro c/ Impressora;2021-06-01;Ativa
1165;874;Modelo Chip Básico;2021-07-17;Inativa
1166;874;Modelo Smart Android;2021-07-15;Inativa
1167;875;Modelo Chip Básico;2022-02-21;Bloqueada
1168;876;Modelo Pro c/ Impressora;2023-07-05;Inativa
1169;877;Modelo Chip Básico;2022-04-01;Ativa
1170;878;Modelo Chip Básico;2021-10-31;Ativa
1171;879;Modelo Chip Básico;2021-03-17;Ativa
1172;879;Modelo Pro c/ Impressora;2021-03-17;Inativa
1173;880;Modelo Smart Android;2023-04-22;Ativa
1174;881;Modelo Smart Android;2024-08-07;Ativa
1175;881;Modelo Smart Android;2024-08-05;Ativa
1176;882;Modelo Smart Android;2022-05-12;Ativa
1177;883;Modelo Pro c/ Impressora;2023-10-14;Ativa
1178;884;Modelo Smart Android;2021-10-10;Ativa
1179;885;Modelo Chip Básico;2021-03-27;Inativa
1180;886;Modelo Chip Básico;2023-03-29;Ativa
1181;887;Modelo Chip Básico;2023-02-03;Ativa
1182;887;Modelo Pro c/ Impressora;2023-01-30;Ativa
1183;887;Modelo Smart Android;2023-02-06;Ativa
1184;887;Modelo Chip Básico;2023-01-30;Ativa
1185;887;Modelo Pro c/ Impressora;2023-02-11;Ativa
1186;888;Modelo Pro c/ Impressora;2022-08-18;Ativa
1187;889;Modelo Smart Android;2023-07-02;Inativa
1188;890;Modelo Pro c/ Impressora;2023-10-03;Ativa
1189;891;Modelo Smart Android;2021-12-13;Inativa
1190;892;Modelo Smart Android;2023-05-13;Ativa
1191;892;Modelo Pro c/ Impressora;2023-05-20;Ativa
1192;893;Modelo Chip Básico;2024-09-20;Inativa
1193;894;Modelo Chip Básico;2021-05-10;Inativa
1194;895;Modelo Chip Básico;2023-09-14;Ativa
1195;895;Modelo Smart Android;2023-09-10;Ativa
1196;896;Modelo Smart Android;2023-07-21;Ativa
1197;897;Modelo Chip Básico;2023-07-16;Ativa
1198;898;Modelo Pro c/ Impressora;2022-03-21;Ativa
1199;898;Modelo Pro c/ Impressora;2022-03-19;Bloqueada
1200;899;Modelo Chip Básico;2023-01-14;Ativa
1201;899;Modelo Chip Básico;2023-01-11;Ativa
1202;900;Modelo Chip Básico;2021-12-31;Inativa
1203;901;Modelo Pro c/ Impressora;2023-07-05;Bloqueada
1204;902;Modelo Pro c/ Impressora;2024-03-15;Ativa
1205;903;Modelo Chip Básico;2022-09-23;Ativa
1206;904;Modelo Chip Básico;2023-04-10;Ativa
1207;905;Modelo Smart Android;2023-04-23;Ativa
1208;906;Modelo Chip Básico;2022-08-18;Bloqueada
1209;907;Modelo Chip Básico;2022-04-14;Ativa
1210;908;Modelo Chip Básico;2022-01-26;Ativa
1211;909;Modelo Smart Android;2022-11-12;Inativa
1212;910;Modelo Pro c/ Impressora;2021-05-23;Ativa
1213;911;Modelo Pro c/ Impressora;2022-12-24;Ativa
1214;912;Modelo Chip Básico;2024-06-23;Ativa
1215;913;Modelo Smart Android;2023-04-16;Bloqueada
1216;913;Modelo Smart Android;2023-04-07;Ativa
1217;914;Modelo Smart Android;2024-07-15;Ativa
1218;914;Modelo Chip Básico;2024-07-04;Ativa
1219;915;Modelo Smart Android;2022-05-14;Bloqueada
1220;916;Modelo Smart Android;2024-05-03;Ativa
1221;916;Modelo Smart Android;2024-05-01;Ativa
1222;916;Modelo Chip Básico;2024-04-27;Ativa
1223;917;Modelo Smart Android;2021-03-10;Ativa
1224;917;Modelo Chip Básico;2021-03-03;Inativa
1225;917;Modelo Chip Básico;2021-03-05;Ativa
1226;917;Modelo Chip Básico;2021-03-11;Inativa
1227;917;Modelo Chip Básico;2021-03-01;Bloqueada
1228;918;Modelo Smart Android;2023-01-06;Ativa
1229;918;Modelo Chip Básico;2022-12-31;Bloqueada
1230;918;Modelo Pro c/ Impressora;2023-01-01;Ativa
1231;919;Modelo Chip Básico;2022-05-08;Bloqueada
1232;920;Modelo Chip Básico;2021-02-08;Bloqueada
1233;920;Modelo Chip Básico;2021-01-30;Ativa
1234;921;Modelo Chip Básico;2022-12-20;Inativa
1235;922;Modelo Chip Básico;2022-11-09;Ativa
1236;923;Modelo Pro c/ Impressora;2022-10-30;Ativa
1237;924;Modelo Chip Básico;2022-11-07;Ativa
1238;925;Modelo Smart Android;2023-01-20;Inativa
1239;926;Modelo Chip Básico;2024-05-02;Ativa
1240;927;Modelo Pro c/ Impressora;2021-10-11;Bloqueada
1241;928;Modelo Chip Básico;2023-09-23;Ativa
1242;929;Modelo Smart Android;2021-09-23;Ativa
1243;930;Modelo Smart Android;2023-10-16;Bloqueada
1244;931;Modelo Chip Básico;2024-08-29;Ativa
1245;932;Modelo Chip Básico;2022-11-28;Ativa
1246;933;Modelo Pro c/ Impressora;2023-08-12;Ativa
1247;934;Modelo Pro c/ Impressora;2021-09-02;Ativa
1248;934;Modelo Smart Android;2021-09-10;Bloqueada
1249;935;Modelo Pro c/ Impressora;2023-08-22;Bloqueada
1250;936;Modelo Chip Básico;2021-04-02;Ativa
1251;937;Modelo Pro c/ Impressora;2021-05-05;Inativa
1252;938;Modelo Chip Básico;2023-08-22;Ativa
1253;938;Modelo Chip Básico;2023-08-12;Bloqueada
1254;939;Modelo Pro c/ Impressora;2023-03-18;Ativa
1255;940;Modelo Pro c/ Impressora;2024-05-12;Ativa
1256;941;Modelo Chip Básico;2023-10-01;Ativa
1257;941;Modelo Chip Básico;2023-09-23;Ativa
1258;942;Modelo Chip Básico;2021-04-12;Ativa
1259;942;Modelo Pro c/ Impressora;2021-04-14;Ativa
1260;943;Modelo Smart Android;2022-10-13;Ativa
1261;943;Modelo Pro c/ Impressora;2022-10-14;Ativa
1262;944;Modelo Pro c/ Impressora;2022-12-24;Ativa
1263;944;Modelo Chip Básico;2022-12-16;Ativa
1264;944;Modelo Pro c/ Impressora;2022-12-23;Inativa
1265;945;Modelo Chip Básico;2021-08-11;Ativa
1266;946;Modelo Pro c/ Impressora;2021-09-28;Inativa
1267;947;Modelo Pro c/ Impressora;2023-10-20;Ativa
1268;948;Modelo Smart Android;2024-06-03;Ativa
1269;948;Modelo Chip Básico;2024-05-28;Bloqueada
1270;949;Modelo Chip Básico;2022-12-24;Ativa
1271;950;Modelo Chip Básico;2024-11-11;Bloqueada
1272;950;Modelo Chip Básico;2024-11-05;Ativa
1273;950;Modelo Smart Android;2024-11-06;Ativa
1274;951;Modelo Pro c/ Impressora;2023-04-14;Ativa
1275;951;Modelo Smart Android;2023-04-03;Ativa
1276;952;Modelo Smart Android;2023-09-15;Bloqueada
1277;952;Modelo Chip Básico;2023-09-13;Ativa
1278;953;Modelo Pro c/ Impressora;2023-03-26;Bloqueada
1279;953;Modelo Chip Básico;2023-03-22;Ativa
1280;953;Modelo Chip Básico;2023-04-02;Inativa
1281;954;Modelo Pro c/ Impressora;2024-11-01;Ativa
1282;955;Modelo Chip Básico;2021-09-03;Ativa
1283;956;Modelo Pro c/ Impressora;2023-04-07;Ativa
1284;957;Modelo Smart Android;2022-07-03;Ativa
1285;958;Modelo Chip Básico;2023-02-23;Bloqueada
1286;958;Modelo Smart Android;2023-02-15;Ativa
1287;959;Modelo Chip Básico;2022-09-28;Ativa
1288;959;Modelo Chip Básico;2022-09-23;Bloqueada
1289;960;Modelo Smart Android;2023-05-26;Bloqueada
1290;960;Modelo Smart Android;2023-05-17;Ativa
1291;960;Modelo Pro c/ Impressora;2023-05-19;Ativa
1292;961;Modelo Chip Básico;2024-02-19;Bloqueada
1293;962;Modelo Pro c/ Impressora;2021-10-11;Ativa
1294;962;Modelo Smart Android;2021-10-16;Inativa
1295;963;Modelo Pro c/ Impressora;2024-05-13;Inativa
1296;963;Modelo Pro c/ Impressora;2024-05-19;Inativa
1297;964;Modelo Pro c/ Impressora;2022-11-01;Ativa
1298;965;Modelo Pro c/ Impressora;2023-08-13;Ativa
1299;966;Modelo Chip Básico;2023-03-16;Ativa
1300;966;Modelo Pro c/ Impressora;2023-03-15;Ativa
1301;967;Modelo Chip Básico;2024-11-05;Inativa
1302;967;Modelo Chip Básico;2024-11-13;Bloqueada
1303;968;Modelo Chip Básico;2021-04-12;Inativa
1304;968;Modelo Chip Básico;2021-04-07;Ativa
1305;969;Modelo Smart Android;2023-10-03;Inativa
1306;970;Modelo Pro c/ Impressora;2021-12-13;Bloqueada
1307;970;Modelo Smart Android;2021-12-20;Bloqueada
1308;971;Modelo Pro c/ Impressora;2023-10-07;Bloqueada
1309;971;Modelo Smart Android;2023-10-05;Ativa
1310;972;Modelo Smart Android;2022-09-06;Inativa
1311;973;Modelo Chip Básico;2023-10-21;Ativa
1312;973;Modelo Smart Android;2023-10-18;Ativa
1313;974;Modelo Chip Básico;2024-06-16;Bloqueada
1314;975;Modelo Chip Básico;2022-12-22;Ativa
1315;975;Modelo Pro c/ Impressora;2022-12-28;Ativa
1316;976;Modelo Chip Básico;2021-08-05;Ativa
1317;977;Modelo Chip Básico;2023-05-19;Ativa
1318;978;Modelo Pro c/ Impressora;2021-09-23;Bloqueada
1319;979;Modelo Chip Básico;2024-07-01;Bloqueada
1320;980;Modelo Smart Android;2023-04-16;Ativa
1321;981;Modelo Pro c/ Impressora;2023-05-29;Ativa
1322;982;Modelo Chip Básico;2022-01-05;Ativa
1323;983;Modelo Pro c/ Impressora;2021-12-02;Ativa
1324;984;Modelo Chip Básico;2021-11-16;Ativa
1325;985;Modelo Smart Android;2024-02-07;Ativa
1326;986;Modelo Chip Básico;2024-03-14;Bloqueada
1327;987;Modelo Chip Básico;2022-01-28;Ativa
1328;988;Modelo Pro c/ Impressora;2022-03-30;Ativa
1329;989;Modelo Pro c/ Impressora;2021-07-09;Ativa
1330;990;Modelo Pro c/ Impressora;2024-04-07;Bloqueada
1331;991;Modelo Chip Básico;2023-09-16;Ativa
1332;991;Modelo Pro c/ Impressora;2023-09-26;Bloqueada
1333;992;Modelo Chip Básico;2024-03-03;Bloqueada
1334;993;Modelo Pro c/ Impressora;2024-11-04;Ativa
1335;994;Modelo Chip Básico;2024-10-25;Ativa
1336;995;Modelo Pro c/ Impressora;2024-06-23;Bloqueada
1337;996;Modelo Pro c/ Impressora;2021-12-05;Ativa
1338;997;Modelo Chip Básico;2022-04-15;Ativa
1339;998;Modelo Chip Básico;2023-12-26;Ativa
1340;999;Modelo Smart Android;2021-01-28;Ativa
1341;1000;Modelo Smart Android;2022-05-16;Ativa
1342;1001;Modelo Chip Básico;2021-01-18;Ativa
1343;1002;Modelo Chip Básico;2021-07-05;Ativa
1344;1003;Modelo Pro c/ Impressora;2024-10-04;Bloqueada
1345;1004;Modelo Smart Android;2021-07-02;Ativa
1346;1005;Modelo Smart Android;2024-09-10;Ativa
1347;1006;Modelo Chip Básico;2023-12-19;Ativa
1348;1007;Modelo Pro c/ Impressora;2023-06-20;Bloqueada
1349;1008;Modelo Pro c/ Impressora;2022-03-28;Ativa
1350;1009;Modelo Chip Básico;2024-07-25;Bloqueada
1351;1010;Modelo Pro c/ Impressora;2021-03-22;Ativa
1352;1011;Modelo Chip Básico;2022-10-15;Ativa
1353;1012;Modelo Chip Básico;2022-02-05;Ativa
1354;1013;Modelo Pro c/ Impressora;2022-07-12;Ativa
1355;1013;Modelo Pro c/ Impressora;2022-07-23;Ativa
1356;1014;Modelo Smart Android;2021-02-11;Ativa
1357;1015;Modelo Pro c/ Impressora;2021-11-02;Ativa
1358;1015;Modelo Chip Básico;2021-11-03;Inativa
1359;1016;Modelo Smart Android;2021-02-23;Inativa
1360;1017;Modelo Pro c/ Impressora;2022-03-16;Ativa
1361;1017;Modelo Pro c/ Impressora;2022-03-14;Ativa
1362;1018;Modelo Chip Básico;2024-02-29;Ativa
1363;1019;Modelo Chip Básico;2023-01-30;Ativa
1364;1019;Modelo Chip Básico;2023-02-09;Ativa
1365;1020;Modelo Smart Android;2023-12-18;Ativa
1366;1020;Modelo Pro c/ Impressora;2023-12-12;Ativa
1367;1021;Modelo Pro c/ Impressora;2022-08-01;Ativa
1368;1022;Modelo Chip Básico;2021-10-28;Inativa
1369;1023;Modelo Chip Básico;2022-06-03;Inativa
1370;1023;Modelo Chip Básico;2022-06-03;Ativa
1371;1023;Modelo Pro c/ Impressora;2022-05-30;Ativa
1372;1024;Modelo Chip Básico;2023-07-02;Ativa
1373;1025;Modelo Pro c/ Impressora;2021-04-21;Ativa
1374;1025;Modelo Pro c/ Impressora;2021-04-25;Ativa
1375;1025;Modelo Pro c/ Impressora;2021-04-16;Inativa
1376;1026;Modelo Smart Android;2023-08-06;Bloqueada
1377;1027;Modelo Chip Básico;2023-07-01;Ativa
1378;1028;Modelo Smart Android;2024-08-18;Ativa
1379;1029;Modelo Chip Básico;2022-06-05;Ativa
1380;1030;Modelo Pro c/ Impressora;2022-01-19;Inativa
1381;1031;Modelo Chip Básico;2024-10-16;Bloqueada
1382;1031;Modelo Chip Básico;2024-10-06;Bloqueada
1383;1032;Modelo Chip Básico;2021-11-17;Ativa
1384;1033;Modelo Pro c/ Impressora;2023-11-30;Inativa
1385;1033;Modelo Smart Android;2023-11-28;Ativa
1386;1033;Modelo Pro c/ Impressora;2023-11-22;Ativa
1387;1034;Modelo Smart Android;2022-03-22;Ativa
1388;1034;Modelo Chip Básico;2022-03-18;Ativa
1389;1035;Modelo Smart Android;2021-06-10;Ativa
1390;1035;Modelo Smart Android;2021-06-13;Ativa
1391;1035;Modelo Chip Básico;2021-06-11;Ativa
1392;1036;Modelo Pro c/ Impressora;2021-05-31;Inativa
1393;1036;Modelo Chip Básico;2021-06-09;Ativa
1394;1037;Modelo Pro c/ Impressora;2023-06-20;Ativa
1395;1038;Modelo Smart Android;2024-02-20;Ativa
1396;1039;Modelo Smart Android;2023-08-10;Inativa
1397;1040;Modelo Chip Básico;2021-07-21;Ativa
1398;1041;Modelo Chip Básico;2024-01-02;Inativa
1399;1041;Modelo Chip Básico;2024-01-01;Ativa
1400;1042;Modelo Pro c/ Impressora;2024-11-03;Ativa
1401;1043;Modelo Chip Básico;2024-01-25;Ativa
1402;1044;Modelo Chip Básico;2024-04-21;Inativa
1403;1045;Modelo Pro c/ Impressora;2023-12-06;Ativa
1404;1045;Modelo Pro c/ Impressora;2023-12-13;Ativa
1405;1045;Modelo Pro c/ Impressora;2023-12-12;Ativa
1406;1045;Modelo Chip Básico;2023-12-17;Ativa
1407;1046;Modelo Chip Básico;2022-05-06;Inativa
1408;1047;Modelo Pro c/ Impressora;2022-10-16;Bloqueada
1409;1048;Modelo Chip Básico;2021-12-13;Inativa
1410;1049;Modelo Chip Básico;2022-08-10;Inativa
1411;1050;Modelo Chip Básico;2022-10-01;Inativa
1412;1050;Modelo Smart Android;2022-09-20;Ativa
1413;1051;Modelo Chip Básico;2023-12-31;Ativa
1414;1052;Modelo Smart Android;2022-08-08;Ativa
1415;1053;Modelo Smart Android;2022-05-02;Ativa
1416;1054;Modelo Chip Básico;2021-07-10;Ativa
1417;1055;Modelo Smart Android;2023-04-08;Ativa
1418;1056;Modelo Chip Básico;2023-05-21;Bloqueada
1419;1057;Modelo Chip Básico;2022-10-31;Ativa
1420;1057;Modelo Chip Básico;2022-10-30;Ativa
1421;1058;Modelo Smart Android;2022-08-15;Ativa
1422;1059;Modelo Chip Básico;2023-08-17;Inativa
1423;1060;Modelo Pro c/ Impressora;2022-01-20;Inativa
1424;1061;Modelo Chip Básico;2024-08-24;Ativa
1425;1062;Modelo Chip Básico;2021-01-20;Ativa
1426;1063;Modelo Pro c/ Impressora;2021-11-09;Bloqueada
1427;1063;Modelo Pro c/ Impressora;2021-11-05;Ativa
1428;1064;Modelo Pro c/ Impressora;2023-04-11;Bloqueada
1429;1065;Modelo Chip Básico;2023-12-01;Ativa
1430;1066;Modelo Pro c/ Impressora;2022-01-27;Inativa
1431;1067;Modelo Smart Android;2021-08-11;Ativa
1432;1068;Modelo Chip Básico;2021-11-03;Ativa
1433;1069;Modelo Pro c/ Impressora;2021-09-13;Ativa
1434;1070;Modelo Smart Android;2023-01-05;Ativa
1435;1071;Modelo Smart Android;2024-06-17;Ativa
1436;1072;Modelo Chip Básico;2023-02-16;Inativa
1437;1072;Modelo Smart Android;2023-02-14;Inativa
1438;1073;Modelo Pro c/ Impressora;2024-04-04;Bloqueada
1439;1074;Modelo Pro c/ Impressora;2024-01-11;Ativa
1440;1075;Modelo Pro c/ Impressora;2022-07-21;Ativa
1441;1075;Modelo Chip Básico;2022-07-23;Bloqueada
1442;1076;Modelo Smart Android;2021-01-23;Inativa
1443;1077;Modelo Chip Básico;2023-04-19;Ativa
1444;1078;Modelo Chip Básico;2021-07-13;Bloqueada
1445;1078;Modelo Chip Básico;2021-07-21;Ativa
1446;1079;Modelo Chip Básico;2021-07-15;Ativa
1447;1080;Modelo Smart Android;2024-08-21;Ativa
1448;1081;Modelo Chip Básico;2024-04-22;Ativa
1449;1082;Modelo Pro c/ Impressora;2023-07-17;Bloqueada
1450;1083;Modelo Smart Android;2021-12-12;Ativa
1451;1084;Modelo Smart Android;2023-04-07;Ativa
1452;1085;Modelo Pro c/ Impressora;2023-12-09;Ativa
1453;1086;Modelo Pro c/ Impressora;2023-04-25;Inativa
1454;1086;Modelo Pro c/ Impressora;2023-04-29;Ativa
1455;1087;Modelo Chip Básico;2024-10-29;Inativa
1456;1087;Modelo Chip Básico;2024-10-27;Ativa
1457;1087;Modelo Chip Básico;2024-10-19;Ativa
1458;1087;Modelo Chip Básico;2024-10-21;Ativa
1459;1088;Modelo Pro c/ Impressora;2022-01-29;Ativa
1460;1089;Modelo Smart Android;2023-10-08;Ativa
1461;1090;Modelo Chip Básico;2022-12-10;Ativa
1462;1091;Modelo Chip Básico;2022-10-03;Ativa
1463;1092;Modelo Pro c/ Impressora;2021-11-01;Ativa
1464;1093;Modelo Pro c/ Impressora;2023-04-06;Bloqueada
1465;1094;Modelo Smart Android;2024-07-15;Bloqueada
1466;1095;Modelo Chip Básico;2023-07-22;Inativa
1467;1096;Modelo Smart Android;2022-11-20;Ativa
1468;1096;Modelo Chip Básico;2022-11-20;Inativa
1469;1097;Modelo Chip Básico;2024-01-04;Bloqueada
1470;1098;Modelo Chip Básico;2022-06-02;Ativa
1471;1099;Modelo Smart Android;2023-02-19;Ativa
1472;1099;Modelo Pro c/ Impressora;2023-02-17;Inativa
1473;1100;Modelo Pro c/ Impressora;2024-01-27;Ativa
1474;1101;Modelo Pro c/ Impressora;2023-06-04;Inativa
1475;1102;Modelo Smart Android;2021-11-22;Ativa
1476;1103;Modelo Chip Básico;2023-03-23;Ativa
1477;1104;Modelo Pro c/ Impressora;2021-12-12;Ativa
1478;1105;Modelo Smart Android;2021-09-06;Ativa
1479;1105;Modelo Smart Android;2021-09-08;Ativa
1480;1106;Modelo Chip Básico;2022-03-22;Ativa
1481;1107;Modelo Pro c/ Impressora;2023-12-16;Ativa
1482;1107;Modelo Pro c/ Impressora;2023-12-17;Bloqueada
1483;1108;Modelo Chip Básico;2021-11-24;Ativa
1484;1109;Modelo Pro c/ Impressora;2022-10-08;Ativa
1485;1109;Modelo Pro c/ Impressora;2022-10-09;Ativa
1486;1110;Modelo Chip Básico;2021-01-21;Bloqueada
1487;1111;Modelo Chip Básico;2023-03-11;Ativa
1488;1112;Modelo Pro c/ Impressora;2023-05-13;Ativa
1489;1112;Modelo Chip Básico;2023-05-25;Ativa
1490;1113;Modelo Chip Básico;2024-04-04;Ativa
1491;1114;Modelo Chip Básico;2023-09-22;Ativa
1492;1115;Modelo Chip Básico;2024-01-17;Ativa
1493;1116;Modelo Pro c/ Impressora;2022-11-21;Ativa
1494;1116;Modelo Pro c/ Impressora;2022-11-14;Bloqueada
1495;1117;Modelo Pro c/ Impressora;2024-01-23;Ativa
1496;1118;Modelo Chip Básico;2022-09-14;Ativa
1497;1119;Modelo Chip Básico;2021-11-29;Ativa
1498;1120;Modelo Chip Básico;2021-10-10;Ativa
1499;1121;Modelo Chip Básico;2022-08-21;Ativa
1500;1122;Modelo Smart Android;2021-12-18;Ativa
1501;1123;Modelo Smart Android;2023-12-30;Ativa
1502;1124;Modelo Smart Android;2021-06-27;Inativa
1503;1125;Modelo Chip Básico;2024-07-01;Ativa
1504;1126;Modelo Pro c/ Impressora;2022-02-28;Ativa
1505;1127;Modelo Chip Básico;2022-08-10;Bloqueada
1506;1128;Modelo Smart Android;2022-05-06;Bloqueada
1507;1128;Modelo Smart Android;2022-05-08;Inativa
1508;1128;Modelo Pro c/ Impressora;2022-05-06;Ativa
1509;1128;Modelo Pro c/ Impressora;2022-05-09;Inativa
1510;1128;Modelo Pro c/ Impressora;2022-04-27;Bloqueada
1511;1129;Modelo Smart Android;2024-03-24;Inativa
1512;1130;Modelo Pro c/ Impressora;2021-09-11;Ativa
1513;1131;Modelo Pro c/ Impressora;2024-03-09;Ativa
1514;1132;Modelo Pro c/ Impressora;2022-02-16;Ativa
1515;1133;Modelo Pro c/ Impressora;2023-05-07;Ativa
1516;1133;Modelo Pro c/ Impressora;2023-05-13;Ativa
1517;1134;Modelo Smart Android;2024-03-15;Bloqueada
1518;1135;Modelo Pro c/ Impressora;2024-02-27;Ativa
1519;1136;Modelo Chip Básico;2022-02-19;Bloqueada
1520;1137;Modelo Smart Android;2021-09-10;Ativa
1521;1138;Modelo Pro c/ Impressora;2023-05-06;Ativa
1522;1139;Modelo Chip Básico;2023-04-06;Bloqueada
1523;1140;Modelo Smart Android;2021-03-13;Ativa
1524;1140;Modelo Pro c/ Impressora;2021-03-02;Ativa
1525;1141;Modelo Pro c/ Impressora;2022-06-01;Bloqueada
1526;1142;Modelo Pro c/ Impressora;2024-05-14;Inativa
1527;1143;Modelo Pro c/ Impressora;2023-11-09;Ativa
1528;1144;Modelo Chip Básico;2024-07-24;Ativa
1529;1144;Modelo Pro c/ Impressora;2024-07-31;Ativa
1530;1144;Modelo Chip Básico;2024-07-24;Ativa
1531;1145;Modelo Chip Básico;2024-10-17;Ativa
1532;1145;Modelo Pro c/ Impressora;2024-10-15;Ativa
1533;1146;Modelo Pro c/ Impressora;2022-11-01;Inativa
1534;1147;Modelo Pro c/ Impressora;2022-11-21;Ativa
1535;1148;Modelo Chip Básico;2024-08-09;Ativa
1536;1148;Modelo Pro c/ Impressora;2024-08-21;Ativa
1537;1149;Modelo Chip Básico;2023-06-29;Ativa
1538;1150;Modelo Pro c/ Impressora;2023-10-13;Ativa
1539;1151;Modelo Smart Android;2024-09-25;Ativa
1540;1152;Modelo Chip Básico;2023-01-17;Ativa
1541;1153;Modelo Chip Básico;2022-10-02;Bloqueada
1542;1154;Modelo Smart Android;2024-06-19;Ativa
1543;1155;Modelo Smart Android;2022-01-22;Ativa
1544;1155;Modelo Smart Android;2022-01-18;Ativa
1545;1155;Modelo Smart Android;2022-01-18;Ativa
1546;1155;Modelo Chip Básico;2022-01-22;Bloqueada
1547;1156;Modelo Pro c/ Impressora;2022-05-02;Bloqueada
1548;1157;Modelo Chip Básico;2024-10-12;Ativa
1549;1158;Modelo Pro c/ Impressora;2021-03-21;Ativa
1550;1159;Modelo Pro c/ Impressora;2023-03-30;Ativa
1551;1160;Modelo Pro c/ Impressora;2022-09-24;Ativa
1552;1161;Modelo Smart Android;2022-08-24;Ativa
1553;1162;Modelo Pro c/ Impressora;2022-11-16;Bloqueada
1554;1163;Modelo Chip Básico;2022-04-13;Ativa
1555;1163;Modelo Smart Android;2022-04-10;Ativa
1556;1164;Modelo Chip Básico;2022-08-01;Ativa
1557;1165;Modelo Pro c/ Impressora;2021-06-16;Inativa
1558;1166;Modelo Chip Básico;2022-03-07;Ativa
1559;1167;Modelo Chip Básico;2023-07-11;Ativa
1560;1168;Modelo Pro c/ Impressora;2021-04-08;Ativa
1561;1169;Modelo Pro c/ Impressora;2024-10-17;Inativa
1562;1170;Modelo Chip Básico;2023-06-30;Ativa
1563;1170;Modelo Pro c/ Impressora;2023-07-07;Ativa
1564;1170;Modelo Smart Android;2023-07-03;Inativa
1565;1171;Modelo Chip Básico;2021-07-29;Ativa
1566;1171;Modelo Smart Android;2021-07-17;Bloqueada
1567;1172;Modelo Chip Básico;2022-11-21;Ativa
1568;1173;Modelo Chip Básico;2023-11-14;Ativa
1569;1174;Modelo Smart Android;2021-09-16;Inativa
1570;1175;Modelo Pro c/ Impressora;2023-05-06;Bloqueada
1571;1176;Modelo Pro c/ Impressora;2023-02-24;Ativa
1572;1177;Modelo Chip Básico;2022-02-09;Bloqueada
1573;1177;Modelo Pro c/ Impressora;2022-02-03;Ativa
1574;1178;Modelo Chip Básico;2024-10-21;Inativa
1575;1179;Modelo Chip Básico;2022-05-28;Ativa
1576;1180;Modelo Chip Básico;2023-06-11;Ativa
1577;1181;Modelo Smart Android;2023-09-08;Bloqueada
1578;1182;Modelo Pro c/ Impressora;2022-05-10;Ativa
1579;1183;Modelo Chip Básico;2022-05-10;Inativa
1580;1183;Modelo Chip Básico;2022-05-09;Ativa
1581;1184;Modelo Pro c/ Impressora;2021-03-10;Bloqueada
1582;1184;Modelo Smart Android;2021-03-12;Ativa
1583;1185;Modelo Chip Básico;2022-02-02;Ativa
1584;1186;Modelo Smart Android;2021-12-26;Ativa
1585;1186;Modelo Chip Básico;2021-12-15;Ativa
1586;1187;Modelo Smart Android;2023-09-16;Ativa
1587;1188;Modelo Pro c/ Impressora;2021-03-04;Ativa
1588;1189;Modelo Chip Básico;2022-11-03;Ativa
1589;1189;Modelo Pro c/ Impressora;2022-11-09;Bloqueada
1590;1190;Modelo Chip Básico;2024-07-13;Ativa
1591;1191;Modelo Chip Básico;2022-02-10;Ativa
1592;1192;Modelo Chip Básico;2024-02-28;Inativa
1593;1193;Modelo Smart Android;2021-03-08;Inativa
1594;1194;Modelo Smart Android;2024-03-14;Ativa
1595;1194;Modelo Chip Básico;2024-03-18;Bloqueada
1596;1194;Modelo Chip Básico;2024-03-06;Inativa
1597;1194;Modelo Chip Básico;2024-03-17;Ativa
1598;1195;Modelo Pro c/ Impressora;2023-10-27;Ativa
1599;1196;Modelo Pro c/ Impressora;2023-10-20;Inativa
1600;1197;Modelo Pro c/ Impressora;2023-07-27;Bloqueada
1601;1198;Modelo Smart Android;2021-05-02;Ativa
1602;1198;Modelo Chip Básico;2021-05-09;Ativa
1603;1199;Modelo Smart Android;2023-05-28;Ativa
1604;1200;Modelo Smart Android;2022-08-03;Ativa
1605;1200;Modelo Chip Básico;2022-08-01;Ativa
1606;1201;Modelo Smart Android;2021-06-24;Inativa
1607;1202;Modelo Smart Android;2023-02-20;Bloqueada
1608;1203;Modelo Chip Básico;2023-04-20;Ativa
1609;1204;Modelo Pro c/ Impressora;2021-09-24;Ativa
1610;1205;Modelo Chip Básico;2023-12-16;Ativa
1611;1206;Modelo Pro c/ Impressora;2024-01-14;Ativa
1612;1206;Modelo Smart Android;2024-01-14;Ativa
1613;1207;Modelo Chip Básico;2021-01-26;Inativa
1614;1208;Modelo Chip Básico;2022-09-14;Ativa
1615;1209;Modelo Smart Android;2021-04-25;Ativa
1616;1209;Modelo Chip Básico;2021-04-27;Ativa
1617;1209;Modelo Chip Básico;2021-04-28;Bloqueada
1618;1210;Modelo Pro c/ Impressora;2021-06-30;Bloqueada
1619;1211;Modelo Smart Android;2023-07-30;Inativa
1620;1212;Modelo Chip Básico;2022-09-19;Ativa
1621;1213;Modelo Pro c/ Impressora;2022-08-29;Ativa
1622;1214;Modelo Chip Básico;2021-10-03;Bloqueada
1623;1215;Modelo Pro c/ Impressora;2022-10-16;Inativa
1624;1216;Modelo Chip Básico;2021-07-23;Inativa
1625;1217;Modelo Pro c/ Impressora;2024-07-24;Ativa
1626;1217;Modelo Chip Básico;2024-07-14;Bloqueada
1627;1218;Modelo Chip Básico;2021-11-01;Ativa
1628;1218;Modelo Pro c/ Impressora;2021-10-29;Ativa
1629;1218;Modelo Chip Básico;2021-10-22;Ativa
1630;1218;Modelo Pro c/ Impressora;2021-11-04;Ativa
1631;1218;Modelo Pro c/ Impressora;2021-10-23;Inativa
1632;1219;Modelo Pro c/ Impressora;2022-01-07;Ativa
1633;1220;Modelo Chip Básico;2024-07-04;Bloqueada
1634;1221;Modelo Smart Android;2022-10-09;Ativa
1635;1222;Modelo Smart Android;2024-04-27;Ativa
1636;1223;Modelo Pro c/ Impressora;2022-10-15;Bloqueada
1637;1224;Modelo Pro c/ Impressora;2023-06-02;Ativa
1638;1225;Modelo Pro c/ Impressora;2021-05-08;Inativa
1639;1226;Modelo Chip Básico;2022-10-22;Inativa
1640;1226;Modelo Chip Básico;2022-10-27;Ativa
1641;1227;Modelo Smart Android;2022-02-05;Ativa
1642;1228;Modelo Pro c/ Impressora;2021-12-23;Bloqueada
1643;1229;Modelo Chip Básico;2023-10-29;Bloqueada
1644;1229;Modelo Pro c/ Impressora;2023-10-26;Ativa
1645;1229;Modelo Pro c/ Impressora;2023-10-23;Ativa
1646;1230;Modelo Chip Básico;2022-05-10;Inativa
1647;1231;Modelo Pro c/ Impressora;2023-11-12;Ativa
1648;1232;Modelo Chip Básico;2021-01-13;Ativa
1649;1232;Modelo Pro c/ Impressora;2021-01-02;Ativa
1650;1233;Modelo Chip Básico;2023-12-23;Bloqueada
1651;1233;Modelo Chip Básico;2023-12-24;Ativa
1652;1233;Modelo Pro c/ Impressora;2023-12-24;Ativa
1653;1233;Modelo Pro c/ Impressora;2023-12-12;Ativa
1654;1233;Modelo Pro c/ Impressora;2023-12-13;Ativa
1655;1234;Modelo Smart Android;2023-08-03;Bloqueada
1656;1235;Modelo Chip Básico;2023-03-01;Inativa
1657;1235;Modelo Chip Básico;2023-03-09;Ativa
1658;1235;Modelo Pro c/ Impressora;2023-03-07;Ativa
1659;1236;Modelo Chip Básico;2022-04-16;Ativa
1660;1236;Modelo Chip Básico;2022-04-21;Ativa
1661;1236;Modelo Chip Básico;2022-04-20;Bloqueada
1662;1237;Modelo Chip Básico;2023-05-16;Ativa
1663;1237;Modelo Chip Básico;2023-05-17;Inativa
1664;1237;Modelo Chip Básico;2023-05-21;Bloqueada
1665;1238;Modelo Smart Android;2023-07-16;Ativa
1666;1238;Modelo Pro c/ Impressora;2023-07-21;Ativa
1667;1238;Modelo Chip Básico;2023-07-25;Bloqueada
1668;1239;Modelo Chip Básico;2021-01-20;Bloqueada
1669;1240;Modelo Chip Básico;2021-07-11;Ativa
1670;1240;Modelo Pro c/ Impressora;2021-07-01;Ativa
1671;1241;Modelo Smart Android;2023-11-01;Inativa
1672;1242;Modelo Chip Básico;2023-10-01;Bloqueada
1673;1243;Modelo Chip Básico;2023-03-27;Ativa
1674;1244;Modelo Smart Android;2021-01-22;Bloqueada
1675;1244;Modelo Chip Básico;2021-01-17;Ativa
1676;1245;Modelo Smart Android;2022-02-21;Bloqueada
1677;1246;Modelo Chip Básico;2024-06-20;Ativa
1678;1247;Modelo Chip Básico;2022-10-08;Bloqueada
1679;1247;Modelo Pro c/ Impressora;2022-10-01;Bloqueada
1680;1248;Modelo Pro c/ Impressora;2023-10-01;Ativa
1681;1248;Modelo Pro c/ Impressora;2023-10-05;Ativa
1682;1249;Modelo Chip Básico;2023-06-16;Ativa
1683;1249;Modelo Smart Android;2023-06-04;Ativa
1684;1250;Modelo Chip Básico;2022-09-19;Ativa
1685;1250;Modelo Pro c/ Impressora;2022-09-21;Bloqueada
1686;1251;Modelo Smart Android;2023-06-22;Inativa
1687;1252;Modelo Pro c/ Impressora;2022-03-05;Ativa
1688;1253;Modelo Chip Básico;2022-11-22;Ativa
1689;1254;Modelo Chip Básico;2021-03-21;Bloqueada
1690;1254;Modelo Chip Básico;2021-03-21;Ativa
1691;1255;Modelo Smart Android;2024-03-02;Ativa
1692;1256;Modelo Pro c/ Impressora;2021-04-26;Bloqueada
1693;1257;Modelo Smart Android;2023-09-18;Bloqueada
1694;1258;Modelo Pro c/ Impressora;2024-06-30;Ativa
1695;1259;Modelo Pro c/ Impressora;2024-11-02;Bloqueada
1696;1260;Modelo Chip Básico;2023-09-13;Ativa
1697;1261;Modelo Chip Básico;2021-11-20;Inativa
1698;1262;Modelo Chip Básico;2023-01-05;Ativa
1699;1263;Modelo Chip Básico;2023-11-21;Ativa
1700;1264;Modelo Pro c/ Impressora;2023-04-12;Ativa
1701;1265;Modelo Smart Android;2021-12-12;Ativa
1702;1266;Modelo Pro c/ Impressora;2023-02-01;Inativa
1703;1267;Modelo Pro c/ Impressora;2021-03-14;Ativa
1704;1268;Modelo Chip Básico;2021-05-23;Inativa
1705;1269;Modelo Pro c/ Impressora;2023-02-09;Ativa
1706;1270;Modelo Chip Básico;2023-12-18;Inativa
1707;1271;Modelo Pro c/ Impressora;2024-09-27;Ativa
1708;1271;Modelo Chip Básico;2024-10-05;Ativa
1709;1271;Modelo Chip Básico;2024-09-28;Inativa
1710;1271;Modelo Pro c/ Impressora;2024-09-30;Ativa
1711;1272;Modelo Smart Android;2021-06-01;Bloqueada
1712;1273;Modelo Pro c/ Impressora;2022-08-07;Ativa
1713;1274;Modelo Chip Básico;2024-07-03;Ativa
1714;1275;Modelo Pro c/ Impressora;2024-09-21;Ativa
1715;1275;Modelo Smart Android;2024-09-15;Ativa
1716;1276;Modelo Pro c/ Impressora;2023-07-26;Ativa
1717;1277;Modelo Chip Básico;2021-01-18;Ativa
1718;1277;Modelo Chip Básico;2021-01-09;Bloqueada
1719;1278;Modelo Chip Básico;2021-09-22;Bloqueada
1720;1278;Modelo Smart Android;2021-09-19;Ativa
1721;1279;Modelo Chip Básico;2022-04-03;Ativa
1722;1279;Modelo Chip Básico;2022-04-04;Ativa
1723;1280;Modelo Smart Android;2023-05-06;Bloqueada
1724;1281;Modelo Smart Android;2024-02-25;Inativa
1725;1282;Modelo Pro c/ Impressora;2022-10-30;Inativa
1726;1282;Modelo Pro c/ Impressora;2022-11-03;Bloqueada
1727;1283;Modelo Pro c/ Impressora;2024-10-08;Inativa
1728;1283;Modelo Smart Android;2024-10-09;Bloqueada
1729;1284;Modelo Chip Básico;2023-01-19;Inativa
1730;1285;Modelo Chip Básico;2021-09-18;Ativa
1731;1285;Modelo Pro c/ Impressora;2021-09-17;Inativa
1732;1285;Modelo Chip Básico;2021-09-18;Ativa
1733;1286;Modelo Smart Android;2022-10-18;Inativa
1734;1286;Modelo Chip Básico;2022-10-18;Bloqueada
1735;1287;Modelo Smart Android;2021-06-21;Inativa
1736;1288;Modelo Chip Básico;2023-09-01;Inativa
1737;1288;Modelo Pro c/ Impressora;2023-09-04;Ativa
1738;1289;Modelo Chip Básico;2024-06-03;Ativa
1739;1290;Modelo Pro c/ Impressora;2022-08-09;Ativa
1740;1291;Modelo Smart Android;2022-04-27;Inativa
1741;1292;Modelo Chip Básico;2023-11-25;Ativa
1742;1293;Modelo Chip Básico;2022-04-13;Inativa
1743;1294;Modelo Smart Android;2022-05-15;Ativa
1744;1294;Modelo Chip Básico;2022-05-20;Ativa
1745;1295;Modelo Pro c/ Impressora;2023-10-27;Ativa
1746;1296;Modelo Chip Básico;2021-12-27;Ativa
1747;1297;Modelo Pro c/ Impressora;2024-07-04;Ativa
1748;1298;Modelo Chip Básico;2024-05-10;Ativa
1749;1299;Modelo Pro c/ Impressora;2021-06-03;Inativa
1750;1300;Modelo Pro c/ Impressora;2024-05-29;Ativa
1751;1301;Modelo Chip Básico;2022-08-21;Inativa
1752;1302;Modelo Pro c/ Impressora;2021-03-05;Ativa
1753;1303;Modelo Pro c/ Impressora;2023-09-06;Ativa
1754;1304;Modelo Chip Básico;2023-11-03;Ativa
1755;1304;Modelo Smart Android;2023-11-03;Ativa
1756;1305;Modelo Chip Básico;2023-03-26;Ativa
1757;1306;Modelo Chip Básico;2021-06-23;Bloqueada
1758;1307;Modelo Smart Android;2021-11-09;Ativa
1759;1308;Modelo Smart Android;2021-11-17;Ativa
1760;1309;Modelo Pro c/ Impressora;2021-06-22;Ativa
1761;1309;Modelo Pro c/ Impressora;2021-06-19;Bloqueada
1762;1310;Modelo Chip Básico;2024-09-22;Bloqueada
1763;1310;Modelo Chip Básico;2024-09-24;Ativa
1764;1311;Modelo Chip Básico;2024-09-19;Ativa
1765;1312;Modelo Chip Básico;2021-04-01;Inativa
1766;1313;Modelo Chip Básico;2023-04-04;Ativa
1767;1314;Modelo Pro c/ Impressora;2022-02-22;Ativa
1768;1315;Modelo Smart Android;2024-06-01;Bloqueada
1769;1316;Modelo Smart Android;2023-12-28;Ativa
1770;1317;Modelo Smart Android;2022-12-14;Ativa
1771;1318;Modelo Chip Básico;2024-03-02;Inativa
1772;1319;Modelo Smart Android;2021-11-18;Ativa
1773;1320;Modelo Smart Android;2023-02-17;Inativa
1774;1320;Modelo Chip Básico;2023-02-27;Ativa
1775;1321;Modelo Smart Android;2024-06-16;Ativa
1776;1322;Modelo Smart Android;2021-03-04;Inativa
1777;1323;Modelo Chip Básico;2024-03-11;Inativa
1778;1324;Modelo Smart Android;2021-03-13;Bloqueada
1779;1325;Modelo Chip Básico;2024-10-15;Ativa
1780;1326;Modelo Chip Básico;2022-11-29;Ativa
1781;1327;Modelo Chip Básico;2022-07-03;Bloqueada
1782;1328;Modelo Smart Android;2021-03-07;Ativa
1783;1328;Modelo Pro c/ Impressora;2021-03-20;Ativa
1784;1329;Modelo Chip Básico;2024-07-01;Ativa
1785;1330;Modelo Chip Básico;2022-12-10;Bloqueada
1786;1331;Modelo Pro c/ Impressora;2024-08-29;Ativa
1787;1332;Modelo Chip Básico;2022-11-09;Ativa
1788;1333;Modelo Chip Básico;2021-04-05;Bloqueada
1789;1334;Modelo Chip Básico;2024-04-19;Ativa
1790;1335;Modelo Pro c/ Impressora;2024-10-13;Ativa
1791;1336;Modelo Pro c/ Impressora;2024-04-18;Bloqueada
1792;1337;Modelo Pro c/ Impressora;2024-10-29;Ativa
1793;1338;Modelo Smart Android;2021-08-16;Ativa
1794;1339;Modelo Chip Básico;2021-06-03;Ativa
1795;1339;Modelo Chip Básico;2021-06-05;Inativa
1796;1339;Modelo Chip Básico;2021-06-05;Bloqueada
1797;1340;Modelo Pro c/ Impressora;2024-05-03;Inativa
1798;1341;Modelo Pro c/ Impressora;2024-07-08;Ativa
1799;1342;Modelo Pro c/ Impressora;2024-10-28;Bloqueada
1800;1343;Modelo Chip Básico;2024-03-01;Ativa
1801;1344;Modelo Smart Android;2024-11-05;Ativa
1802;1345;Modelo Pro c/ Impressora;2021-03-29;Ativa
1803;1346;Modelo Smart Android;2024-04-09;Ativa
1804;1347;Modelo Smart Android;2024-05-19;Inativa
1805;1347;Modelo Chip Básico;2024-05-15;Ativa
1806;1348;Modelo Pro c/ Impressora;2022-07-23;Inativa
1807;1349;Modelo Pro c/ Impressora;2022-04-23;Bloqueada
1808;1350;Modelo Pro c/ Impressora;2024-07-16;Ativa
1809;1351;Modelo Pro c/ Impressora;2021-06-12;Ativa
1810;1352;Modelo Pro c/ Impressora;2024-04-20;Bloqueada
1811;1353;Modelo Chip Básico;2024-04-11;Bloqueada
1812;1354;Modelo Smart Android;2022-05-10;Ativa
1813;1355;Modelo Smart Android;2021-03-23;Inativa
1814;1356;Modelo Pro c/ Impressora;2023-02-06;Ativa
1815;1357;Modelo Chip Básico;2021-11-28;Ativa
1816;1358;Modelo Chip Básico;2024-10-05;Ativa
1817;1359;Modelo Pro c/ Impressora;2021-04-28;Inativa
1818;1359;Modelo Smart Android;2021-04-22;Ativa
1819;1359;Modelo Chip Básico;2021-04-22;Ativa
1820;1360;Modelo Chip Básico;2023-12-09;Ativa
1821;1361;Modelo Chip Básico;2024-10-24;Ativa
1822;1361;Modelo Pro c/ Impressora;2024-10-16;Ativa
1823;1362;Modelo Chip Básico;2021-04-14;Ativa
1824;1363;Modelo Smart Android;2022-03-01;Ativa
1825;1364;Modelo Chip Básico;2022-01-09;Ativa
1826;1364;Modelo Chip Básico;2022-01-11;Ativa
1827;1365;Modelo Chip Básico;2024-01-11;Ativa
1828;1366;Modelo Chip Básico;2021-05-19;Bloqueada
1829;1366;Modelo Pro c/ Impressora;2021-05-27;Ativa
1830;1367;Modelo Chip Básico;2022-02-13;Bloqueada
1831;1368;Modelo Chip Básico;2023-10-16;Ativa
1832;1369;Modelo Pro c/ Impressora;2021-08-15;Inativa
1833;1370;Modelo Smart Android;2023-09-01;Ativa
1834;1371;Modelo Chip Básico;2021-01-18;Ativa
1835;1372;Modelo Pro c/ Impressora;2023-09-09;Ativa
1836;1373;Modelo Chip Básico;2024-09-26;Inativa
1837;1373;Modelo Chip Básico;2024-10-06;Ativa
1838;1374;Modelo Smart Android;2022-06-08;Inativa
1839;1375;Modelo Pro c/ Impressora;2021-07-14;Ativa
1840;1375;Modelo Chip Básico;2021-07-15;Inativa
1841;1376;Modelo Smart Android;2022-01-06;Ativa
1842;1377;Modelo Pro c/ Impressora;2022-10-28;Bloqueada
1843;1378;Modelo Chip Básico;2024-01-17;Ativa
1844;1378;Modelo Pro c/ Impressora;2024-01-13;Ativa
1845;1378;Modelo Smart Android;2024-01-15;Ativa
1846;1378;Modelo Pro c/ Impressora;2024-01-17;Ativa
1847;1379;Modelo Pro c/ Impressora;2024-04-05;Ativa
1848;1380;Modelo Pro c/ Impressora;2023-08-06;Ativa
1849;1381;Modelo Pro c/ Impressora;2024-06-24;Ativa
1850;1382;Modelo Chip Básico;2021-12-19;Inativa
1851;1382;Modelo Pro c/ Impressora;2021-12-15;Ativa
1852;1383;Modelo Chip Básico;2021-03-20;Ativa
1853;1384;Modelo Chip Básico;2021-08-01;Bloqueada
1854;1385;Modelo Pro c/ Impressora;2024-09-15;Inativa
1855;1385;Modelo Pro c/ Impressora;2024-09-13;Inativa
1856;1386;Modelo Chip Básico;2024-02-26;Ativa
1857;1387;Modelo Chip Básico;2021-02-05;Bloqueada
1858;1388;Modelo Pro c/ Impressora;2021-09-08;Ativa
1859;1389;Modelo Pro c/ Impressora;2021-09-05;Inativa
1860;1390;Modelo Chip Básico;2024-03-25;Bloqueada
1861;1391;Modelo Chip Básico;2023-10-04;Inativa
1862;1392;Modelo Pro c/ Impressora;2021-12-19;Ativa
1863;1393;Modelo Pro c/ Impressora;2022-10-23;Inativa
1864;1394;Modelo Smart Android;2021-02-23;Ativa
1865;1395;Modelo Pro c/ Impressora;2023-07-18;Ativa
1866;1396;Modelo Chip Básico;2023-07-17;Ativa
1867;1397;Modelo Chip Básico;2024-01-01;Ativa
1868;1397;Modelo Smart Android;2024-01-10;Ativa
1869;1398;Modelo Pro c/ Impressora;2022-12-15;Ativa
1870;1399;Modelo Smart Android;2021-06-18;Ativa
1871;1399;Modelo Smart Android;2021-06-19;Bloqueada
1872;1399;Modelo Chip Básico;2021-06-11;Ativa
1873;1400;Modelo Pro c/ Impressora;2024-01-19;Inativa
1874;1401;Modelo Chip Básico;2022-04-27;Ativa
1875;1402;Modelo Pro c/ Impressora;2023-10-10;Ativa
1876;1402;Modelo Chip Básico;2023-10-18;Ativa
1877;1403;Modelo Pro c/ Impressora;2024-06-06;Bloqueada
1878;1403;Modelo Chip Básico;2024-06-06;Ativa
1879;1404;Modelo Chip Básico;2021-08-05;Ativa
1880;1405;Modelo Chip Básico;2023-11-04;Ativa
1881;1406;Modelo Pro c/ Impressora;2024-05-02;Ativa
1882;1407;Modelo Chip Básico;2021-04-28;Ativa
1883;1408;Modelo Chip Básico;2024-09-03;Inativa
1884;1409;Modelo Chip Básico;2023-01-14;Inativa
1885;1410;Modelo Smart Android;2024-05-06;Ativa
1886;1411;Modelo Chip Básico;2023-11-04;Ativa
1887;1411;Modelo Chip Básico;2023-11-11;Inativa
1888;1412;Modelo Pro c/ Impressora;2023-09-04;Ativa
1889;1413;Modelo Chip Básico;2021-06-02;Inativa
1890;1414;Modelo Pro c/ Impressora;2022-12-23;Ativa
1891;1415;Modelo Pro c/ Impressora;2021-12-09;Ativa
1892;1416;Modelo Pro c/ Impressora;2021-10-17;Inativa
1893;1417;Modelo Pro c/ Impressora;2022-06-02;Ativa
1894;1418;Modelo Smart Android;2022-02-26;Bloqueada
1895;1419;Modelo Pro c/ Impressora;2021-09-23;Ativa
1896;1420;Modelo Smart Android;2024-05-14;Bloqueada
1897;1420;Modelo Chip Básico;2024-05-18;Ativa
1898;1421;Modelo Smart Android;2022-06-14;Bloqueada
1899;1422;Modelo Chip Básico;2023-05-03;Ativa
1900;1423;Modelo Chip Básico;2021-05-04;Ativa
1901;1424;Modelo Pro c/ Impressora;2023-01-05;Ativa
1902;1424;Modelo Pro c/ Impressora;2023-01-15;Bloqueada
1903;1424;Modelo Chip Básico;2023-01-16;Ativa
1904;1425;Modelo Smart Android;2023-01-08;Ativa
1905;1426;Modelo Pro c/ Impressora;2022-09-14;Ativa
1906;1427;Modelo Chip Básico;2023-05-22;Ativa
1907;1427;Modelo Chip Básico;2023-05-20;Ativa
1908;1428;Modelo Smart Android;2023-01-16;Ativa
1909;1429;Modelo Pro c/ Impressora;2024-07-21;Ativa
1910;1430;Modelo Chip Básico;2022-07-30;Ativa
1911;1430;Modelo Chip Básico;2022-08-04;Ativa
1912;1431;Modelo Chip Básico;2021-12-13;Ativa
1913;1432;Modelo Chip Básico;2023-03-29;Inativa
1914;1433;Modelo Chip Básico;2021-01-15;Ativa
1915;1433;Modelo Chip Básico;2021-01-18;Inativa
1916;1434;Modelo Pro c/ Impressora;2023-08-16;Bloqueada
1917;1435;Modelo Chip Básico;2021-05-28;Bloqueada
1918;1436;Modelo Smart Android;2023-10-23;Ativa
1919;1437;Modelo Pro c/ Impressora;2022-05-27;Bloqueada
1920;1438;Modelo Chip Básico;2021-12-22;Bloqueada
1921;1438;Modelo Smart Android;2021-12-18;Ativa
1922;1438;Modelo Chip Básico;2021-12-23;Ativa
1923;1439;Modelo Smart Android;2021-01-11;Bloqueada
1924;1440;Modelo Pro c/ Impressora;2021-03-09;Bloqueada
1925;1441;Modelo Smart Android;2021-01-14;Inativa
1926;1442;Modelo Chip Básico;2024-09-30;Ativa
1927;1443;Modelo Chip Básico;2023-03-27;Bloqueada
1928;1443;Modelo Chip Básico;2023-04-03;Inativa
1929;1444;Modelo Chip Básico;2021-08-23;Ativa
1930;1445;Modelo Chip Básico;2022-01-11;Inativa
1931;1445;Modelo Pro c/ Impressora;2022-01-12;Ativa
1932;1445;Modelo Chip Básico;2022-01-08;Ativa
1933;1446;Modelo Chip Básico;2023-03-29;Ativa
1934;1447;Modelo Chip Básico;2021-01-24;Inativa
1935;1448;Modelo Chip Básico;2021-08-07;Ativa
1936;1449;Modelo Chip Básico;2021-04-15;Ativa
1937;1450;Modelo Pro c/ Impressora;2024-09-22;Ativa
1938;1451;Modelo Pro c/ Impressora;2021-11-28;Ativa
1939;1452;Modelo Chip Básico;2021-05-02;Inativa
1940;1453;Modelo Chip Básico;2021-02-28;Ativa
1941;1454;Modelo Pro c/ Impressora;2022-12-21;Inativa
1942;1455;Modelo Pro c/ Impressora;2021-03-16;Bloqueada
1943;1455;Modelo Chip Básico;2021-03-26;Ativa
1944;1456;Modelo Pro c/ Impressora;2023-03-07;Ativa
1945;1457;Modelo Chip Básico;2022-09-09;Ativa
1946;1458;Modelo Smart Android;2024-04-12;Inativa
1947;1459;Modelo Chip Básico;2024-07-31;Ativa
1948;1460;Modelo Pro c/ Impressora;2023-09-07;Inativa
1949;1461;Modelo Smart Android;2022-05-17;Ativa
1950;1462;Modelo Pro c/ Impressora;2022-09-09;Ativa
1951;1463;Modelo Pro c/ Impressora;2021-12-15;Bloqueada
1952;1464;Modelo Chip Básico;2021-09-16;Ativa
1953;1465;Modelo Smart Android;2022-08-07;Ativa
1954;1466;Modelo Pro c/ Impressora;2022-09-03;Ativa
1955;1467;Modelo Smart Android;2024-04-04;Inativa
1956;1468;Modelo Pro c/ Impressora;2021-06-24;Ativa
1957;1469;Modelo Pro c/ Impressora;2022-12-14;Ativa
1958;1470;Modelo Pro c/ Impressora;2023-10-07;Inativa
1959;1471;Modelo Pro c/ Impressora;2021-02-05;Ativa
1960;1471;Modelo Chip Básico;2021-02-03;Inativa
1961;1472;Modelo Chip Básico;2022-01-23;Inativa
1962;1473;Modelo Chip Básico;2022-06-07;Ativa
1963;1473;Modelo Chip Básico;2022-06-13;Ativa
1964;1474;Modelo Smart Android;2021-10-24;Ativa
1965;1475;Modelo Chip Básico;2024-07-26;Ativa
1966;1476;Modelo Pro c/ Impressora;2023-09-11;Ativa
1967;1477;Modelo Smart Android;2021-01-29;Bloqueada
1968;1478;Modelo Chip Básico;2021-04-19;Inativa
1969;1479;Modelo Pro c/ Impressora;2024-07-11;Ativa
1970;1480;Modelo Pro c/ Impressora;2022-06-14;Ativa
1971;1481;Modelo Smart Android;2024-08-02;Inativa
1972;1482;Modelo Pro c/ Impressora;2021-12-29;Ativa
1973;1483;Modelo Pro c/ Impressora;2022-11-17;Ativa
1974;1484;Modelo Chip Básico;2022-09-09;Ativa
1975;1485;Modelo Chip Básico;2022-11-28;Bloqueada
1976;1486;Modelo Chip Básico;2023-04-18;Ativa
1977;1487;Modelo Pro c/ Impressora;2023-12-25;Ativa
1978;1488;Modelo Smart Android;2021-04-07;Ativa
1979;1489;Modelo Pro c/ Impressora;2024-07-03;Ativa
1980;1490;Modelo Smart Android;2021-12-01;Ativa
1981;1491;Modelo Chip Básico;2022-08-31;Ativa
1982;1492;Modelo Chip Básico;2021-08-13;Ativa
1983;1493;Modelo Chip Básico;2023-01-15;Ativa
1984;1493;Modelo Smart Android;2023-01-15;Ativa
1985;1494;Modelo Pro c/ Impressora;2023-06-06;Ativa
1986;1495;Modelo Smart Android;2021-12-18;Ativa
1987;1496;Modelo Chip Básico;2022-01-28;Ativa
1988;1497;Modelo Chip Básico;2021-07-17;Ativa
1989;1498;Modelo Smart Android;2021-01-24;Inativa
1990;1499;Modelo Smart Android;2022-05-20;Inativa
1991;1500;Modelo Chip Básico;2021-05-25;Ativa
1992;1501;Modelo Chip Básico;2022-11-11;Bloqueada
1993;1502;Modelo Smart Android;2022-09-07;Ativa
1994;1503;Modelo Chip Básico;2024-09-12;Ativa
1995;1504;Modelo Pro c/ Impressora;2023-08-17;Ativa
1996;1504;Modelo Chip Básico;2023-08-21;Bloqueada
1997;1505;Modelo Pro c/ Impressora;2024-06-03;Ativa
1998;1506;Modelo Smart Android;2022-10-21;Ativa
1999;1507;Modelo Pro c/ Impressora;2021-04-10;Ativa
2000;1508;Modelo Chip Básico;2022-07-06;Bloqueada
2001;1509;Modelo Chip Básico;2022-05-15;Inativa
2002;1509;Modelo Smart Android;2022-05-12;Bloqueada
2003;1510;Modelo Chip Básico;2022-06-16;Ativa
2004;1510;Modelo Pro c/ Impressora;2022-06-21;Ativa
2005;1511;Modelo Chip Básico;2024-09-02;Bloqueada
2006;1512;Modelo Chip Básico;2021-08-16;Ativa
2007;1513;Modelo Chip Básico;2023-08-20;Ativa
2008;1514;Modelo Smart Android;2022-08-23;Ativa
2009;1515;Modelo Smart Android;2023-04-08;Ativa
2010;1516;Modelo Chip Básico;2021-09-23;Ativa
2011;1517;Modelo Chip Básico;2023-11-04;Inativa
2012;1518;Modelo Pro c/ Impressora;2021-01-23;Bloqueada
2013;1519;Modelo Pro c/ Impressora;2024-07-18;Inativa
2014;1519;Modelo Chip Básico;2024-07-12;Ativa
2015;1520;Modelo Pro c/ Impressora;2021-08-23;Ativa
2016;1520;Modelo Chip Básico;2021-08-17;Ativa
2017;1520;Modelo Pro c/ Impressora;2021-08-27;Bloqueada
2018;1521;Modelo Chip Básico;2021-12-26;Bloqueada
2019;1521;Modelo Chip Básico;2021-12-31;Ativa
2020;1522;Modelo Pro c/ Impressora;2023-05-03;Ativa
2021;1523;Modelo Pro c/ Impressora;2022-10-22;Ativa
2022;1524;Modelo Chip Básico;2022-08-04;Inativa
2023;1525;Modelo Chip Básico;2022-06-05;Inativa
2024;1526;Modelo Pro c/ Impressora;2021-05-06;Ativa
2025;1527;Modelo Pro c/ Impressora;2022-06-17;Bloqueada
2026;1528;Modelo Smart Android;2023-03-07;Ativa
2027;1529;Modelo Smart Android;2024-09-23;Bloqueada
2028;1530;Modelo Chip Básico;2021-03-29;Ativa
2029;1530;Modelo Pro c/ Impressora;2021-04-05;Inativa
2030;1531;Modelo Smart Android;2022-09-19;Bloqueada
2031;1532;Modelo Chip Básico;2023-06-07;Ativa
2032;1533;Modelo Chip Básico;2024-04-25;Ativa
2033;1534;Modelo Smart Android;2023-04-23;Ativa
2034;1535;Modelo Pro c/ Impressora;2024-03-18;Ativa
2035;1536;Modelo Pro c/ Impressora;2024-02-10;Ativa
2036;1536;Modelo Chip Básico;2024-02-06;Ativa
2037;1537;Modelo Smart Android;2024-07-22;Inativa
2038;1538;Modelo Chip Básico;2022-05-16;Inativa
2039;1538;Modelo Chip Básico;2022-05-06;Inativa
2040;1539;Modelo Chip Básico;2021-11-23;Inativa
2041;1540;Modelo Smart Android;2021-08-27;Bloqueada
2042;1541;Modelo Chip Básico;2023-09-01;Ativa
2043;1542;Modelo Chip Básico;2023-07-01;Inativa
2044;1543;Modelo Pro c/ Impressora;2022-02-19;Ativa
2045;1544;Modelo Chip Básico;2023-04-24;Inativa
2046;1544;Modelo Chip Básico;2023-04-16;Ativa
2047;1545;Modelo Pro c/ Impressora;2022-06-25;Ativa
2048;1545;Modelo Pro c/ Impressora;2022-06-29;Ativa
2049;1546;Modelo Chip Básico;2021-06-26;Ativa
2050;1547;Modelo Pro c/ Impressora;2022-04-13;Ativa
2051;1547;Modelo Pro c/ Impressora;2022-04-16;Ativa
2052;1547;Modelo Pro c/ Impressora;2022-04-13;Ativa
2053;1548;Modelo Chip Básico;2021-09-04;Bloqueada
2054;1549;Modelo Pro c/ Impressora;2023-11-10;Ativa
2055;1549;Modelo Chip Básico;2023-11-11;Ativa
2056;1550;Modelo Smart Android;2023-12-20;Ativa
2057;1550;Modelo Pro c/ Impressora;2023-12-21;Ativa
2058;1551;Modelo Chip Básico;2021-01-05;Ativa
2059;1552;Modelo Smart Android;2023-09-20;Ativa
2060;1553;Modelo Chip Básico;2021-04-28;Ativa
2061;1553;Modelo Chip Básico;2021-04-30;Ativa
2062;1554;Modelo Pro c/ Impressora;2021-01-19;Ativa
2063;1555;Modelo Chip Básico;2023-01-16;Ativa
2064;1556;Modelo Smart Android;2022-07-12;Ativa
2065;1557;Modelo Pro c/ Impressora;2024-03-16;Ativa
2066;1557;Modelo Smart Android;2024-03-23;Bloqueada
2067;1558;Modelo Pro c/ Impressora;2024-02-24;Ativa
2068;1559;Modelo Smart Android;2024-03-02;Ativa
2069;1560;Modelo Pro c/ Impressora;2024-09-18;Bloqueada
2070;1561;Modelo Pro c/ Impressora;2023-04-27;Ativa
2071;1562;Modelo Pro c/ Impressora;2021-05-30;Ativa
2072;1563;Modelo Chip Básico;2022-10-13;Ativa
2073;1564;Modelo Chip Básico;2021-07-06;Bloqueada
2074;1565;Modelo Smart Android;2022-07-25;Ativa
2075;1565;Modelo Chip Básico;2022-07-27;Ativa
2076;1566;Modelo Pro c/ Impressora;2021-05-12;Inativa
2077;1567;Modelo Smart Android;2022-04-12;Bloqueada
2078;1568;Modelo Smart Android;2021-11-19;Ativa
2079;1569;Modelo Smart Android;2022-09-15;Bloqueada
2080;1569;Modelo Chip Básico;2022-09-19;Bloqueada
2081;1570;Modelo Pro c/ Impressora;2021-09-09;Bloqueada
2082;1571;Modelo Pro c/ Impressora;2021-02-02;Inativa
2083;1571;Modelo Chip Básico;2021-01-26;Bloqueada
2084;1572;Modelo Pro c/ Impressora;2023-09-22;Inativa
2085;1573;Modelo Chip Básico;2022-07-26;Bloqueada
2086;1574;Modelo Pro c/ Impressora;2021-06-11;Ativa
2087;1575;Modelo Chip Básico;2021-10-27;Ativa
2088;1575;Modelo Pro c/ Impressora;2021-11-03;Ativa
2089;1576;Modelo Chip Básico;2022-01-27;Ativa
2090;1577;Modelo Pro c/ Impressora;2023-05-24;Bloqueada
2091;1578;Modelo Chip Básico;2022-11-12;Bloqueada
2092;1579;Modelo Pro c/ Impressora;2022-05-25;Bloqueada
2093;1580;Modelo Chip Básico;2021-03-07;Ativa
2094;1581;Modelo Pro c/ Impressora;2023-12-25;Ativa
2095;1581;Modelo Pro c/ Impressora;2024-01-05;Ativa
2096;1582;Modelo Chip Básico;2024-02-16;Ativa
2097;1583;Modelo Smart Android;2023-03-23;Ativa
2098;1584;Modelo Pro c/ Impressora;2024-05-11;Ativa
2099;1585;Modelo Smart Android;2024-08-11;Inativa
2100;1586;Modelo Pro c/ Impressora;2021-07-04;Ativa
2101;1587;Modelo Smart Android;2022-04-28;Ativa
2102;1588;Modelo Chip Básico;2023-10-05;Ativa
2103;1588;Modelo Pro c/ Impressora;2023-10-06;Ativa
2104;1589;Modelo Chip Básico;2021-11-04;Bloqueada
2105;1589;Modelo Chip Básico;2021-11-03;Bloqueada
2106;1590;Modelo Pro c/ Impressora;2023-02-21;Ativa
2107;1591;Modelo Smart Android;2021-07-03;Ativa
2108;1591;Modelo Chip Básico;2021-07-04;Bloqueada
2109;1592;Modelo Pro c/ Impressora;2021-08-25;Ativa
2110;1593;Modelo Chip Básico;2022-12-01;Ativa
2111;1593;Modelo Pro c/ Impressora;2022-11-19;Ativa
2112;1594;Modelo Pro c/ Impressora;2023-01-27;Ativa
2113;1595;Modelo Chip Básico;2024-05-31;Ativa
2114;1596;Modelo Chip Básico;2024-10-07;Ativa
2115;1597;Modelo Chip Básico;2024-10-25;Ativa
2116;1598;Modelo Chip Básico;2022-01-08;Bloqueada
2117;1599;Modelo Smart Android;2022-03-07;Inativa
2118;1600;Modelo Smart Android;2024-08-30;Bloqueada
2119;1600;Modelo Pro c/ Impressora;2024-09-04;Ativa
2120;1601;Modelo Chip Básico;2024-05-19;Bloqueada
2121;1602;Modelo Smart Android;2023-05-06;Ativa
2122;1603;Modelo Pro c/ Impressora;2024-10-10;Bloqueada
2123;1604;Modelo Chip Básico;2023-04-27;Ativa
2124;1605;Modelo Smart Android;2021-08-16;Ativa
2125;1606;Modelo Pro c/ Impressora;2023-01-09;Bloqueada
2126;1607;Modelo Smart Android;2021-05-25;Bloqueada
2127;1607;Modelo Pro c/ Impressora;2021-05-25;Bloqueada
2128;1608;Modelo Smart Android;2021-11-17;Inativa
2129;1608;Modelo Chip Básico;2021-11-09;Ativa
2130;1609;Modelo Chip Básico;2024-09-08;Inativa
2131;1610;Modelo Pro c/ Impressora;2023-03-11;Ativa
2132;1611;Modelo Chip Básico;2024-10-05;Ativa
2133;1612;Modelo Chip Básico;2023-04-27;Inativa
2134;1613;Modelo Pro c/ Impressora;2024-06-12;Ativa
2135;1614;Modelo Chip Básico;2023-09-23;Ativa
2136;1614;Modelo Pro c/ Impressora;2023-10-01;Ativa
2137;1615;Modelo Chip Básico;2022-04-11;Ativa
2138;1616;Modelo Chip Básico;2023-06-08;Ativa
2139;1616;Modelo Pro c/ Impressora;2023-06-05;Ativa
2140;1616;Modelo Pro c/ Impressora;2023-06-11;Ativa
2141;1617;Modelo Pro c/ Impressora;2021-05-09;Ativa
2142;1617;Modelo Chip Básico;2021-04-28;Ativa
2143;1618;Modelo Chip Básico;2022-07-07;Ativa
2144;1618;Modelo Pro c/ Impressora;2022-07-08;Inativa
2145;1619;Modelo Chip Básico;2021-09-16;Ativa
2146;1620;Modelo Chip Básico;2024-07-09;Inativa
2147;1621;Modelo Pro c/ Impressora;2023-01-29;Ativa
2148;1621;Modelo Chip Básico;2023-02-01;Bloqueada
2149;1622;Modelo Pro c/ Impressora;2023-07-01;Ativa
2150;1623;Modelo Chip Básico;2024-07-21;Ativa
2151;1624;Modelo Smart Android;2022-11-04;Ativa
2152;1625;Modelo Chip Básico;2021-06-24;Ativa
2153;1626;Modelo Pro c/ Impressora;2022-08-01;Ativa
2154;1627;Modelo Pro c/ Impressora;2023-10-19;Bloqueada
2155;1628;Modelo Smart Android;2021-02-25;Ativa
2156;1629;Modelo Pro c/ Impressora;2023-04-03;Ativa
2157;1630;Modelo Smart Android;2021-11-04;Ativa
2158;1631;Modelo Smart Android;2023-08-05;Bloqueada
2159;1632;Modelo Chip Básico;2024-06-24;Ativa
2160;1632;Modelo Chip Básico;2024-06-29;Ativa
2161;1632;Modelo Chip Básico;2024-06-16;Inativa
2162;1633;Modelo Pro c/ Impressora;2023-03-05;Bloqueada
2163;1634;Modelo Chip Básico;2022-01-16;Inativa
2164;1635;Modelo Pro c/ Impressora;2022-01-16;Bloqueada
2165;1636;Modelo Pro c/ Impressora;2021-07-22;Ativa
2166;1637;Modelo Chip Básico;2024-09-06;Bloqueada
2167;1638;Modelo Smart Android;2021-09-05;Ativa
2168;1638;Modelo Pro c/ Impressora;2021-09-06;Ativa
2169;1638;Modelo Smart Android;2021-09-06;Inativa
2170;1639;Modelo Chip Básico;2023-07-18;Ativa
2171;1639;Modelo Chip Básico;2023-07-23;Ativa
2172;1640;Modelo Smart Android;2021-07-24;Bloqueada
2173;1641;Modelo Chip Básico;2023-01-13;Bloqueada
2174;1642;Modelo Smart Android;2021-06-23;Ativa
2175;1643;Modelo Chip Básico;2021-11-25;Ativa
2176;1644;Modelo Pro c/ Impressora;2023-11-04;Ativa
2177;1645;Modelo Smart Android;2021-09-01;Bloqueada
2178;1646;Modelo Chip Básico;2022-04-08;Ativa
2179;1647;Modelo Chip Básico;2022-02-21;Ativa
2180;1648;Modelo Chip Básico;2023-10-31;Ativa
2181;1649;Modelo Chip Básico;2021-08-16;Bloqueada
2182;1650;Modelo Chip Básico;2021-06-03;Inativa
2183;1651;Modelo Chip Básico;2024-11-11;Ativa
2184;1652;Modelo Chip Básico;2024-07-24;Bloqueada
2185;1652;Modelo Smart Android;2024-07-28;Bloqueada
2186;1653;Modelo Chip Básico;2021-05-30;Ativa
2187;1654;Modelo Chip Básico;2021-11-18;Inativa
2188;1655;Modelo Chip Básico;2022-06-03;Ativa
2189;1655;Modelo Smart Android;2022-06-13;Ativa
2190;1656;Modelo Chip Básico;2022-06-11;Ativa
2191;1657;Modelo Chip Básico;2022-12-20;Inativa
2192;1657;Modelo Pro c/ Impressora;2022-12-16;Ativa
2193;1658;Modelo Pro c/ Impressora;2023-11-02;Ativa
2194;1658;Modelo Chip Básico;2023-10-31;Inativa
2195;1659;Modelo Chip Básico;2022-05-11;Inativa
2196;1659;Modelo Chip Básico;2022-05-11;Ativa
2197;1660;Modelo Pro c/ Impressora;2021-01-16;Ativa
2198;1661;Modelo Pro c/ Impressora;2022-06-21;Ativa
2199;1662;Modelo Pro c/ Impressora;2022-07-05;Bloqueada
2200;1663;Modelo Chip Básico;2021-09-01;Ativa
2201;1663;Modelo Chip Básico;2021-08-28;Ativa
2202;1664;Modelo Pro c/ Impressora;2023-12-21;Ativa
2203;1665;Modelo Pro c/ Impressora;2022-01-20;Ativa
2204;1665;Modelo Smart Android;2022-01-17;Ativa
2205;1665;Modelo Chip Básico;2022-01-13;Inativa
2206;1666;Modelo Pro c/ Impressora;2023-12-13;Ativa
2207;1667;Modelo Smart Android;2023-03-10;Ativa
2208;1668;Modelo Pro c/ Impressora;2023-10-25;Ativa
2209;1669;Modelo Pro c/ Impressora;2021-07-05;Ativa
2210;1669;Modelo Pro c/ Impressora;2021-07-11;Inativa
2211;1670;Modelo Pro c/ Impressora;2023-04-27;Ativa
2212;1670;Modelo Pro c/ Impressora;2023-05-05;Ativa
2213;1671;Modelo Chip Básico;2023-05-27;Ativa
2214;1671;Modelo Chip Básico;2023-05-31;Ativa
2215;1672;Modelo Chip Básico;2021-02-11;Ativa
2216;1673;Modelo Chip Básico;2023-10-05;Ativa
2217;1674;Modelo Chip Básico;2022-06-23;Inativa
2218;1675;Modelo Chip Básico;2022-04-18;Bloqueada
2219;1675;Modelo Chip Básico;2022-04-17;Ativa
2220;1675;Modelo Chip Básico;2022-04-30;Inativa
2221;1676;Modelo Pro c/ Impressora;2024-03-02;Ativa
2222;1676;Modelo Smart Android;2024-03-10;Ativa
2223;1676;Modelo Smart Android;2024-03-01;Ativa
2224;1677;Modelo Chip Básico;2022-10-26;Bloqueada
2225;1678;Modelo Chip Básico;2023-01-22;Bloqueada
2226;1679;Modelo Smart Android;2024-05-14;Ativa
2227;1680;Modelo Smart Android;2024-07-15;Ativa
2228;1680;Modelo Pro c/ Impressora;2024-07-12;Ativa
2229;1681;Modelo Chip Básico;2021-05-04;Ativa
2230;1682;Modelo Pro c/ Impressora;2022-03-01;Inativa
2231;1682;Modelo Pro c/ Impressora;2022-02-21;Ativa
2232;1683;Modelo Chip Básico;2021-11-03;Bloqueada
2233;1683;Modelo Chip Básico;2021-11-01;Ativa
2234;1683;Modelo Chip Básico;2021-11-05;Inativa
2235;1684;Modelo Pro c/ Impressora;2022-05-24;Ativa
2236;1685;Modelo Smart Android;2023-03-21;Ativa
2237;1686;Modelo Chip Básico;2021-08-13;Bloqueada
2238;1687;Modelo Pro c/ Impressora;2023-05-28;Inativa
2239;1688;Modelo Chip Básico;2024-06-27;Ativa
2240;1688;Modelo Chip Básico;2024-06-30;Ativa
2241;1689;Modelo Chip Básico;2021-02-28;Ativa
2242;1690;Modelo Chip Básico;2024-11-01;Bloqueada
2243;1691;Modelo Chip Básico;2024-01-12;Ativa
2244;1692;Modelo Chip Básico;2024-06-17;Ativa
2245;1692;Modelo Chip Básico;2024-06-09;Inativa
2246;1693;Modelo Smart Android;2021-09-18;Ativa
2247;1694;Modelo Pro c/ Impressora;2023-10-18;Bloqueada
2248;1695;Modelo Pro c/ Impressora;2023-01-24;Ativa
2249;1696;Modelo Chip Básico;2024-06-26;Inativa
2250;1697;Modelo Pro c/ Impressora;2023-09-13;Ativa
2251;1698;Modelo Chip Básico;2022-11-28;Ativa
2252;1699;Modelo Pro c/ Impressora;2021-04-30;Ativa
2253;1700;Modelo Chip Básico;2022-01-04;Ativa
2254;1701;Modelo Chip Básico;2022-11-05;Ativa
2255;1702;Modelo Chip Básico;2021-10-30;Ativa
2256;1702;Modelo Pro c/ Impressora;2021-10-28;Ativa
2257;1703;Modelo Chip Básico;2023-09-06;Ativa
2258;1703;Modelo Chip Básico;2023-09-03;Ativa
2259;1703;Modelo Smart Android;2023-09-05;Ativa
2260;1703;Modelo Chip Básico;2023-09-05;Ativa
2261;1704;Modelo Chip Básico;2024-08-11;Ativa
2262;1705;Modelo Chip Básico;2024-02-05;Ativa
2263;1705;Modelo Pro c/ Impressora;2024-01-31;Inativa
2264;1705;Modelo Pro c/ Impressora;2024-02-06;Bloqueada
2265;1705;Modelo Smart Android;2024-02-02;Ativa
2266;1705;Modelo Chip Básico;2024-01-27;Ativa
2267;1706;Modelo Pro c/ Impressora;2024-08-07;Ativa
2268;1707;Modelo Smart Android;2023-07-17;Ativa
2269;1707;Modelo Smart Android;2023-07-17;Ativa
2270;1707;Modelo Chip Básico;2023-07-25;Ativa
2271;1707;Modelo Chip Básico;2023-07-16;Ativa
2272;1708;Modelo Chip Básico;2023-08-09;Bloqueada
2273;1709;Modelo Pro c/ Impressora;2021-03-16;Bloqueada
2274;1710;Modelo Smart Android;2021-02-20;Ativa
2275;1711;Modelo Pro c/ Impressora;2021-12-07;Ativa
2276;1712;Modelo Chip Básico;2023-04-03;Ativa
2277;1713;Modelo Chip Básico;2023-03-23;Inativa
2278;1714;Modelo Pro c/ Impressora;2022-06-11;Bloqueada
2279;1714;Modelo Pro c/ Impressora;2022-06-07;Inativa
2280;1715;Modelo Pro c/ Impressora;2021-11-21;Ativa
2281;1716;Modelo Chip Básico;2024-03-22;Ativa
2282;1717;Modelo Pro c/ Impressora;2024-06-19;Ativa
2283;1718;Modelo Pro c/ Impressora;2021-06-19;Inativa
2284;1719;Modelo Chip Básico;2023-01-15;Bloqueada
2285;1720;Modelo Chip Básico;2022-07-13;Inativa
2286;1721;Modelo Pro c/ Impressora;2021-11-12;Ativa
2287;1722;Modelo Smart Android;2024-01-15;Bloqueada
2288;1723;Modelo Pro c/ Impressora;2023-04-10;Ativa
2289;1724;Modelo Pro c/ Impressora;2024-04-02;Ativa
2290;1725;Modelo Pro c/ Impressora;2023-11-22;Ativa
2291;1726;Modelo Smart Android;2022-01-06;Ativa
2292;1727;Modelo Smart Android;2021-12-14;Ativa
2293;1728;Modelo Chip Básico;2021-05-10;Bloqueada
2294;1729;Modelo Chip Básico;2021-05-03;Ativa
2295;1730;Modelo Pro c/ Impressora;2023-12-12;Inativa
2296;1731;Modelo Pro c/ Impressora;2024-10-09;Bloqueada
2297;1732;Modelo Chip Básico;2021-12-02;Ativa
2298;1733;Modelo Chip Básico;2021-03-11;Ativa
2299;1734;Modelo Pro c/ Impressora;2022-06-25;Bloqueada
2300;1734;Modelo Smart Android;2022-06-27;Bloqueada
2301;1735;Modelo Chip Básico;2023-09-06;Ativa
2302;1735;Modelo Pro c/ Impressora;2023-09-07;Ativa
2303;1736;Modelo Chip Básico;2022-04-24;Ativa
2304;1737;Modelo Pro c/ Impressora;2021-01-19;Ativa
2305;1738;Modelo Pro c/ Impressora;2023-02-26;Bloqueada
2306;1739;Modelo Chip Básico;2023-05-06;Ativa
2307;1740;Modelo Chip Básico;2021-10-28;Ativa
2308;1740;Modelo Pro c/ Impressora;2021-10-21;Bloqueada
2309;1741;Modelo Pro c/ Impressora;2022-04-15;Ativa
2310;1742;Modelo Smart Android;2023-04-28;Ativa
2311;1743;Modelo Pro c/ Impressora;2022-10-09;Ativa
2312;1744;Modelo Pro c/ Impressora;2023-04-21;Ativa
2313;1745;Modelo Pro c/ Impressora;2021-09-22;Ativa
2314;1746;Modelo Pro c/ Impressora;2023-03-25;Ativa
2315;1746;Modelo Smart Android;2023-04-03;Ativa
2316;1747;Modelo Chip Básico;2024-05-11;Inativa
2317;1747;Modelo Smart Android;2024-05-07;Ativa
2318;1748;Modelo Smart Android;2021-03-04;Ativa
2319;1749;Modelo Chip Básico;2024-04-25;Ativa
2320;1750;Modelo Smart Android;2021-02-25;Ativa
2321;1751;Modelo Chip Básico;2023-01-18;Inativa
2322;1751;Modelo Pro c/ Impressora;2023-01-18;Ativa
2323;1752;Modelo Pro c/ Impressora;2024-08-19;Ativa
2324;1753;Modelo Pro c/ Impressora;2022-01-12;Ativa
2325;1754;Modelo Smart Android;2023-09-21;Ativa
2326;1754;Modelo Pro c/ Impressora;2023-09-23;Ativa
2327;1754;Modelo Chip Básico;2023-09-29;Ativa
2328;1755;Modelo Pro c/ Impressora;2021-09-18;Inativa
2329;1756;Modelo Smart Android;2021-04-21;Ativa
2330;1757;Modelo Chip Básico;2022-06-18;Inativa
2331;1757;Modelo Smart Android;2022-06-15;Inativa
2332;1758;Modelo Pro c/ Impressora;2023-05-17;Ativa
2333;1759;Modelo Chip Básico;2024-01-05;Ativa
2334;1759;Modelo Pro c/ Impressora;2024-01-05;Ativa
2335;1760;Modelo Smart Android;2024-10-17;Ativa
2336;1761;Modelo Smart Android;2021-04-20;Ativa
2337;1762;Modelo Chip Básico;2024-03-30;Ativa
2338;1763;Modelo Smart Android;2024-01-28;Ativa
2339;1764;Modelo Chip Básico;2021-09-09;Inativa
2340;1765;Modelo Pro c/ Impressora;2021-04-21;Inativa
2341;1766;Modelo Pro c/ Impressora;2023-08-21;Inativa
2342;1767;Modelo Chip Básico;2023-09-08;Inativa
2343;1768;Modelo Chip Básico;2023-05-12;Inativa
2344;1768;Modelo Pro c/ Impressora;2023-05-11;Ativa
2345;1769;Modelo Chip Básico;2023-09-27;Inativa
2346;1770;Modelo Smart Android;2021-07-30;Ativa
2347;1771;Modelo Chip Básico;2022-07-10;Ativa
2348;1771;Modelo Pro c/ Impressora;2022-07-14;Ativa
2349;1772;Modelo Pro c/ Impressora;2021-03-15;Ativa
2350;1773;Modelo Pro c/ Impressora;2022-08-05;Inativa
2351;1774;Modelo Pro c/ Impressora;2024-06-30;Ativa
2352;1774;Modelo Smart Android;2024-06-26;Ativa
2353;1775;Modelo Pro c/ Impressora;2023-07-18;Ativa
2354;1776;Modelo Chip Básico;2024-08-30;Inativa
2355;1777;Modelo Pro c/ Impressora;2022-05-04;Ativa
2356;1778;Modelo Chip Básico;2021-07-18;Ativa
2357;1779;Modelo Chip Básico;2021-02-11;Ativa
2358;1780;Modelo Pro c/ Impressora;2023-09-12;Ativa
2359;1781;Modelo Chip Básico;2021-11-22;Ativa
2360;1781;Modelo Chip Básico;2021-11-12;Ativa
2361;1782;Modelo Chip Básico;2021-01-06;Ativa
2362;1783;Modelo Chip Básico;2021-05-26;Ativa
2363;1784;Modelo Chip Básico;2022-08-14;Ativa
2364;1785;Modelo Chip Básico;2021-07-21;Ativa
2365;1786;Modelo Chip Básico;2023-03-12;Ativa
2366;1787;Modelo Smart Android;2021-02-08;Ativa
2367;1787;Modelo Chip Básico;2021-02-06;Inativa
2368;1788;Modelo Pro c/ Impressora;2022-08-05;Ativa
2369;1788;Modelo Pro c/ Impressora;2022-08-06;Inativa
2370;1789;Modelo Smart Android;2024-06-24;Bloqueada
2371;1790;Modelo Pro c/ Impressora;2022-07-13;Ativa
2372;1790;Modelo Smart Android;2022-07-11;Ativa
2373;1791;Modelo Chip Básico;2023-03-13;Ativa
2374;1792;Modelo Pro c/ Impressora;2024-05-18;Bloqueada
2375;1793;Modelo Smart Android;2024-04-17;Ativa
2376;1794;Modelo Smart Android;2021-06-27;Ativa
2377;1795;Modelo Pro c/ Impressora;2024-02-02;Inativa
2378;1796;Modelo Chip Básico;2021-12-11;Ativa
2379;1797;Modelo Chip Básico;2024-06-06;Ativa
2380;1798;Modelo Smart Android;2024-08-09;Bloqueada
2381;1799;Modelo Pro c/ Impressora;2021-01-17;Inativa
2382;1799;Modelo Chip Básico;2021-01-18;Bloqueada
2383;1800;Modelo Pro c/ Impressora;2024-04-26;Inativa
2384;1801;Modelo Pro c/ Impressora;2021-11-25;Inativa
2385;1802;Modelo Chip Básico;2023-09-16;Ativa
2386;1802;Modelo Pro c/ Impressora;2023-09-16;Ativa
2387;1803;Modelo Pro c/ Impressora;2021-08-26;Ativa
2388;1804;Modelo Smart Android;2023-10-21;Ativa
2389;1805;Modelo Chip Básico;2024-07-26;Ativa
2390;1806;Modelo Pro c/ Impressora;2023-10-01;Ativa
2391;1807;Modelo Chip Básico;2024-07-30;Bloqueada
2392;1808;Modelo Pro c/ Impressora;2024-06-30;Inativa
2393;1809;Modelo Chip Básico;2021-08-20;Ativa
2394;1809;Modelo Pro c/ Impressora;2021-08-20;Ativa
2395;1810;Modelo Chip Básico;2022-02-04;Ativa
2396;1811;Modelo Pro c/ Impressora;2024-06-18;Ativa
2397;1812;Modelo Pro c/ Impressora;2021-05-23;Ativa
2398;1813;Modelo Pro c/ Impressora;2023-12-11;Ativa
2399;1813;Modelo Smart Android;2023-12-06;Ativa
2400;1813;Modelo Chip Básico;2023-12-07;Bloqueada
2401;1814;Modelo Smart Android;2021-12-13;Inativa
2402;1815;Modelo Pro c/ Impressora;2023-02-24;Ativa
2403;1816;Modelo Pro c/ Impressora;2024-10-09;Bloqueada
2404;1816;Modelo Pro c/ Impressora;2024-10-11;Bloqueada
2405;1817;Modelo Pro c/ Impressora;2023-08-17;Inativa
2406;1818;Modelo Chip Básico;2023-06-08;Bloqueada
2407;1819;Modelo Pro c/ Impressora;2021-06-10;Bloqueada
2408;1820;Modelo Chip Básico;2024-08-06;Ativa
2409;1820;Modelo Chip Básico;2024-07-26;Inativa
2410;1821;Modelo Pro c/ Impressora;2024-04-02;Ativa
2411;1822;Modelo Smart Android;2024-06-28;Ativa
2412;1823;Modelo Chip Básico;2023-09-20;Bloqueada
2413;1823;Modelo Pro c/ Impressora;2023-09-16;Ativa
2414;1824;Modelo Smart Android;2023-04-20;Ativa
2415;1825;Modelo Chip Básico;2023-11-27;Inativa
2416;1826;Modelo Pro c/ Impressora;2023-07-30;Inativa
2417;1827;Modelo Smart Android;2024-08-30;Inativa
2418;1828;Modelo Pro c/ Impressora;2024-01-09;Ativa
2419;1829;Modelo Pro c/ Impressora;2021-07-29;Ativa
2420;1830;Modelo Smart Android;2021-11-26;Ativa
2421;1830;Modelo Chip Básico;2021-11-21;Ativa
2422;1831;Modelo Chip Básico;2023-11-19;Bloqueada
2423;1832;Modelo Smart Android;2022-06-17;Inativa
2424;1832;Modelo Chip Básico;2022-06-18;Ativa
2425;1832;Modelo Pro c/ Impressora;2022-06-16;Bloqueada
2426;1833;Modelo Pro c/ Impressora;2022-12-03;Ativa
2427;1834;Modelo Smart Android;2022-07-11;Ativa
2428;1835;Modelo Smart Android;2023-04-26;Bloqueada
2429;1836;Modelo Smart Android;2021-12-29;Ativa
2430;1837;Modelo Chip Básico;2023-05-07;Inativa
2431;1838;Modelo Chip Básico;2024-08-04;Ativa
2432;1839;Modelo Chip Básico;2023-07-26;Inativa
2433;1839;Modelo Smart Android;2023-07-21;Bloqueada
2434;1840;Modelo Smart Android;2022-06-06;Ativa
2435;1840;Modelo Chip Básico;2022-06-08;Ativa
2436;1841;Modelo Chip Básico;2023-04-03;Ativa
2437;1842;Modelo Smart Android;2021-06-09;Ativa
2438;1843;Modelo Chip Básico;2023-11-08;Ativa
2439;1844;Modelo Chip Básico;2021-01-20;Ativa
2440;1845;Modelo Chip Básico;2024-08-08;Ativa
2441;1846;Modelo Chip Básico;2021-11-09;Inativa
2442;1847;Modelo Chip Básico;2022-02-28;Ativa
2443;1847;Modelo Chip Básico;2022-03-03;Ativa
2444;1848;Modelo Pro c/ Impressora;2022-04-01;Ativa
2445;1849;Modelo Pro c/ Impressora;2024-10-02;Bloqueada
2446;1850;Modelo Chip Básico;2021-03-06;Ativa
2447;1850;Modelo Pro c/ Impressora;2021-02-24;Ativa
2448;1851;Modelo Chip Básico;2023-12-30;Ativa
2449;1852;Modelo Chip Básico;2022-11-06;Ativa
2450;1853;Modelo Smart Android;2021-05-22;Ativa
2451;1854;Modelo Chip Básico;2022-07-16;Bloqueada
2452;1855;Modelo Chip Básico;2023-11-10;Ativa
2453;1856;Modelo Chip Básico;2021-07-17;Bloqueada
2454;1856;Modelo Smart Android;2021-07-18;Ativa
2455;1856;Modelo Smart Android;2021-07-27;Ativa
2456;1857;Modelo Smart Android;2021-06-11;Ativa
2457;1858;Modelo Smart Android;2023-08-14;Ativa
2458;1859;Modelo Chip Básico;2024-06-09;Bloqueada
2459;1860;Modelo Chip Básico;2024-10-04;Ativa
2460;1861;Modelo Chip Básico;2021-12-26;Ativa
2461;1862;Modelo Chip Básico;2023-06-14;Ativa
2462;1862;Modelo Smart Android;2023-06-17;Ativa
2463;1863;Modelo Smart Android;2024-03-21;Bloqueada
2464;1864;Modelo Pro c/ Impressora;2022-03-24;Inativa
2465;1864;Modelo Smart Android;2022-03-14;Ativa
2466;1864;Modelo Pro c/ Impressora;2022-03-22;Bloqueada
2467;1864;Modelo Pro c/ Impressora;2022-03-16;Ativa
2468;1865;Modelo Pro c/ Impressora;2022-06-04;Ativa
2469;1866;Modelo Pro c/ Impressora;2022-09-23;Ativa
2470;1867;Modelo Pro c/ Impressora;2023-05-25;Ativa
2471;1867;Modelo Pro c/ Impressora;2023-05-24;Ativa
2472;1868;Modelo Pro c/ Impressora;2021-09-01;Bloqueada
2473;1868;Modelo Smart Android;2021-09-01;Ativa
2474;1868;Modelo Smart Android;2021-09-06;Ativa
2475;1869;Modelo Chip Básico;2024-09-01;Inativa
2476;1869;Modelo Chip Básico;2024-08-24;Ativa
2477;1870;Modelo Chip Básico;2023-08-29;Ativa
2478;1871;Modelo Chip Básico;2021-04-01;Bloqueada
2479;1872;Modelo Chip Básico;2021-05-12;Ativa
2480;1873;Modelo Smart Android;2023-03-08;Ativa
2481;1874;Modelo Smart Android;2024-09-23;Ativa
2482;1875;Modelo Chip Básico;2022-07-27;Ativa
2483;1876;Modelo Pro c/ Impressora;2024-02-01;Inativa
2484;1877;Modelo Pro c/ Impressora;2021-07-07;Ativa
2485;1877;Modelo Smart Android;2021-07-10;Ativa
2486;1877;Modelo Smart Android;2021-07-02;Inativa
2487;1878;Modelo Smart Android;2022-09-02;Bloqueada
2488;1879;Modelo Pro c/ Impressora;2022-12-07;Ativa
2489;1879;Modelo Chip Básico;2022-12-13;Inativa
2490;1879;Modelo Chip Básico;2022-12-11;Ativa
2491;1879;Modelo Chip Básico;2022-12-10;Ativa
2492;1879;Modelo Pro c/ Impressora;2022-12-15;Ativa
2493;1880;Modelo Pro c/ Impressora;2021-04-22;Ativa
2494;1881;Modelo Chip Básico;2021-11-10;Ativa
2495;1882;Modelo Pro c/ Impressora;2023-07-04;Ativa
2496;1883;Modelo Chip Básico;2024-01-23;Bloqueada
2497;1884;Modelo Chip Básico;2021-02-18;Inativa
2498;1884;Modelo Pro c/ Impressora;2021-02-14;Ativa
2499;1885;Modelo Pro c/ Impressora;2023-03-21;Inativa
2500;1886;Modelo Pro c/ Impressora;2024-03-02;Ativa
2501;1886;Modelo Chip Básico;2024-03-13;Ativa
2502;1887;Modelo Chip Básico;2023-01-30;Inativa
2503;1887;Modelo Smart Android;2023-02-08;Bloqueada
2504;1888;Modelo Pro c/ Impressora;2024-08-04;Inativa
2505;1889;Modelo Chip Básico;2024-07-13;Bloqueada
2506;1890;Modelo Chip Básico;2021-01-31;Inativa
2507;1890;Modelo Chip Básico;2021-02-07;Ativa
2508;1891;Modelo Chip Básico;2022-12-24;Ativa
2509;1892;Modelo Chip Básico;2024-04-29;Ativa
2510;1893;Modelo Pro c/ Impressora;2024-11-13;Ativa
2511;1893;Modelo Chip Básico;2024-11-10;Ativa
2512;1894;Modelo Pro c/ Impressora;2023-02-15;Inativa
2513;1895;Modelo Chip Básico;2021-12-13;Bloqueada
2514;1896;Modelo Smart Android;2023-09-01;Inativa
2515;1896;Modelo Chip Básico;2023-09-02;Ativa
2516;1897;Modelo Smart Android;2024-02-12;Ativa
2517;1898;Modelo Pro c/ Impressora;2021-06-07;Ativa
2518;1899;Modelo Pro c/ Impressora;2023-01-21;Ativa
2519;1899;Modelo Pro c/ Impressora;2023-01-16;Ativa
2520;1900;Modelo Pro c/ Impressora;2022-12-21;Ativa
2521;1900;Modelo Smart Android;2022-12-09;Ativa
2522;1901;Modelo Chip Básico;2021-11-21;Inativa
2523;1901;Modelo Chip Básico;2021-11-08;Ativa
2524;1902;Modelo Chip Básico;2024-01-26;Inativa
2525;1902;Modelo Pro c/ Impressora;2024-01-21;Ativa
2526;1903;Modelo Pro c/ Impressora;2021-09-06;Inativa
2527;1904;Modelo Chip Básico;2021-12-25;Ativa
2528;1905;Modelo Chip Básico;2024-08-31;Inativa
2529;1905;Modelo Pro c/ Impressora;2024-08-19;Ativa
2530;1906;Modelo Chip Básico;2024-02-05;Inativa
2531;1907;Modelo Chip Básico;2021-06-09;Ativa
2532;1908;Modelo Pro c/ Impressora;2022-05-23;Ativa
2533;1909;Modelo Pro c/ Impressora;2021-02-04;Ativa
2534;1910;Modelo Pro c/ Impressora;2023-01-18;Inativa
2535;1911;Modelo Pro c/ Impressora;2021-03-29;Ativa
2536;1911;Modelo Chip Básico;2021-04-06;Ativa
2537;1912;Modelo Chip Básico;2022-08-01;Ativa
2538;1913;Modelo Pro c/ Impressora;2023-07-04;Ativa
2539;1914;Modelo Smart Android;2022-01-02;Inativa
2540;1914;Modelo Pro c/ Impressora;2022-01-01;Ativa
2541;1915;Modelo Pro c/ Impressora;2022-06-27;Ativa
2542;1916;Modelo Smart Android;2023-08-18;Bloqueada
2543;1917;Modelo Chip Básico;2024-04-17;Inativa
2544;1918;Modelo Pro c/ Impressora;2022-03-12;Ativa
2545;1918;Modelo Pro c/ Impressora;2022-03-05;Ativa
2546;1919;Modelo Smart Android;2021-04-19;Bloqueada
2547;1920;Modelo Smart Android;2022-11-07;Ativa
2548;1921;Modelo Pro c/ Impressora;2021-10-22;Ativa
2549;1922;Modelo Pro c/ Impressora;2022-04-04;Ativa
2550;1923;Modelo Smart Android;2022-08-11;Bloqueada
2551;1924;Modelo Chip Básico;2021-06-18;Ativa
2552;1925;Modelo Pro c/ Impressora;2024-07-23;Bloqueada
2553;1926;Modelo Chip Básico;2024-10-27;Inativa
2554;1926;Modelo Chip Básico;2024-10-29;Ativa
2555;1927;Modelo Pro c/ Impressora;2021-02-28;Ativa
2556;1927;Modelo Chip Básico;2021-03-05;Ativa
2557;1927;Modelo Pro c/ Impressora;2021-03-05;Ativa
2558;1928;Modelo Chip Básico;2022-05-19;Ativa
2559;1929;Modelo Pro c/ Impressora;2021-10-02;Ativa
2560;1930;Modelo Pro c/ Impressora;2021-07-16;Bloqueada
2561;1930;Modelo Pro c/ Impressora;2021-07-22;Ativa
2562;1931;Modelo Chip Básico;2021-05-10;Ativa
2563;1932;Modelo Smart Android;2024-03-05;Ativa
2564;1933;Modelo Pro c/ Impressora;2023-02-01;Inativa
2565;1934;Modelo Smart Android;2021-08-20;Bloqueada
2566;1935;Modelo Pro c/ Impressora;2023-03-11;Ativa
2567;1936;Modelo Pro c/ Impressora;2021-02-25;Ativa
2568;1937;Modelo Pro c/ Impressora;2022-06-13;Ativa
2569;1938;Modelo Pro c/ Impressora;2021-10-04;Ativa
2570;1939;Modelo Chip Básico;2022-09-13;Bloqueada
2571;1940;Modelo Pro c/ Impressora;2024-07-18;Ativa
2572;1941;Modelo Chip Básico;2024-09-16;Ativa
2573;1942;Modelo Chip Básico;2023-12-15;Ativa
2574;1943;Modelo Pro c/ Impressora;2023-10-29;Ativa
2575;1943;Modelo Pro c/ Impressora;2023-10-20;Ativa
2576;1944;Modelo Chip Básico;2023-10-21;Ativa
2577;1944;Modelo Chip Básico;2023-10-17;Ativa
2578;1945;Modelo Pro c/ Impressora;2024-02-10;Bloqueada
2579;1946;Modelo Chip Básico;2024-01-23;Ativa
2580;1947;Modelo Pro c/ Impressora;2021-01-30;Bloqueada
2581;1948;Modelo Smart Android;2021-06-03;Bloqueada
2582;1949;Modelo Pro c/ Impressora;2024-08-31;Inativa
2583;1950;Modelo Smart Android;2021-06-05;Bloqueada
2584;1950;Modelo Chip Básico;2021-05-28;Ativa
2585;1951;Modelo Pro c/ Impressora;2021-01-27;Inativa
2586;1951;Modelo Chip Básico;2021-01-22;Inativa
2587;1952;Modelo Chip Básico;2021-12-01;Inativa
2588;1952;Modelo Chip Básico;2021-11-29;Bloqueada
2589;1953;Modelo Pro c/ Impressora;2022-08-24;Ativa
2590;1954;Modelo Chip Básico;2022-04-17;Ativa
2591;1954;Modelo Smart Android;2022-04-15;Ativa
2592;1955;Modelo Pro c/ Impressora;2023-03-31;Ativa
2593;1955;Modelo Pro c/ Impressora;2023-04-02;Ativa
2594;1956;Modelo Pro c/ Impressora;2023-04-27;Bloqueada
2595;1957;Modelo Chip Básico;2024-01-05;Ativa
2596;1958;Modelo Pro c/ Impressora;2021-02-09;Ativa
2597;1959;Modelo Chip Básico;2022-05-19;Ativa
2598;1959;Modelo Pro c/ Impressora;2022-05-22;Ativa
2599;1960;Modelo Chip Básico;2022-03-27;Ativa
2600;1961;Modelo Chip Básico;2024-10-22;Ativa
2601;1962;Modelo Chip Básico;2024-05-22;Ativa
2602;1962;Modelo Pro c/ Impressora;2024-05-16;Bloqueada
2603;1963;Modelo Pro c/ Impressora;2023-03-16;Bloqueada
2604;1964;Modelo Chip Básico;2023-03-15;Ativa
2605;1965;Modelo Smart Android;2022-05-18;Ativa
2606;1966;Modelo Smart Android;2021-07-27;Ativa
2607;1966;Modelo Chip Básico;2021-07-28;Ativa
2608;1967;Modelo Pro c/ Impressora;2021-10-07;Ativa
2609;1967;Modelo Smart Android;2021-10-08;Inativa
2610;1967;Modelo Pro c/ Impressora;2021-10-10;Ativa
2611;1968;Modelo Pro c/ Impressora;2021-08-05;Bloqueada
2612;1969;Modelo Smart Android;2023-03-05;Ativa
2613;1970;Modelo Pro c/ Impressora;2021-11-06;Ativa
2614;1970;Modelo Chip Básico;2021-11-10;Ativa
2615;1971;Modelo Pro c/ Impressora;2022-12-08;Ativa
2616;1972;Modelo Pro c/ Impressora;2023-07-10;Ativa
2617;1973;Modelo Chip Básico;2023-04-25;Ativa
2618;1973;Modelo Chip Básico;2023-04-26;Inativa
2619;1973;Modelo Chip Básico;2023-05-04;Ativa
2620;1974;Modelo Smart Android;2021-09-12;Inativa
2621;1974;Modelo Pro c/ Impressora;2021-09-08;Bloqueada
2622;1974;Modelo Pro c/ Impressora;2021-08-30;Ativa
2623;1975;Modelo Pro c/ Impressora;2022-01-14;Bloqueada
2624;1976;Modelo Chip Básico;2023-04-29;Inativa
2625;1977;Modelo Pro c/ Impressora;2023-03-06;Bloqueada
2626;1978;Modelo Pro c/ Impressora;2021-12-03;Bloqueada
2627;1979;Modelo Pro c/ Impressora;2023-10-01;Inativa
2628;1980;Modelo Pro c/ Impressora;2021-12-15;Ativa
2629;1981;Modelo Smart Android;2024-01-06;Ativa
2630;1981;Modelo Pro c/ Impressora;2024-01-05;Bloqueada
2631;1982;Modelo Pro c/ Impressora;2022-08-29;Ativa
2632;1983;Modelo Pro c/ Impressora;2021-04-25;Ativa
2633;1984;Modelo Pro c/ Impressora;2022-04-30;Ativa
2634;1985;Modelo Pro c/ Impressora;2021-01-26;Bloqueada
2635;1985;Modelo Pro c/ Impressora;2021-02-01;Ativa
2636;1986;Modelo Smart Android;2021-07-25;Bloqueada
2637;1986;Modelo Chip Básico;2021-07-24;Ativa
2638;1987;Modelo Smart Android;2021-07-17;Ativa
2639;1987;Modelo Chip Básico;2021-07-28;Ativa
2640;1987;Modelo Pro c/ Impressora;2021-07-27;Ativa
2641;1988;Modelo Pro c/ Impressora;2021-06-24;Ativa
2642;1988;Modelo Pro c/ Impressora;2021-06-17;Inativa
2643;1989;Modelo Pro c/ Impressora;2021-11-24;Ativa
2644;1990;Modelo Smart Android;2022-02-28;Ativa
2645;1991;Modelo Pro c/ Impressora;2023-06-26;Ativa
2646;1991;Modelo Smart Android;2023-06-15;Ativa
2647;1992;Modelo Pro c/ Impressora;2023-05-16;Bloqueada
2648;1993;Modelo Smart Android;2023-10-18;Inativa
2649;1994;Modelo Smart Android;2024-07-05;Ativa
2650;1995;Modelo Chip Básico;2021-10-08;Ativa
2651;1996;Modelo Chip Básico;2024-07-09;Ativa
2652;1997;Modelo Pro c/ Impressora;2022-12-09;Ativa
2653;1998;Modelo Chip Básico;2022-01-29;Ativa
2654;1999;Modelo Chip Básico;2024-03-08;Bloqueada
2655;2000;Modelo Pro c/ Impressora;2024-08-11;Ativa
2656;2000;Modelo Smart Android;2024-08-12;Bloqueada
2657;2000;Modelo Chip Básico;2024-08-07;Inativa
2658;2000;Modelo Chip Básico;2024-08-12;Ativa
2659;2001;Modelo Pro c/ Impressora;2023-07-28;Inativa
2660;2002;Modelo Smart Android;2021-01-13;Inativa
2661;2003;Modelo Pro c/ Impressora;2021-04-10;Ativa
2662;2003;Modelo Chip Básico;2021-03-31;Ativa
2663;2004;Modelo Pro c/ Impressora;2022-02-23;Ativa
2664;2004;Modelo Chip Básico;2022-02-23;Ativa
2665;2005;Modelo Pro c/ Impressora;2023-05-11;Ativa
2666;2006;Modelo Chip Básico;2024-07-07;Ativa
2667;2007;Modelo Chip Básico;2023-01-04;Ativa
2668;2008;Modelo Smart Android;2024-07-15;Ativa
2669;2009;Modelo Pro c/ Impressora;2024-07-06;Ativa
2670;2010;Modelo Chip Básico;2021-06-14;Ativa
2671;2010;Modelo Smart Android;2021-06-06;Ativa
2672;2011;Modelo Chip Básico;2023-07-29;Ativa
2673;2012;Modelo Chip Básico;2022-07-10;Ativa
2674;2012;Modelo Chip Básico;2022-07-08;Inativa
2675;2013;Modelo Chip Básico;2021-09-30;Ativa
2676;2013;Modelo Chip Básico;2021-09-27;Ativa
2677;2014;Modelo Pro c/ Impressora;2021-02-18;Ativa
2678;2014;Modelo Pro c/ Impressora;2021-02-21;Ativa
2679;2015;Modelo Chip Básico;2022-04-18;Ativa
2680;2015;Modelo Smart Android;2022-04-10;Ativa
2681;2016;Modelo Pro c/ Impressora;2023-04-25;Inativa
2682;2017;Modelo Chip Básico;2022-05-08;Ativa
2683;2018;Modelo Smart Android;2024-02-26;Ativa
2684;2019;Modelo Chip Básico;2021-01-27;Ativa
2685;2020;Modelo Chip Básico;2021-05-22;Ativa
2686;2021;Modelo Pro c/ Impressora;2021-04-29;Ativa
2687;2022;Modelo Smart Android;2021-11-15;Inativa
2688;2023;Modelo Smart Android;2021-12-29;Bloqueada
2689;2024;Modelo Smart Android;2023-10-10;Bloqueada
2690;2025;Modelo Chip Básico;2023-11-03;Ativa
2691;2025;Modelo Pro c/ Impressora;2023-11-01;Ativa
2692;2025;Modelo Chip Básico;2023-11-09;Ativa
2693;2025;Modelo Pro c/ Impressora;2023-11-11;Ativa
2694;2026;Modelo Chip Básico;2022-12-03;Ativa
2695;2026;Modelo Pro c/ Impressora;2022-12-11;Ativa
2696;2027;Modelo Chip Básico;2021-12-16;Inativa
2697;2027;Modelo Chip Básico;2021-12-10;Ativa
2698;2027;Modelo Chip Básico;2021-12-15;Ativa
2699;2028;Modelo Chip Básico;2024-09-05;Bloqueada
2700;2028;Modelo Chip Básico;2024-09-08;Ativa
2701;2028;Modelo Smart Android;2024-09-05;Inativa
2702;2029;Modelo Pro c/ Impressora;2021-02-20;Inativa
2703;2030;Modelo Pro c/ Impressora;2021-05-18;Ativa
2704;2031;Modelo Pro c/ Impressora;2024-08-24;Bloqueada
2705;2032;Modelo Smart Android;2021-08-01;Inativa
2706;2033;Modelo Pro c/ Impressora;2021-03-24;Ativa
2707;2034;Modelo Chip Básico;2022-06-05;Bloqueada
2708;2035;Modelo Chip Básico;2021-08-24;Ativa
2709;2035;Modelo Chip Básico;2021-08-26;Ativa
2710;2036;Modelo Smart Android;2021-06-12;Ativa
2711;2037;Modelo Chip Básico;2024-08-06;Bloqueada
2712;2038;Modelo Chip Básico;2023-05-17;Ativa
2713;2039;Modelo Chip Básico;2024-09-22;Ativa
2714;2040;Modelo Chip Básico;2024-11-07;Inativa
2715;2041;Modelo Pro c/ Impressora;2021-11-25;Bloqueada
2716;2042;Modelo Pro c/ Impressora;2023-12-05;Inativa
2717;2042;Modelo Chip Básico;2023-11-24;Bloqueada
2718;2043;Modelo Chip Básico;2023-06-21;Ativa
2719;2044;Modelo Smart Android;2022-01-10;Inativa
2720;2045;Modelo Pro c/ Impressora;2023-11-18;Ativa
2721;2046;Modelo Pro c/ Impressora;2022-09-20;Inativa
2722;2046;Modelo Chip Básico;2022-09-29;Ativa
2723;2047;Modelo Smart Android;2023-12-25;Ativa
2724;2048;Modelo Pro c/ Impressora;2022-06-26;Ativa
2725;2049;Modelo Smart Android;2021-07-12;Ativa
2726;2050;Modelo Chip Básico;2024-10-10;Bloqueada
2727;2050;Modelo Pro c/ Impressora;2024-10-12;Inativa
2728;2051;Modelo Chip Básico;2022-01-07;Ativa
2729;2052;Modelo Chip Básico;2022-07-05;Ativa
2730;2053;Modelo Pro c/ Impressora;2021-06-10;Inativa
2731;2054;Modelo Pro c/ Impressora;2024-01-14;Ativa
2732;2055;Modelo Chip Básico;2024-08-22;Bloqueada
2733;2056;Modelo Chip Básico;2022-06-04;Ativa
2734;2057;Modelo Pro c/ Impressora;2022-05-29;Inativa
2735;2058;Modelo Pro c/ Impressora;2023-02-02;Ativa
2736;2059;Modelo Smart Android;2021-09-11;Ativa
2737;2059;Modelo Pro c/ Impressora;2021-09-08;Bloqueada
2738;2059;Modelo Smart Android;2021-09-04;Ativa
2739;2060;Modelo Pro c/ Impressora;2023-10-03;Ativa
2740;2061;Modelo Pro c/ Impressora;2023-09-13;Ativa
2741;2062;Modelo Chip Básico;2023-05-02;Ativa
2742;2063;Modelo Smart Android;2021-03-24;Ativa
2743;2063;Modelo Smart Android;2021-03-24;Ativa
2744;2063;Modelo Pro c/ Impressora;2021-03-26;Ativa
2745;2064;Modelo Smart Android;2021-09-17;Ativa
2746;2065;Modelo Chip Básico;2024-02-07;Bloqueada
2747;2066;Modelo Chip Básico;2023-09-13;Bloqueada
2748;2067;Modelo Pro c/ Impressora;2024-05-03;Ativa
2749;2068;Modelo Smart Android;2022-06-05;Inativa
2750;2069;Modelo Pro c/ Impressora;2023-12-02;Ativa
2751;2070;Modelo Chip Básico;2021-11-19;Ativa
2752;2071;Modelo Chip Básico;2021-07-11;Ativa
2753;2072;Modelo Chip Básico;2021-05-27;Ativa
2754;2073;Modelo Chip Básico;2022-12-26;Ativa
2755;2074;Modelo Chip Básico;2021-03-14;Ativa
2756;2075;Modelo Smart Android;2024-02-13;Ativa
2757;2076;Modelo Chip Básico;2023-02-19;Ativa
2758;2077;Modelo Chip Básico;2021-01-10;Ativa
2759;2077;Modelo Smart Android;2021-01-07;Ativa
2760;2078;Modelo Smart Android;2022-07-27;Inativa
2761;2079;Modelo Chip Básico;2021-08-29;Inativa
2762;2080;Modelo Pro c/ Impressora;2022-03-15;Ativa
2763;2080;Modelo Chip Básico;2022-03-22;Bloqueada
2764;2081;Modelo Smart Android;2021-02-15;Ativa
2765;2082;Modelo Chip Básico;2023-12-10;Ativa
2766;2082;Modelo Pro c/ Impressora;2023-12-14;Ativa
2767;2083;Modelo Chip Básico;2021-07-29;Ativa
2768;2084;Modelo Pro c/ Impressora;2024-09-29;Ativa
2769;2084;Modelo Chip Básico;2024-09-24;Inativa
2770;2084;Modelo Pro c/ Impressora;2024-09-24;Bloqueada
2771;2085;Modelo Smart Android;2024-09-20;Ativa
2772;2086;Modelo Chip Básico;2022-12-01;Inativa
2773;2087;Modelo Pro c/ Impressora;2022-08-15;Bloqueada
2774;2088;Modelo Chip Básico;2024-04-02;Bloqueada
2775;2088;Modelo Pro c/ Impressora;2024-03-31;Inativa
2776;2089;Modelo Chip Básico;2021-09-23;Inativa
2777;2089;Modelo Pro c/ Impressora;2021-10-03;Ativa
2778;2090;Modelo Smart Android;2023-07-19;Ativa
2779;2091;Modelo Smart Android;2024-06-09;Ativa
2780;2092;Modelo Chip Básico;2023-07-06;Ativa
2781;2093;Modelo Smart Android;2023-06-21;Ativa
2782;2094;Modelo Pro c/ Impressora;2023-01-22;Inativa
2783;2095;Modelo Pro c/ Impressora;2021-12-19;Ativa
2784;2095;Modelo Pro c/ Impressora;2021-12-07;Ativa
2785;2096;Modelo Chip Básico;2022-09-23;Ativa
2786;2097;Modelo Chip Básico;2024-06-29;Inativa
2787;2098;Modelo Chip Básico;2022-01-29;Ativa
2788;2099;Modelo Smart Android;2022-07-13;Inativa
2789;2100;Modelo Chip Básico;2022-02-06;Ativa
2790;2101;Modelo Chip Básico;2021-05-19;Ativa
2791;2101;Modelo Smart Android;2021-05-18;Inativa
2792;2102;Modelo Chip Básico;2023-01-25;Inativa
2793;2103;Modelo Pro c/ Impressora;2021-09-20;Inativa
2794;2104;Modelo Chip Básico;2021-08-14;Inativa
2795;2105;Modelo Pro c/ Impressora;2021-08-16;Ativa
2796;2106;Modelo Smart Android;2021-02-02;Inativa
2797;2106;Modelo Chip Básico;2021-01-29;Ativa
2798;2106;Modelo Pro c/ Impressora;2021-02-09;Ativa
2799;2106;Modelo Pro c/ Impressora;2021-01-31;Inativa
2800;2106;Modelo Pro c/ Impressora;2021-01-29;Ativa
2801;2107;Modelo Pro c/ Impressora;2023-02-21;Ativa
2802;2107;Modelo Pro c/ Impressora;2023-02-15;Ativa
2803;2108;Modelo Pro c/ Impressora;2022-05-18;Ativa
2804;2109;Modelo Chip Básico;2023-05-01;Ativa
2805;2110;Modelo Chip Básico;2022-07-15;Ativa
2806;2111;Modelo Smart Android;2022-08-08;Inativa
2807;2112;Modelo Chip Básico;2021-10-24;Inativa
2808;2112;Modelo Chip Básico;2021-11-04;Ativa
2809;2113;Modelo Chip Básico;2022-10-16;Ativa
2810;2114;Modelo Smart Android;2023-10-17;Ativa
2811;2115;Modelo Smart Android;2022-07-31;Bloqueada
2812;2116;Modelo Pro c/ Impressora;2022-06-03;Bloqueada
2813;2116;Modelo Pro c/ Impressora;2022-06-01;Bloqueada
2814;2116;Modelo Chip Básico;2022-06-02;Ativa
2815;2117;Modelo Pro c/ Impressora;2021-06-06;Ativa
2816;2118;Modelo Chip Básico;2022-12-14;Ativa
2817;2119;Modelo Chip Básico;2024-03-15;Bloqueada
2818;2120;Modelo Chip Básico;2022-05-19;Ativa
2819;2121;Modelo Pro c/ Impressora;2021-02-15;Ativa
2820;2122;Modelo Chip Básico;2023-04-20;Ativa
2821;2123;Modelo Chip Básico;2021-02-17;Ativa
2822;2124;Modelo Chip Básico;2021-06-08;Ativa
2823;2125;Modelo Pro c/ Impressora;2023-01-30;Bloqueada
2824;2126;Modelo Pro c/ Impressora;2021-03-30;Ativa
2825;2127;Modelo Pro c/ Impressora;2021-02-09;Inativa
2826;2127;Modelo Smart Android;2021-02-07;Ativa
2827;2128;Modelo Pro c/ Impressora;2023-07-19;Inativa
2828;2129;Modelo Pro c/ Impressora;2021-11-20;Ativa
2829;2130;Modelo Smart Android;2023-10-03;Ativa
2830;2130;Modelo Chip Básico;2023-10-08;Ativa
2831;2131;Modelo Smart Android;2024-10-28;Ativa
2832;2132;Modelo Chip Básico;2021-07-16;Ativa
2833;2132;Modelo Smart Android;2021-07-15;Ativa
2834;2133;Modelo Chip Básico;2023-08-23;Bloqueada
2835;2134;Modelo Pro c/ Impressora;2023-10-25;Ativa
2836;2135;Modelo Smart Android;2021-08-09;Ativa
2837;2135;Modelo Chip Básico;2021-08-05;Ativa
2838;2135;Modelo Pro c/ Impressora;2021-08-13;Bloqueada
2839;2136;Modelo Pro c/ Impressora;2023-01-13;Bloqueada
2840;2137;Modelo Smart Android;2021-07-26;Ativa
2841;2138;Modelo Chip Básico;2021-01-20;Inativa
2842;2139;Modelo Pro c/ Impressora;2021-08-08;Ativa
2843;2140;Modelo Chip Básico;2023-09-19;Inativa
2844;2140;Modelo Chip Básico;2023-09-14;Ativa
2845;2140;Modelo Chip Básico;2023-09-10;Ativa
2846;2141;Modelo Chip Básico;2022-04-18;Inativa
2847;2142;Modelo Chip Básico;2023-07-05;Ativa
2848;2143;Modelo Chip Básico;2024-10-28;Ativa
2849;2144;Modelo Chip Básico;2021-05-28;Inativa
2850;2145;Modelo Smart Android;2022-02-28;Ativa
2851;2145;Modelo Pro c/ Impressora;2022-03-10;Inativa
2852;2146;Modelo Chip Básico;2021-08-19;Ativa
2853;2146;Modelo Chip Básico;2021-08-18;Inativa
2854;2147;Modelo Pro c/ Impressora;2022-06-01;Bloqueada
2855;2148;Modelo Chip Básico;2023-12-05;Ativa
2856;2149;Modelo Smart Android;2023-02-13;Ativa
2857;2150;Modelo Pro c/ Impressora;2022-02-04;Ativa
2858;2151;Modelo Chip Básico;2021-06-15;Ativa
2859;2152;Modelo Chip Básico;2022-08-04;Inativa
2860;2152;Modelo Chip Básico;2022-08-02;Ativa
2861;2152;Modelo Pro c/ Impressora;2022-07-26;Ativa
2862;2153;Modelo Chip Básico;2022-11-30;Bloqueada
2863;2154;Modelo Pro c/ Impressora;2021-05-27;Ativa
2864;2155;Modelo Chip Básico;2021-12-13;Bloqueada
2865;2156;Modelo Pro c/ Impressora;2022-08-19;Inativa
2866;2157;Modelo Chip Básico;2022-08-22;Bloqueada
2867;2158;Modelo Pro c/ Impressora;2023-12-04;Bloqueada
2868;2159;Modelo Pro c/ Impressora;2023-07-11;Ativa
2869;2160;Modelo Chip Básico;2022-11-21;Inativa
2870;2160;Modelo Chip Básico;2022-11-22;Ativa
2871;2161;Modelo Pro c/ Impressora;2022-03-19;Ativa
2872;2162;Modelo Pro c/ Impressora;2023-05-07;Ativa
2873;2163;Modelo Chip Básico;2022-07-15;Ativa
2874;2164;Modelo Pro c/ Impressora;2021-09-18;Inativa
2875;2165;Modelo Smart Android;2021-07-08;Ativa
2876;2166;Modelo Chip Básico;2023-03-30;Ativa
2877;2166;Modelo Pro c/ Impressora;2023-03-18;Ativa
2878;2167;Modelo Chip Básico;2024-07-07;Ativa
2879;2168;Modelo Smart Android;2024-06-08;Bloqueada
2880;2169;Modelo Smart Android;2022-12-14;Ativa
2881;2170;Modelo Pro c/ Impressora;2024-05-30;Inativa
2882;2171;Modelo Chip Básico;2022-07-19;Ativa
2883;2172;Modelo Pro c/ Impressora;2021-05-10;Ativa
2884;2173;Modelo Chip Básico;2024-03-05;Ativa
2885;2174;Modelo Pro c/ Impressora;2023-09-05;Ativa
2886;2175;Modelo Chip Básico;2023-04-21;Ativa
2887;2176;Modelo Pro c/ Impressora;2022-06-24;Ativa
2888;2177;Modelo Pro c/ Impressora;2024-02-07;Inativa
2889;2178;Modelo Chip Básico;2021-02-08;Ativa
2890;2179;Modelo Chip Básico;2021-10-14;Inativa
2891;2180;Modelo Chip Básico;2024-05-10;Ativa
2892;2181;Modelo Pro c/ Impressora;2022-04-21;Ativa
2893;2181;Modelo Chip Básico;2022-04-27;Ativa
2894;2182;Modelo Pro c/ Impressora;2024-09-18;Ativa
2895;2183;Modelo Pro c/ Impressora;2023-09-03;Ativa
2896;2184;Modelo Chip Básico;2022-10-03;Ativa
2897;2185;Modelo Chip Básico;2023-08-29;Ativa
2898;2185;Modelo Pro c/ Impressora;2023-08-31;Ativa
2899;2186;Modelo Pro c/ Impressora;2023-10-02;Ativa
2900;2187;Modelo Smart Android;2024-02-19;Inativa
2901;2187;Modelo Smart Android;2024-02-17;Ativa
2902;2187;Modelo Chip Básico;2024-02-16;Ativa
2903;2188;Modelo Chip Básico;2021-11-04;Ativa
2904;2189;Modelo Chip Básico;2023-11-20;Ativa
2905;2190;Modelo Pro c/ Impressora;2021-12-29;Ativa
2906;2191;Modelo Chip Básico;2021-09-04;Ativa
2907;2192;Modelo Chip Básico;2022-12-07;Ativa
2908;2193;Modelo Chip Básico;2022-04-13;Bloqueada
2909;2194;Modelo Chip Básico;2021-08-31;Inativa
2910;2195;Modelo Chip Básico;2023-08-04;Ativa
2911;2196;Modelo Chip Básico;2024-04-25;Inativa
2912;2197;Modelo Pro c/ Impressora;2021-12-17;Ativa
2913;2198;Modelo Chip Básico;2023-11-18;Ativa
2914;2198;Modelo Smart Android;2023-11-27;Ativa
2915;2199;Modelo Chip Básico;2024-08-11;Ativa
2916;2200;Modelo Chip Básico;2024-03-05;Ativa
2917;2200;Modelo Chip Básico;2024-03-03;Ativa
2918;2201;Modelo Pro c/ Impressora;2023-05-29;Bloqueada
2919;2202;Modelo Chip Básico;2023-05-02;Inativa
2920;2202;Modelo Chip Básico;2023-04-27;Inativa
2921;2203;Modelo Pro c/ Impressora;2021-11-18;Inativa
2922;2203;Modelo Smart Android;2021-11-22;Bloqueada
2923;2204;Modelo Chip Básico;2021-12-29;Ativa
2924;2205;Modelo Chip Básico;2023-02-21;Ativa
2925;2206;Modelo Chip Básico;2023-04-19;Inativa
2926;2206;Modelo Smart Android;2023-04-14;Bloqueada
2927;2206;Modelo Chip Básico;2023-04-22;Ativa
2928;2207;Modelo Smart Android;2024-02-06;Ativa
2929;2208;Modelo Smart Android;2023-08-19;Ativa
2930;2209;Modelo Chip Básico;2023-05-27;Bloqueada
2931;2210;Modelo Pro c/ Impressora;2024-06-21;Bloqueada
2932;2211;Modelo Pro c/ Impressora;2021-10-18;Ativa
2933;2212;Modelo Pro c/ Impressora;2023-02-19;Bloqueada
2934;2213;Modelo Pro c/ Impressora;2021-04-10;Ativa
2935;2213;Modelo Chip Básico;2021-04-08;Ativa
2936;2214;Modelo Smart Android;2022-09-18;Bloqueada
2937;2215;Modelo Pro c/ Impressora;2023-07-10;Bloqueada
2938;2216;Modelo Smart Android;2023-05-23;Ativa
2939;2216;Modelo Pro c/ Impressora;2023-05-27;Ativa
2940;2217;Modelo Pro c/ Impressora;2022-12-23;Bloqueada
2941;2217;Modelo Chip Básico;2022-12-29;Bloqueada
2942;2218;Modelo Chip Básico;2023-09-24;Ativa
2943;2219;Modelo Pro c/ Impressora;2023-12-03;Inativa
2944;2219;Modelo Chip Básico;2023-12-06;Ativa
2945;2220;Modelo Pro c/ Impressora;2024-09-03;Ativa
2946;2221;Modelo Smart Android;2022-07-08;Ativa
2947;2222;Modelo Pro c/ Impressora;2022-05-25;Bloqueada
2948;2223;Modelo Chip Básico;2022-10-20;Bloqueada
2949;2223;Modelo Pro c/ Impressora;2022-10-23;Ativa
2950;2224;Modelo Pro c/ Impressora;2021-02-23;Inativa
2951;2225;Modelo Chip Básico;2021-02-03;Ativa
2952;2226;Modelo Smart Android;2021-03-13;Ativa
2953;2227;Modelo Chip Básico;2024-08-13;Ativa
2954;2227;Modelo Chip Básico;2024-08-16;Ativa
2955;2228;Modelo Chip Básico;2022-02-06;Ativa
2956;2229;Modelo Chip Básico;2023-01-22;Bloqueada
2957;2230;Modelo Pro c/ Impressora;2023-03-23;Inativa
2958;2231;Modelo Chip Básico;2022-03-23;Ativa
2959;2232;Modelo Smart Android;2023-02-01;Ativa
2960;2232;Modelo Pro c/ Impressora;2023-01-28;Ativa
2961;2233;Modelo Pro c/ Impressora;2024-09-25;Ativa
2962;2233;Modelo Chip Básico;2024-09-20;Ativa
2963;2234;Modelo Chip Básico;2024-09-12;Ativa
2964;2235;Modelo Smart Android;2024-06-08;Ativa
2965;2236;Modelo Smart Android;2022-07-05;Ativa
2966;2236;Modelo Chip Básico;2022-07-06;Bloqueada
2967;2236;Modelo Chip Básico;2022-07-11;Ativa
2968;2237;Modelo Chip Básico;2021-05-10;Inativa
2969;2238;Modelo Smart Android;2022-07-12;Ativa
2970;2239;Modelo Smart Android;2023-08-25;Ativa
2971;2240;Modelo Chip Básico;2023-11-23;Bloqueada
2972;2241;Modelo Chip Básico;2021-07-15;Ativa
2973;2242;Modelo Smart Android;2023-07-14;Ativa
2974;2242;Modelo Chip Básico;2023-07-10;Ativa
2975;2243;Modelo Pro c/ Impressora;2023-02-02;Ativa
2976;2244;Modelo Pro c/ Impressora;2023-06-20;Bloqueada
2977;2245;Modelo Pro c/ Impressora;2022-08-28;Ativa
2978;2245;Modelo Chip Básico;2022-08-15;Ativa
2979;2245;Modelo Smart Android;2022-08-24;Ativa
2980;2245;Modelo Chip Básico;2022-08-20;Ativa
2981;2246;Modelo Chip Básico;2024-08-08;Ativa
2982;2247;Modelo Pro c/ Impressora;2022-09-19;Bloqueada
2983;2248;Modelo Chip Básico;2022-02-22;Ativa
2984;2249;Modelo Pro c/ Impressora;2021-01-26;Ativa
2985;2250;Modelo Chip Básico;2021-04-24;Ativa
2986;2251;Modelo Smart Android;2022-02-15;Inativa
2987;2251;Modelo Pro c/ Impressora;2022-02-02;Ativa
2988;2252;Modelo Smart Android;2022-06-27;Inativa
2989;2253;Modelo Chip Básico;2023-09-08;Ativa
2990;2254;Modelo Chip Básico;2022-06-01;Bloqueada
2991;2255;Modelo Chip Básico;2021-05-12;Ativa
2992;2255;Modelo Smart Android;2021-05-16;Bloqueada
2993;2256;Modelo Pro c/ Impressora;2021-03-23;Inativa
2994;2257;Modelo Chip Básico;2022-02-20;Bloqueada
2995;2258;Modelo Chip Básico;2022-11-15;Bloqueada
2996;2258;Modelo Smart Android;2022-11-20;Bloqueada
2997;2259;Modelo Pro c/ Impressora;2024-01-17;Ativa
2998;2260;Modelo Pro c/ Impressora;2024-08-31;Inativa
2999;2260;Modelo Pro c/ Impressora;2024-08-30;Ativa
3000;2260;Modelo Chip Básico;2024-08-31;Bloqueada
3001;2261;Modelo Pro c/ Impressora;2021-12-12;Ativa
3002;2261;Modelo Pro c/ Impressora;2021-12-16;Ativa
3003;2262;Modelo Pro c/ Impressora;2021-11-15;Ativa
3004;2263;Modelo Chip Básico;2022-01-31;Ativa
3005;2263;Modelo Chip Básico;2022-02-12;Inativa
3006;2264;Modelo Chip Básico;2021-03-18;Bloqueada
3007;2265;Modelo Pro c/ Impressora;2023-05-27;Inativa
3008;2265;Modelo Pro c/ Impressora;2023-05-27;Ativa
3009;2266;Modelo Pro c/ Impressora;2022-03-06;Bloqueada
3010;2267;Modelo Chip Básico;2024-06-08;Inativa
3011;2267;Modelo Chip Básico;2024-06-16;Ativa
3012;2268;Modelo Pro c/ Impressora;2023-12-16;Inativa
3013;2268;Modelo Chip Básico;2023-12-19;Ativa
3014;2269;Modelo Smart Android;2023-12-06;Ativa
3015;2270;Modelo Pro c/ Impressora;2021-01-16;Ativa
3016;2271;Modelo Chip Básico;2021-03-16;Ativa
3017;2272;Modelo Pro c/ Impressora;2023-09-10;Ativa
3018;2273;Modelo Smart Android;2022-09-08;Bloqueada
3019;2273;Modelo Chip Básico;2022-09-08;Ativa
3020;2274;Modelo Chip Básico;2021-04-11;Ativa
3021;2275;Modelo Chip Básico;2021-04-16;Bloqueada
3022;2276;Modelo Chip Básico;2021-09-15;Bloqueada
3023;2277;Modelo Pro c/ Impressora;2024-10-03;Ativa
3024;2278;Modelo Chip Básico;2021-03-18;Inativa
3025;2278;Modelo Pro c/ Impressora;2021-03-12;Ativa
3026;2278;Modelo Chip Básico;2021-03-22;Ativa
3027;2279;Modelo Chip Básico;2021-09-02;Bloqueada
3028;2280;Modelo Chip Básico;2022-03-14;Bloqueada
3029;2281;Modelo Chip Básico;2024-03-28;Ativa
3030;2282;Modelo Pro c/ Impressora;2022-03-07;Bloqueada
3031;2283;Modelo Chip Básico;2022-02-21;Bloqueada
3032;2283;Modelo Chip Básico;2022-02-28;Bloqueada
3033;2283;Modelo Smart Android;2022-02-28;Inativa
3034;2284;Modelo Smart Android;2022-05-16;Ativa
3035;2285;Modelo Smart Android;2024-01-16;Ativa
3036;2285;Modelo Smart Android;2024-01-13;Ativa
3037;2286;Modelo Chip Básico;2022-09-18;Inativa
3038;2287;Modelo Chip Básico;2021-03-25;Inativa
3039;2288;Modelo Pro c/ Impressora;2023-11-28;Ativa
3040;2289;Modelo Pro c/ Impressora;2024-02-25;Ativa
3041;2290;Modelo Chip Básico;2021-12-20;Ativa
3042;2291;Modelo Smart Android;2021-09-21;Ativa
3043;2292;Modelo Chip Básico;2021-07-13;Ativa
3044;2293;Modelo Smart Android;2022-07-18;Ativa
3045;2294;Modelo Pro c/ Impressora;2024-10-04;Ativa
3046;2295;Modelo Chip Básico;2022-07-04;Inativa
3047;2296;Modelo Pro c/ Impressora;2021-09-30;Inativa
3048;2297;Modelo Chip Básico;2023-01-14;Bloqueada
3049;2298;Modelo Smart Android;2023-05-04;Bloqueada
3050;2299;Modelo Chip Básico;2024-09-30;Ativa
3051;2300;Modelo Pro c/ Impressora;2024-03-25;Inativa
3052;2301;Modelo Pro c/ Impressora;2021-11-20;Ativa
3053;2302;Modelo Chip Básico;2022-10-24;Ativa
3054;2303;Modelo Chip Básico;2024-01-08;Bloqueada
3055;2304;Modelo Chip Básico;2023-08-12;Ativa
3056;2305;Modelo Smart Android;2023-02-12;Ativa
3057;2306;Modelo Pro c/ Impressora;2021-06-18;Ativa
3058;2306;Modelo Pro c/ Impressora;2021-06-13;Ativa
3059;2307;Modelo Pro c/ Impressora;2022-12-04;Bloqueada
3060;2308;Modelo Smart Android;2023-05-23;Ativa
3061;2309;Modelo Chip Básico;2023-01-19;Ativa
3062;2310;Modelo Pro c/ Impressora;2023-08-14;Ativa
3063;2311;Modelo Chip Básico;2023-09-15;Ativa
3064;2312;Modelo Chip Básico;2024-02-06;Ativa
3065;2313;Modelo Chip Básico;2024-11-11;Ativa
3066;2313;Modelo Pro c/ Impressora;2024-11-13;Bloqueada
3067;2314;Modelo Smart Android;2023-07-06;Ativa
3068;2315;Modelo Pro c/ Impressora;2023-08-03;Ativa
3069;2316;Modelo Chip Básico;2021-05-03;Ativa
3070;2317;Modelo Smart Android;2022-10-22;Ativa
3071;2317;Modelo Pro c/ Impressora;2022-10-15;Ativa
3072;2318;Modelo Chip Básico;2021-06-14;Ativa
3073;2319;Modelo Pro c/ Impressora;2023-01-19;Ativa
3074;2320;Modelo Chip Básico;2024-10-29;Inativa
3075;2320;Modelo Smart Android;2024-11-02;Bloqueada
3076;2320;Modelo Pro c/ Impressora;2024-10-26;Ativa
3077;2321;Modelo Pro c/ Impressora;2024-08-26;Ativa
3078;2321;Modelo Smart Android;2024-08-20;Ativa
3079;2321;Modelo Chip Básico;2024-08-21;Bloqueada
3080;2321;Modelo Smart Android;2024-08-28;Inativa
3081;2322;Modelo Smart Android;2023-02-13;Ativa
3082;2323;Modelo Chip Básico;2022-02-23;Ativa
3083;2324;Modelo Chip Básico;2021-10-17;Ativa
3084;2325;Modelo Chip Básico;2021-07-12;Inativa
3085;2325;Modelo Pro c/ Impressora;2021-07-17;Inativa
3086;2326;Modelo Chip Básico;2021-01-23;Ativa
3087;2326;Modelo Chip Básico;2021-01-31;Ativa
3088;2327;Modelo Smart Android;2022-06-10;Ativa
3089;2328;Modelo Chip Básico;2023-03-22;Inativa
3090;2329;Modelo Smart Android;2021-09-16;Bloqueada
3091;2330;Modelo Smart Android;2024-09-27;Ativa
3092;2330;Modelo Pro c/ Impressora;2024-09-29;Ativa
3093;2331;Modelo Pro c/ Impressora;2021-12-10;Bloqueada
3094;2332;Modelo Chip Básico;2023-06-23;Ativa
3095;2332;Modelo Chip Básico;2023-06-22;Bloqueada
3096;2332;Modelo Pro c/ Impressora;2023-06-17;Ativa
3097;2333;Modelo Chip Básico;2024-02-05;Inativa
3098;2334;Modelo Pro c/ Impressora;2023-07-24;Ativa
3099;2335;Modelo Pro c/ Impressora;2024-07-07;Inativa
3100;2335;Modelo Chip Básico;2024-07-04;Ativa
3101;2336;Modelo Pro c/ Impressora;2021-05-13;Inativa
3102;2337;Modelo Chip Básico;2023-09-09;Ativa
3103;2337;Modelo Smart Android;2023-09-18;Ativa
3104;2338;Modelo Pro c/ Impressora;2021-03-30;Bloqueada
3105;2338;Modelo Pro c/ Impressora;2021-04-06;Ativa
3106;2339;Modelo Pro c/ Impressora;2022-04-16;Bloqueada
3107;2340;Modelo Pro c/ Impressora;2022-09-11;Ativa
3108;2341;Modelo Smart Android;2021-12-13;Inativa
3109;2342;Modelo Smart Android;2021-08-14;Inativa
3110;2343;Modelo Smart Android;2024-07-31;Ativa
3111;2344;Modelo Chip Básico;2023-12-25;Inativa
3112;2344;Modelo Chip Básico;2023-12-20;Bloqueada
3113;2345;Modelo Smart Android;2021-11-11;Ativa
3114;2345;Modelo Pro c/ Impressora;2021-11-09;Ativa
3115;2345;Modelo Chip Básico;2021-11-02;Inativa
3116;2346;Modelo Smart Android;2024-08-01;Ativa
3117;2347;Modelo Chip Básico;2024-08-25;Bloqueada
3118;2348;Modelo Pro c/ Impressora;2023-01-01;Bloqueada
3119;2348;Modelo Smart Android;2022-12-27;Ativa
3120;2349;Modelo Smart Android;2022-10-20;Ativa
3121;2350;Modelo Chip Básico;2023-03-19;Ativa
3122;2351;Modelo Pro c/ Impressora;2023-11-10;Ativa
3123;2352;Modelo Chip Básico;2021-05-03;Ativa
3124;2353;Modelo Chip Básico;2023-06-15;Bloqueada
3125;2353;Modelo Smart Android;2023-06-22;Ativa
3126;2354;Modelo Chip Básico;2021-07-23;Ativa
3127;2355;Modelo Chip Básico;2022-03-11;Inativa
3128;2356;Modelo Chip Básico;2022-10-30;Ativa
3129;2357;Modelo Pro c/ Impressora;2022-12-09;Ativa
3130;2358;Modelo Chip Básico;2022-06-11;Bloqueada
3131;2359;Modelo Pro c/ Impressora;2021-03-07;Bloqueada
3132;2360;Modelo Pro c/ Impressora;2022-06-15;Ativa
3133;2360;Modelo Chip Básico;2022-06-15;Ativa
3134;2360;Modelo Pro c/ Impressora;2022-06-25;Ativa
3135;2361;Modelo Chip Básico;2024-10-16;Inativa
3136;2362;Modelo Chip Básico;2022-11-29;Ativa
3137;2363;Modelo Chip Básico;2021-12-12;Ativa
3138;2364;Modelo Chip Básico;2023-06-19;Ativa
3139;2365;Modelo Pro c/ Impressora;2024-05-20;Ativa
3140;2365;Modelo Pro c/ Impressora;2024-05-20;Ativa
3141;2366;Modelo Smart Android;2024-01-16;Inativa
3142;2367;Modelo Pro c/ Impressora;2022-04-14;Ativa
3143;2368;Modelo Smart Android;2022-09-18;Ativa
3144;2369;Modelo Chip Básico;2023-05-08;Ativa
3145;2370;Modelo Chip Básico;2021-07-05;Ativa
3146;2370;Modelo Smart Android;2021-07-08;Ativa
3147;2371;Modelo Chip Básico;2023-07-17;Ativa
3148;2372;Modelo Pro c/ Impressora;2021-06-07;Ativa
3149;2373;Modelo Smart Android;2023-05-04;Ativa
3150;2374;Modelo Pro c/ Impressora;2021-05-17;Ativa
3151;2374;Modelo Chip Básico;2021-05-25;Bloqueada
3152;2375;Modelo Chip Básico;2023-09-09;Ativa
3153;2376;Modelo Pro c/ Impressora;2024-05-09;Ativa
3154;2376;Modelo Smart Android;2024-05-11;Inativa
3155;2376;Modelo Smart Android;2024-05-12;Ativa
3156;2377;Modelo Pro c/ Impressora;2022-12-04;Ativa
3157;2377;Modelo Chip Básico;2022-12-10;Bloqueada
3158;2378;Modelo Chip Básico;2022-10-31;Bloqueada
3159;2378;Modelo Smart Android;2022-11-02;Ativa
3160;2379;Modelo Pro c/ Impressora;2021-01-24;Inativa
3161;2380;Modelo Chip Básico;2023-03-09;Ativa
3162;2381;Modelo Chip Básico;2022-04-26;Ativa
3163;2382;Modelo Chip Básico;2023-05-11;Ativa
3164;2383;Modelo Pro c/ Impressora;2024-06-09;Ativa
3165;2384;Modelo Chip Básico;2021-09-03;Ativa
3166;2384;Modelo Pro c/ Impressora;2021-08-31;Bloqueada
3167;2385;Modelo Chip Básico;2022-03-24;Ativa
3168;2386;Modelo Smart Android;2023-10-02;Inativa
3169;2387;Modelo Smart Android;2024-07-26;Ativa
3170;2388;Modelo Chip Básico;2024-01-15;Bloqueada
3171;2389;Modelo Pro c/ Impressora;2021-03-06;Ativa
3172;2390;Modelo Chip Básico;2022-03-14;Ativa
3173;2391;Modelo Chip Básico;2022-04-16;Ativa
3174;2392;Modelo Smart Android;2024-06-14;Ativa
3175;2393;Modelo Smart Android;2023-04-07;Ativa
3176;2394;Modelo Chip Básico;2024-02-03;Bloqueada
3177;2395;Modelo Chip Básico;2021-05-30;Ativa
3178;2396;Modelo Smart Android;2022-11-02;Ativa
3179;2397;Modelo Smart Android;2023-09-28;Ativa
3180;2397;Modelo Pro c/ Impressora;2023-10-04;Ativa
3181;2398;Modelo Chip Básico;2023-10-31;Ativa
3182;2399;Modelo Pro c/ Impressora;2022-06-15;Ativa
3183;2399;Modelo Smart Android;2022-06-02;Inativa
3184;2400;Modelo Pro c/ Impressora;2023-03-02;Ativa
3185;2401;Modelo Pro c/ Impressora;2022-08-04;Ativa
3186;2401;Modelo Smart Android;2022-07-28;Ativa
3187;2402;Modelo Smart Android;2023-02-12;Bloqueada
3188;2403;Modelo Chip Básico;2021-02-23;Ativa
3189;2403;Modelo Pro c/ Impressora;2021-03-02;Ativa
3190;2404;Modelo Chip Básico;2023-09-19;Ativa
3191;2404;Modelo Smart Android;2023-09-20;Bloqueada
3192;2405;Modelo Smart Android;2021-09-04;Ativa
3193;2405;Modelo Pro c/ Impressora;2021-09-05;Ativa
3194;2405;Modelo Pro c/ Impressora;2021-09-07;Ativa
3195;2406;Modelo Chip Básico;2021-09-22;Ativa
3196;2407;Modelo Smart Android;2022-10-17;Ativa
3197;2408;Modelo Pro c/ Impressora;2021-03-14;Inativa
3198;2409;Modelo Chip Básico;2022-01-01;Ativa
3199;2410;Modelo Pro c/ Impressora;2023-12-22;Ativa
3200;2411;Modelo Chip Básico;2022-09-27;Bloqueada
3201;2412;Modelo Smart Android;2022-12-10;Bloqueada
3202;2412;Modelo Chip Básico;2022-12-10;Bloqueada
3203;2413;Modelo Pro c/ Impressora;2024-02-29;Ativa
3204;2413;Modelo Chip Básico;2024-03-02;Bloqueada
3205;2414;Modelo Pro c/ Impressora;2023-08-16;Inativa
3206;2414;Modelo Smart Android;2023-08-03;Ativa
3207;2415;Modelo Chip Básico;2021-05-22;Ativa
3208;2416;Modelo Smart Android;2021-03-22;Ativa
3209;2417;Modelo Chip Básico;2021-03-26;Ativa
3210;2417;Modelo Smart Android;2021-03-20;Ativa
3211;2418;Modelo Chip Básico;2021-11-28;Ativa
3212;2418;Modelo Smart Android;2021-12-01;Inativa
3213;2419;Modelo Pro c/ Impressora;2024-05-31;Inativa
3214;2419;Modelo Chip Básico;2024-05-28;Bloqueada
3215;2420;Modelo Chip Básico;2021-11-20;Ativa
3216;2421;Modelo Chip Básico;2021-10-12;Inativa
3217;2421;Modelo Pro c/ Impressora;2021-10-20;Ativa
3218;2421;Modelo Chip Básico;2021-10-14;Ativa
3219;2422;Modelo Smart Android;2023-08-25;Ativa
3220;2423;Modelo Pro c/ Impressora;2022-06-09;Ativa
3221;2424;Modelo Pro c/ Impressora;2022-11-06;Ativa
3222;2424;Modelo Pro c/ Impressora;2022-11-07;Ativa
3223;2425;Modelo Pro c/ Impressora;2022-04-12;Ativa
3224;2426;Modelo Chip Básico;2023-07-22;Bloqueada
3225;2426;Modelo Chip Básico;2023-07-17;Inativa
3226;2426;Modelo Smart Android;2023-07-20;Ativa
3227;2427;Modelo Smart Android;2024-04-15;Inativa
3228;2428;Modelo Pro c/ Impressora;2023-07-17;Bloqueada
3229;2429;Modelo Pro c/ Impressora;2021-07-24;Ativa
3230;2430;Modelo Chip Básico;2022-01-06;Inativa
3231;2431;Modelo Chip Básico;2021-09-01;Ativa
3232;2432;Modelo Smart Android;2024-07-09;Bloqueada
3233;2433;Modelo Chip Básico;2022-12-01;Ativa
3234;2433;Modelo Pro c/ Impressora;2022-11-25;Ativa
3235;2434;Modelo Pro c/ Impressora;2022-10-14;Ativa
3236;2435;Modelo Chip Básico;2023-05-23;Ativa
3237;2435;Modelo Smart Android;2023-05-21;Ativa
3238;2436;Modelo Chip Básico;2023-02-27;Ativa
3239;2437;Modelo Smart Android;2022-12-26;Ativa
3240;2438;Modelo Chip Básico;2022-12-21;Ativa
3241;2439;Modelo Pro c/ Impressora;2022-09-09;Ativa
3242;2440;Modelo Chip Básico;2022-02-06;Ativa
3243;2441;Modelo Smart Android;2022-06-06;Ativa
3244;2442;Modelo Chip Básico;2023-10-05;Ativa
3245;2442;Modelo Pro c/ Impressora;2023-10-06;Ativa
3246;2442;Modelo Smart Android;2023-09-29;Ativa
3247;2443;Modelo Smart Android;2023-01-19;Ativa
3248;2444;Modelo Pro c/ Impressora;2021-09-24;Inativa
3249;2445;Modelo Chip Básico;2023-10-13;Ativa
3250;2445;Modelo Chip Básico;2023-10-17;Ativa
3251;2446;Modelo Pro c/ Impressora;2024-05-20;Bloqueada
3252;2447;Modelo Chip Básico;2023-03-14;Ativa
3253;2448;Modelo Pro c/ Impressora;2024-04-11;Ativa
3254;2448;Modelo Chip Básico;2024-04-18;Ativa
3255;2448;Modelo Chip Básico;2024-04-19;Ativa
3256;2448;Modelo Pro c/ Impressora;2024-04-18;Ativa
3257;2448;Modelo Pro c/ Impressora;2024-04-12;Ativa
3258;2449;Modelo Chip Básico;2023-03-20;Ativa
3259;2450;Modelo Pro c/ Impressora;2022-09-08;Ativa
3260;2451;Modelo Pro c/ Impressora;2021-06-28;Ativa
3261;2452;Modelo Pro c/ Impressora;2024-08-10;Ativa
3262;2452;Modelo Chip Básico;2024-08-17;Ativa
3263;2453;Modelo Pro c/ Impressora;2021-08-26;Ativa
3264;2454;Modelo Chip Básico;2023-02-21;Ativa
3265;2455;Modelo Chip Básico;2023-07-30;Inativa
3266;2455;Modelo Pro c/ Impressora;2023-07-29;Ativa
3267;2456;Modelo Smart Android;2022-09-23;Inativa
3268;2457;Modelo Pro c/ Impressora;2021-08-11;Bloqueada
3269;2458;Modelo Smart Android;2021-11-09;Ativa
3270;2459;Modelo Pro c/ Impressora;2021-03-16;Ativa
3271;2460;Modelo Pro c/ Impressora;2022-05-02;Bloqueada
3272;2461;Modelo Chip Básico;2023-05-24;Ativa
3273;2462;Modelo Pro c/ Impressora;2024-09-07;Inativa
3274;2463;Modelo Chip Básico;2023-06-23;Ativa
3275;2464;Modelo Chip Básico;2023-09-29;Inativa
3276;2465;Modelo Chip Básico;2024-08-24;Inativa
3277;2466;Modelo Chip Básico;2023-08-17;Ativa
3278;2467;Modelo Pro c/ Impressora;2023-02-20;Ativa
3279;2468;Modelo Pro c/ Impressora;2021-05-15;Bloqueada
3280;2469;Modelo Chip Básico;2021-05-13;Ativa
3281;2470;Modelo Chip Básico;2022-06-30;Ativa
3282;2471;Modelo Smart Android;2024-09-22;Inativa
3283;2472;Modelo Pro c/ Impressora;2023-08-01;Bloqueada
3284;2473;Modelo Pro c/ Impressora;2021-09-22;Inativa
3285;2474;Modelo Pro c/ Impressora;2021-05-01;Ativa
3286;2475;Modelo Chip Básico;2023-01-06;Bloqueada
3287;2475;Modelo Pro c/ Impressora;2023-01-06;Ativa
3288;2476;Modelo Pro c/ Impressora;2024-06-30;Bloqueada
3289;2477;Modelo Chip Básico;2022-12-24;Bloqueada
3290;2478;Modelo Pro c/ Impressora;2021-06-28;Bloqueada
3291;2478;Modelo Chip Básico;2021-06-23;Ativa
3292;2479;Modelo Chip Básico;2021-01-24;Ativa
3293;2479;Modelo Smart Android;2021-01-26;Bloqueada
3294;2480;Modelo Pro c/ Impressora;2021-03-04;Inativa
3295;2481;Modelo Pro c/ Impressora;2023-02-21;Ativa
3296;2482;Modelo Pro c/ Impressora;2024-03-13;Ativa
3297;2482;Modelo Chip Básico;2024-03-17;Ativa
3298;2483;Modelo Pro c/ Impressora;2024-06-15;Ativa
3299;2483;Modelo Chip Básico;2024-06-15;Inativa
3300;2484;Modelo Chip Básico;2024-09-08;Ativa
3301;2485;Modelo Chip Básico;2022-11-21;Inativa
3302;2486;Modelo Chip Básico;2023-05-27;Ativa
3303;2487;Modelo Chip Básico;2023-03-29;Inativa
3304;2488;Modelo Smart Android;2021-06-16;Bloqueada
3305;2488;Modelo Pro c/ Impressora;2021-06-18;Ativa
3306;2489;Modelo Pro c/ Impressora;2024-05-29;Ativa
3307;2490;Modelo Smart Android;2023-11-02;Inativa
3308;2491;Modelo Chip Básico;2024-09-29;Inativa
3309;2492;Modelo Chip Básico;2021-07-02;Ativa
3310;2493;Modelo Pro c/ Impressora;2022-10-26;Ativa
3311;2493;Modelo Pro c/ Impressora;2022-10-28;Inativa
3312;2493;Modelo Chip Básico;2022-10-27;Ativa
3313;2494;Modelo Chip Básico;2023-01-13;Ativa
3314;2494;Modelo Pro c/ Impressora;2023-01-07;Bloqueada
3315;2495;Modelo Smart Android;2024-03-15;Bloqueada
3316;2496;Modelo Smart Android;2023-10-13;Bloqueada
3317;2497;Modelo Chip Básico;2024-07-07;Ativa
3318;2497;Modelo Pro c/ Impressora;2024-07-04;Ativa
3319;2498;Modelo Smart Android;2022-09-18;Ativa
3320;2499;Modelo Pro c/ Impressora;2021-08-10;Ativa
3321;2499;Modelo Pro c/ Impressora;2021-08-16;Ativa
3322;2500;Modelo Chip Básico;2022-10-18;Bloqueada
3323;2501;Modelo Pro c/ Impressora;2023-08-22;Ativa
3324;2502;Modelo Pro c/ Impressora;2022-11-02;Inativa
3325;2503;Modelo Chip Básico;2021-03-23;Bloqueada
3326;2504;Modelo Chip Básico;2022-02-08;Ativa
3327;2505;Modelo Pro c/ Impressora;2021-08-13;Bloqueada
3328;2506;Modelo Chip Básico;2024-09-05;Ativa
3329;2507;Modelo Smart Android;2021-12-22;Ativa
3330;2508;Modelo Chip Básico;2023-05-04;Ativa
3331;2509;Modelo Smart Android;2022-02-22;Ativa
3332;2510;Modelo Smart Android;2024-03-23;Bloqueada
3333;2511;Modelo Pro c/ Impressora;2022-02-28;Ativa
3334;2511;Modelo Pro c/ Impressora;2022-02-16;Bloqueada
3335;2511;Modelo Pro c/ Impressora;2022-02-26;Ativa
3336;2512;Modelo Pro c/ Impressora;2023-07-02;Ativa
3337;2513;Modelo Chip Básico;2023-03-28;Ativa
3338;2514;Modelo Pro c/ Impressora;2021-01-27;Inativa
3339;2515;Modelo Chip Básico;2021-01-10;Ativa
3340;2516;Modelo Pro c/ Impressora;2021-02-02;Bloqueada
3341;2517;Modelo Chip Básico;2021-05-25;Ativa
3342;2518;Modelo Chip Básico;2023-09-02;Ativa
3343;2518;Modelo Pro c/ Impressora;2023-08-27;Bloqueada
3344;2518;Modelo Chip Básico;2023-09-05;Inativa
3345;2519;Modelo Smart Android;2023-03-10;Ativa
3346;2520;Modelo Pro c/ Impressora;2021-02-26;Bloqueada
3347;2521;Modelo Smart Android;2022-01-19;Bloqueada
3348;2522;Modelo Chip Básico;2023-09-14;Ativa
3349;2523;Modelo Pro c/ Impressora;2022-08-19;Ativa
3350;2524;Modelo Pro c/ Impressora;2021-07-31;Ativa
3351;2525;Modelo Pro c/ Impressora;2023-05-30;Bloqueada
3352;2526;Modelo Chip Básico;2024-05-21;Bloqueada
3353;2526;Modelo Smart Android;2024-05-21;Ativa
3354;2527;Modelo Chip Básico;2023-10-24;Inativa
3355;2528;Modelo Pro c/ Impressora;2022-09-14;Ativa
3356;2529;Modelo Chip Básico;2022-04-16;Ativa
3357;2529;Modelo Pro c/ Impressora;2022-04-11;Ativa
3358;2530;Modelo Smart Android;2023-07-01;Ativa
3359;2531;Modelo Chip Básico;2022-09-30;Ativa
3360;2531;Modelo Chip Básico;2022-10-01;Bloqueada
3361;2532;Modelo Smart Android;2022-02-16;Bloqueada
3362;2533;Modelo Smart Android;2022-09-23;Bloqueada
3363;2534;Modelo Chip Básico;2021-07-30;Ativa
3364;2535;Modelo Smart Android;2023-03-11;Ativa
3365;2536;Modelo Chip Básico;2022-06-16;Inativa
3366;2537;Modelo Pro c/ Impressora;2023-06-30;Ativa
3367;2537;Modelo Pro c/ Impressora;2023-06-30;Ativa
3368;2538;Modelo Chip Básico;2023-12-22;Inativa
3369;2538;Modelo Pro c/ Impressora;2023-12-14;Ativa
3370;2538;Modelo Smart Android;2023-12-22;Ativa
3371;2539;Modelo Pro c/ Impressora;2022-05-17;Ativa
3372;2540;Modelo Chip Básico;2023-09-04;Ativa
3373;2541;Modelo Chip Básico;2022-01-03;Ativa
3374;2542;Modelo Pro c/ Impressora;2022-12-31;Ativa
3375;2543;Modelo Pro c/ Impressora;2023-11-06;Ativa
3376;2544;Modelo Chip Básico;2021-03-22;Inativa
3377;2545;Modelo Pro c/ Impressora;2023-12-29;Ativa
3378;2546;Modelo Chip Básico;2022-06-02;Ativa
3379;2547;Modelo Smart Android;2023-08-24;Ativa
3380;2548;Modelo Chip Básico;2022-08-27;Bloqueada
3381;2548;Modelo Pro c/ Impressora;2022-08-18;Bloqueada
3382;2548;Modelo Chip Básico;2022-08-28;Ativa
3383;2549;Modelo Smart Android;2022-03-28;Ativa
3384;2550;Modelo Chip Básico;2022-07-15;Ativa
3385;2551;Modelo Smart Android;2023-12-28;Inativa
3386;2551;Modelo Smart Android;2023-12-28;Inativa
3387;2552;Modelo Smart Android;2024-04-03;Ativa
3388;2553;Modelo Pro c/ Impressora;2022-10-28;Ativa
3389;2553;Modelo Pro c/ Impressora;2022-11-05;Bloqueada
3390;2554;Modelo Pro c/ Impressora;2021-11-27;Bloqueada
3391;2555;Modelo Chip Básico;2022-11-03;Inativa
3392;2556;Modelo Chip Básico;2024-10-27;Ativa
3393;2557;Modelo Chip Básico;2022-03-09;Ativa
3394;2558;Modelo Chip Básico;2022-11-21;Inativa
3395;2559;Modelo Pro c/ Impressora;2023-08-13;Ativa
3396;2560;Modelo Smart Android;2022-05-20;Bloqueada
3397;2561;Modelo Chip Básico;2023-01-01;Ativa
3398;2562;Modelo Pro c/ Impressora;2024-06-16;Ativa
3399;2563;Modelo Pro c/ Impressora;2024-01-29;Inativa
3400;2564;Modelo Pro c/ Impressora;2023-10-16;Ativa
3401;2565;Modelo Chip Básico;2022-04-18;Bloqueada
3402;2565;Modelo Pro c/ Impressora;2022-04-26;Ativa
3403;2566;Modelo Pro c/ Impressora;2022-08-23;Ativa
3404;2566;Modelo Chip Básico;2022-08-27;Ativa
3405;2567;Modelo Chip Básico;2021-02-21;Bloqueada
3406;2567;Modelo Pro c/ Impressora;2021-02-23;Ativa
3407;2568;Modelo Chip Básico;2024-04-25;Ativa
3408;2569;Modelo Chip Básico;2022-02-25;Inativa
3409;2569;Modelo Chip Básico;2022-02-21;Bloqueada
3410;2570;Modelo Chip Básico;2024-04-16;Ativa
3411;2571;Modelo Pro c/ Impressora;2023-11-26;Ativa
3412;2572;Modelo Pro c/ Impressora;2023-04-13;Ativa
3413;2573;Modelo Smart Android;2021-02-24;Bloqueada
3414;2574;Modelo Chip Básico;2023-07-29;Inativa
3415;2575;Modelo Chip Básico;2023-04-05;Inativa
3416;2575;Modelo Chip Básico;2023-03-23;Ativa
3417;2575;Modelo Chip Básico;2023-04-03;Ativa
3418;2576;Modelo Chip Básico;2021-11-14;Ativa
3419;2577;Modelo Pro c/ Impressora;2024-08-12;Ativa
3420;2578;Modelo Chip Básico;2022-06-28;Ativa
3421;2579;Modelo Pro c/ Impressora;2024-01-20;Ativa
3422;2579;Modelo Pro c/ Impressora;2024-01-17;Bloqueada
3423;2579;Modelo Pro c/ Impressora;2024-01-17;Ativa
3424;2579;Modelo Pro c/ Impressora;2024-01-08;Ativa
3425;2579;Modelo Chip Básico;2024-01-15;Ativa
3426;2580;Modelo Chip Básico;2021-06-02;Ativa
3427;2581;Modelo Smart Android;2021-04-24;Ativa
3428;2582;Modelo Chip Básico;2024-04-26;Inativa
3429;2583;Modelo Chip Básico;2024-08-19;Inativa
3430;2584;Modelo Pro c/ Impressora;2023-08-11;Bloqueada
3431;2585;Modelo Chip Básico;2021-10-24;Ativa
3432;2585;Modelo Smart Android;2021-11-01;Ativa
3433;2586;Modelo Chip Básico;2021-11-25;Ativa
3434;2587;Modelo Chip Básico;2022-12-12;Bloqueada
3435;2587;Modelo Chip Básico;2022-12-12;Ativa
3436;2587;Modelo Smart Android;2022-12-13;Ativa
3437;2587;Modelo Pro c/ Impressora;2022-12-10;Bloqueada
3438;2588;Modelo Chip Básico;2021-04-24;Inativa
3439;2589;Modelo Smart Android;2023-03-26;Inativa
3440;2590;Modelo Smart Android;2022-08-21;Ativa
3441;2591;Modelo Chip Básico;2022-07-16;Bloqueada
3442;2592;Modelo Pro c/ Impressora;2024-11-05;Bloqueada
3443;2593;Modelo Smart Android;2022-04-11;Ativa
3444;2594;Modelo Pro c/ Impressora;2022-10-15;Ativa
3445;2595;Modelo Pro c/ Impressora;2021-09-04;Inativa
3446;2596;Modelo Pro c/ Impressora;2024-08-22;Ativa
3447;2597;Modelo Chip Básico;2024-09-22;Bloqueada
3448;2598;Modelo Smart Android;2021-10-19;Ativa
3449;2599;Modelo Chip Básico;2023-01-02;Ativa
3450;2600;Modelo Chip Básico;2024-04-09;Ativa
3451;2600;Modelo Chip Básico;2024-04-05;Bloqueada
3452;2601;Modelo Pro c/ Impressora;2021-03-02;Ativa
3453;2602;Modelo Pro c/ Impressora;2021-06-24;Ativa
3454;2603;Modelo Pro c/ Impressora;2023-05-26;Ativa
3455;2604;Modelo Pro c/ Impressora;2022-05-20;Ativa
3456;2605;Modelo Chip Básico;2023-02-14;Ativa
3457;2606;Modelo Smart Android;2023-04-10;Ativa
3458;2607;Modelo Pro c/ Impressora;2024-03-04;Ativa
3459;2608;Modelo Pro c/ Impressora;2022-06-26;Inativa
3460;2608;Modelo Pro c/ Impressora;2022-06-13;Ativa
3461;2609;Modelo Pro c/ Impressora;2021-04-13;Bloqueada
3462;2610;Modelo Pro c/ Impressora;2023-04-05;Inativa
3463;2611;Modelo Pro c/ Impressora;2023-06-03;Ativa
3464;2612;Modelo Pro c/ Impressora;2023-11-29;Inativa
3465;2613;Modelo Pro c/ Impressora;2022-01-27;Bloqueada
3466;2613;Modelo Chip Básico;2022-01-25;Bloqueada
3467;2613;Modelo Chip Básico;2022-02-06;Ativa
3468;2614;Modelo Chip Básico;2022-03-08;Ativa
3469;2615;Modelo Smart Android;2021-01-24;Ativa
3470;2616;Modelo Smart Android;2023-12-03;Ativa
3471;2617;Modelo Chip Básico;2024-05-25;Bloqueada
3472;2618;Modelo Pro c/ Impressora;2021-01-10;Inativa
3473;2618;Modelo Pro c/ Impressora;2021-01-07;Ativa
3474;2618;Modelo Chip Básico;2021-01-17;Bloqueada
3475;2619;Modelo Pro c/ Impressora;2022-05-14;Ativa
3476;2620;Modelo Smart Android;2021-01-13;Bloqueada
3477;2620;Modelo Chip Básico;2021-01-19;Bloqueada
3478;2621;Modelo Chip Básico;2021-03-24;Ativa
3479;2622;Modelo Chip Básico;2023-08-07;Ativa
3480;2623;Modelo Pro c/ Impressora;2024-07-17;Ativa
3481;2624;Modelo Chip Básico;2023-11-06;Inativa
3482;2624;Modelo Pro c/ Impressora;2023-11-02;Ativa
3483;2625;Modelo Pro c/ Impressora;2024-06-02;Ativa
3484;2625;Modelo Pro c/ Impressora;2024-06-02;Inativa
3485;2626;Modelo Smart Android;2024-08-03;Ativa
3486;2626;Modelo Pro c/ Impressora;2024-08-11;Ativa
3487;2627;Modelo Chip Básico;2021-03-17;Ativa
3488;2628;Modelo Chip Básico;2022-04-11;Inativa
3489;2629;Modelo Pro c/ Impressora;2021-03-10;Ativa
3490;2630;Modelo Smart Android;2021-07-03;Ativa
3491;2631;Modelo Pro c/ Impressora;2023-12-21;Inativa
3492;2632;Modelo Pro c/ Impressora;2021-01-29;Inativa
3493;2632;Modelo Chip Básico;2021-01-25;Ativa
3494;2633;Modelo Chip Básico;2021-11-03;Inativa
3495;2633;Modelo Pro c/ Impressora;2021-11-03;Ativa
3496;2634;Modelo Chip Básico;2021-09-07;Bloqueada
3497;2635;Modelo Chip Básico;2022-07-24;Inativa
3498;2636;Modelo Smart Android;2023-02-04;Bloqueada
3499;2637;Modelo Pro c/ Impressora;2024-03-15;Bloqueada
3500;2638;Modelo Chip Básico;2022-05-15;Bloqueada
3501;2639;Modelo Chip Básico;2022-12-23;Inativa
3502;2640;Modelo Chip Básico;2022-06-14;Inativa
3503;2641;Modelo Smart Android;2023-12-07;Ativa
3504;2641;Modelo Smart Android;2023-12-07;Inativa
3505;2642;Modelo Chip Básico;2022-03-30;Ativa
3506;2643;Modelo Chip Básico;2023-02-08;Ativa
3507;2644;Modelo Pro c/ Impressora;2024-01-30;Ativa
3508;2645;Modelo Chip Básico;2022-05-01;Inativa
3509;2646;Modelo Smart Android;2022-10-06;Ativa
3510;2647;Modelo Chip Básico;2021-09-17;Ativa
3511;2647;Modelo Chip Básico;2021-09-14;Bloqueada
3512;2648;Modelo Smart Android;2024-04-12;Inativa
3513;2648;Modelo Pro c/ Impressora;2024-04-20;Inativa
3514;2648;Modelo Pro c/ Impressora;2024-04-16;Ativa
3515;2648;Modelo Smart Android;2024-04-07;Ativa
3516;2648;Modelo Smart Android;2024-04-12;Bloqueada
3517;2649;Modelo Chip Básico;2023-07-17;Ativa
3518;2649;Modelo Chip Básico;2023-07-16;Ativa
3519;2649;Modelo Pro c/ Impressora;2023-07-14;Ativa
3520;2649;Modelo Smart Android;2023-07-08;Ativa
3521;2650;Modelo Chip Básico;2023-11-11;Inativa
3522;2651;Modelo Pro c/ Impressora;2021-04-24;Ativa
3523;2652;Modelo Pro c/ Impressora;2024-03-20;Ativa
3524;2653;Modelo Pro c/ Impressora;2022-11-15;Ativa
3525;2654;Modelo Chip Básico;2022-05-22;Inativa
3526;2655;Modelo Chip Básico;2024-01-29;Ativa
3527;2655;Modelo Pro c/ Impressora;2024-02-01;Ativa
3528;2656;Modelo Smart Android;2022-09-10;Ativa
3529;2656;Modelo Pro c/ Impressora;2022-09-07;Ativa
3530;2656;Modelo Chip Básico;2022-09-02;Ativa
3531;2657;Modelo Chip Básico;2023-03-09;Ativa
3532;2657;Modelo Pro c/ Impressora;2023-03-14;Inativa
3533;2658;Modelo Pro c/ Impressora;2023-12-05;Ativa
3534;2659;Modelo Smart Android;2022-08-05;Ativa
3535;2660;Modelo Smart Android;2021-06-02;Ativa
3536;2661;Modelo Smart Android;2021-05-07;Inativa
3537;2661;Modelo Smart Android;2021-04-29;Ativa
3538;2661;Modelo Chip Básico;2021-04-24;Inativa
3539;2662;Modelo Pro c/ Impressora;2021-05-31;Ativa
3540;2663;Modelo Pro c/ Impressora;2021-03-06;Ativa
3541;2664;Modelo Smart Android;2021-10-16;Ativa
3542;2665;Modelo Pro c/ Impressora;2022-12-11;Ativa
3543;2666;Modelo Smart Android;2024-04-16;Ativa
3544;2667;Modelo Chip Básico;2023-05-11;Ativa
3545;2667;Modelo Chip Básico;2023-05-20;Ativa
3546;2668;Modelo Chip Básico;2022-05-24;Ativa
3547;2669;Modelo Chip Básico;2023-07-30;Ativa
3548;2670;Modelo Pro c/ Impressora;2024-09-10;Ativa
3549;2671;Modelo Chip Básico;2024-07-31;Inativa
3550;2671;Modelo Chip Básico;2024-08-08;Bloqueada
3551;2672;Modelo Chip Básico;2021-11-11;Bloqueada
3552;2673;Modelo Smart Android;2023-02-28;Ativa
3553;2674;Modelo Smart Android;2022-04-30;Ativa
3554;2675;Modelo Pro c/ Impressora;2022-02-16;Inativa
3555;2676;Modelo Pro c/ Impressora;2023-01-16;Ativa
3556;2677;Modelo Pro c/ Impressora;2022-09-04;Ativa
3557;2678;Modelo Pro c/ Impressora;2023-05-04;Inativa
3558;2678;Modelo Smart Android;2023-05-08;Inativa
3559;2679;Modelo Chip Básico;2023-12-12;Ativa
3560;2680;Modelo Chip Básico;2023-03-04;Ativa
3561;2681;Modelo Smart Android;2021-06-14;Ativa
3562;2681;Modelo Pro c/ Impressora;2021-06-20;Bloqueada
3563;2682;Modelo Chip Básico;2022-04-04;Inativa
3564;2683;Modelo Pro c/ Impressora;2024-03-18;Bloqueada
3565;2684;Modelo Pro c/ Impressora;2021-03-03;Ativa
3566;2685;Modelo Pro c/ Impressora;2021-11-03;Inativa
3567;2685;Modelo Pro c/ Impressora;2021-10-24;Ativa
3568;2685;Modelo Chip Básico;2021-10-27;Ativa
3569;2686;Modelo Pro c/ Impressora;2022-04-04;Inativa
3570;2687;Modelo Pro c/ Impressora;2024-01-22;Ativa
3571;2688;Modelo Chip Básico;2021-12-11;Ativa
3572;2689;Modelo Chip Básico;2023-11-07;Ativa
3573;2690;Modelo Smart Android;2021-08-07;Ativa
3574;2691;Modelo Pro c/ Impressora;2021-01-06;Ativa
3575;2692;Modelo Chip Básico;2021-02-07;Ativa
3576;2693;Modelo Chip Básico;2023-10-12;Ativa
3577;2694;Modelo Chip Básico;2021-04-15;Ativa
3578;2694;Modelo Pro c/ Impressora;2021-04-18;Inativa
3579;2695;Modelo Pro c/ Impressora;2021-08-03;Ativa
3580;2696;Modelo Smart Android;2023-07-19;Ativa
3581;2697;Modelo Chip Básico;2023-10-23;Ativa
3582;2698;Modelo Pro c/ Impressora;2022-11-16;Inativa
3583;2699;Modelo Smart Android;2023-04-04;Ativa
3584;2700;Modelo Chip Básico;2021-03-24;Inativa
3585;2701;Modelo Pro c/ Impressora;2023-06-20;Ativa
3586;2701;Modelo Chip Básico;2023-06-29;Ativa
3587;2702;Modelo Chip Básico;2023-09-25;Ativa
3588;2702;Modelo Smart Android;2023-09-29;Ativa
3589;2703;Modelo Pro c/ Impressora;2024-01-24;Ativa
3590;2703;Modelo Chip Básico;2024-01-24;Ativa
3591;2704;Modelo Pro c/ Impressora;2023-10-06;Ativa
3592;2705;Modelo Pro c/ Impressora;2021-03-30;Inativa
3593;2706;Modelo Smart Android;2022-02-12;Bloqueada
3594;2707;Modelo Chip Básico;2021-06-03;Inativa
3595;2708;Modelo Smart Android;2024-02-12;Ativa
3596;2708;Modelo Chip Básico;2024-02-10;Bloqueada
3597;2709;Modelo Chip Básico;2022-11-24;Ativa
3598;2710;Modelo Pro c/ Impressora;2023-07-09;Inativa
3599;2711;Modelo Pro c/ Impressora;2023-06-09;Ativa
3600;2712;Modelo Chip Básico;2023-12-11;Ativa
3601;2713;Modelo Chip Básico;2022-11-20;Ativa
3602;2714;Modelo Pro c/ Impressora;2022-04-20;Ativa
3603;2715;Modelo Pro c/ Impressora;2022-11-30;Ativa
3604;2716;Modelo Pro c/ Impressora;2022-04-29;Ativa
3605;2716;Modelo Chip Básico;2022-05-01;Ativa
3606;2717;Modelo Pro c/ Impressora;2022-11-02;Ativa
3607;2718;Modelo Pro c/ Impressora;2021-01-22;Ativa
3608;2718;Modelo Chip Básico;2021-01-23;Ativa
3609;2719;Modelo Pro c/ Impressora;2024-02-02;Ativa
3610;2720;Modelo Pro c/ Impressora;2024-06-26;Ativa
3611;2720;Modelo Smart Android;2024-06-18;Ativa
3612;2720;Modelo Smart Android;2024-06-21;Ativa
3613;2721;Modelo Smart Android;2022-01-20;Bloqueada
3614;2722;Modelo Chip Básico;2024-04-30;Ativa
3615;2722;Modelo Pro c/ Impressora;2024-04-30;Ativa
3616;2723;Modelo Pro c/ Impressora;2024-08-23;Inativa
3617;2724;Modelo Smart Android;2021-02-18;Inativa
3618;2724;Modelo Chip Básico;2021-02-08;Ativa
3619;2725;Modelo Chip Básico;2023-05-30;Ativa
3620;2726;Modelo Pro c/ Impressora;2022-10-16;Ativa
3621;2727;Modelo Pro c/ Impressora;2022-12-11;Ativa
3622;2728;Modelo Pro c/ Impressora;2021-09-09;Ativa
3623;2729;Modelo Smart Android;2024-02-14;Inativa
3624;2730;Modelo Smart Android;2021-03-12;Ativa
3625;2731;Modelo Pro c/ Impressora;2023-08-11;Ativa
3626;2731;Modelo Smart Android;2023-08-08;Ativa
3627;2732;Modelo Smart Android;2022-04-28;Ativa
3628;2733;Modelo Pro c/ Impressora;2022-08-11;Ativa
3629;2733;Modelo Pro c/ Impressora;2022-08-10;Bloqueada
3630;2733;Modelo Smart Android;2022-08-07;Ativa
3631;2733;Modelo Chip Básico;2022-08-04;Ativa
3632;2733;Modelo Pro c/ Impressora;2022-07-30;Bloqueada
3633;2734;Modelo Pro c/ Impressora;2021-10-20;Ativa
3634;2735;Modelo Chip Básico;2021-01-19;Ativa
3635;2736;Modelo Pro c/ Impressora;2024-03-18;Ativa
3636;2736;Modelo Chip Básico;2024-03-15;Ativa
3637;2736;Modelo Smart Android;2024-03-18;Inativa
3638;2737;Modelo Pro c/ Impressora;2021-08-31;Ativa
3639;2738;Modelo Chip Básico;2024-03-26;Ativa
3640;2738;Modelo Chip Básico;2024-04-03;Bloqueada
3641;2738;Modelo Pro c/ Impressora;2024-03-28;Ativa
3642;2739;Modelo Smart Android;2024-11-03;Ativa
3643;2740;Modelo Chip Básico;2021-09-17;Ativa
3644;2741;Modelo Chip Básico;2021-06-06;Bloqueada
3645;2742;Modelo Smart Android;2021-05-09;Bloqueada
3646;2743;Modelo Pro c/ Impressora;2023-05-24;Ativa
3647;2743;Modelo Chip Básico;2023-05-21;Ativa
3648;2743;Modelo Chip Básico;2023-05-17;Inativa
3649;2744;Modelo Pro c/ Impressora;2024-05-29;Bloqueada
3650;2745;Modelo Chip Básico;2021-09-04;Inativa
3651;2745;Modelo Chip Básico;2021-09-13;Ativa
3652;2746;Modelo Chip Básico;2022-10-10;Ativa
3653;2747;Modelo Chip Básico;2022-03-20;Ativa
3654;2747;Modelo Smart Android;2022-03-15;Ativa
3655;2748;Modelo Pro c/ Impressora;2023-01-22;Bloqueada
3656;2748;Modelo Pro c/ Impressora;2023-01-21;Bloqueada
3657;2748;Modelo Chip Básico;2023-01-14;Bloqueada
3658;2748;Modelo Smart Android;2023-01-21;Inativa
3659;2749;Modelo Pro c/ Impressora;2022-01-06;Bloqueada
3660;2750;Modelo Pro c/ Impressora;2024-06-26;Inativa
3661;2751;Modelo Pro c/ Impressora;2023-02-02;Bloqueada
3662;2751;Modelo Pro c/ Impressora;2023-02-01;Ativa
3663;2751;Modelo Pro c/ Impressora;2023-02-01;Ativa
3664;2752;Modelo Smart Android;2022-01-06;Bloqueada
3665;2753;Modelo Chip Básico;2023-11-02;Ativa
3666;2754;Modelo Chip Básico;2023-11-28;Inativa
3667;2755;Modelo Chip Básico;2023-02-10;Ativa
3668;2756;Modelo Smart Android;2022-06-22;Ativa
3669;2756;Modelo Pro c/ Impressora;2022-06-11;Bloqueada
3670;2757;Modelo Chip Básico;2023-01-25;Ativa
3671;2758;Modelo Smart Android;2023-01-11;Ativa
3672;2759;Modelo Chip Básico;2024-08-02;Ativa
3673;2760;Modelo Chip Básico;2024-09-14;Ativa
3674;2761;Modelo Chip Básico;2024-10-03;Inativa
3675;2762;Modelo Smart Android;2021-12-07;Ativa
3676;2762;Modelo Pro c/ Impressora;2021-11-28;Inativa
3677;2762;Modelo Pro c/ Impressora;2021-12-07;Inativa
3678;2763;Modelo Chip Básico;2021-07-06;Ativa
3679;2764;Modelo Pro c/ Impressora;2024-10-07;Bloqueada
3680;2765;Modelo Pro c/ Impressora;2022-10-19;Ativa
3681;2765;Modelo Pro c/ Impressora;2022-10-21;Ativa
3682;2766;Modelo Chip Básico;2022-08-29;Ativa
3683;2767;Modelo Chip Básico;2022-09-25;Ativa
3684;2768;Modelo Chip Básico;2024-03-29;Ativa
3685;2769;Modelo Pro c/ Impressora;2021-05-15;Bloqueada
3686;2770;Modelo Smart Android;2024-02-05;Ativa
3687;2771;Modelo Chip Básico;2023-11-27;Ativa
3688;2772;Modelo Smart Android;2021-11-02;Ativa
3689;2773;Modelo Chip Básico;2023-12-04;Ativa
3690;2773;Modelo Chip Básico;2023-12-06;Ativa
3691;2774;Modelo Chip Básico;2024-09-26;Inativa
3692;2774;Modelo Pro c/ Impressora;2024-09-22;Ativa
3693;2775;Modelo Pro c/ Impressora;2023-07-23;Ativa
3694;2775;Modelo Pro c/ Impressora;2023-07-29;Ativa
3695;2776;Modelo Chip Básico;2022-09-13;Ativa
3696;2777;Modelo Chip Básico;2021-04-10;Ativa
3697;2777;Modelo Smart Android;2021-04-05;Bloqueada
3698;2778;Modelo Chip Básico;2022-10-13;Ativa
3699;2779;Modelo Chip Básico;2022-05-10;Inativa
3700;2779;Modelo Pro c/ Impressora;2022-05-11;Ativa
3701;2780;Modelo Chip Básico;2021-03-09;Inativa
3702;2781;Modelo Pro c/ Impressora;2022-11-14;Ativa
3703;2782;Modelo Chip Básico;2022-12-21;Ativa
3704;2783;Modelo Pro c/ Impressora;2023-08-31;Inativa
3705;2784;Modelo Smart Android;2021-12-15;Ativa
3706;2784;Modelo Smart Android;2021-12-09;Inativa
3707;2785;Modelo Pro c/ Impressora;2021-11-05;Ativa
3708;2786;Modelo Pro c/ Impressora;2022-06-16;Inativa
3709;2786;Modelo Chip Básico;2022-06-11;Bloqueada
3710;2787;Modelo Smart Android;2021-09-10;Inativa
3711;2788;Modelo Smart Android;2023-02-18;Bloqueada
3712;2789;Modelo Pro c/ Impressora;2022-06-08;Bloqueada
3713;2790;Modelo Smart Android;2023-01-24;Ativa
3714;2791;Modelo Pro c/ Impressora;2022-11-04;Ativa
3715;2792;Modelo Chip Básico;2021-12-27;Ativa
3716;2792;Modelo Chip Básico;2022-01-08;Ativa
3717;2793;Modelo Chip Básico;2022-06-26;Ativa
3718;2794;Modelo Chip Básico;2024-10-22;Ativa
3719;2795;Modelo Pro c/ Impressora;2021-08-05;Ativa
3720;2796;Modelo Chip Básico;2024-10-06;Inativa
3721;2797;Modelo Chip Básico;2022-08-15;Ativa
3722;2798;Modelo Pro c/ Impressora;2021-04-08;Ativa
3723;2799;Modelo Pro c/ Impressora;2023-11-22;Ativa
3724;2800;Modelo Pro c/ Impressora;2023-11-15;Bloqueada
3725;2801;Modelo Chip Básico;2021-01-11;Ativa
3726;2802;Modelo Chip Básico;2021-10-14;Ativa
3727;2802;Modelo Pro c/ Impressora;2021-10-25;Ativa
3728;2803;Modelo Chip Básico;2023-12-06;Inativa
3729;2804;Modelo Chip Básico;2023-09-22;Ativa
3730;2805;Modelo Pro c/ Impressora;2022-07-26;Ativa
3731;2806;Modelo Pro c/ Impressora;2023-12-15;Ativa
3732;2806;Modelo Smart Android;2023-12-24;Ativa
3733;2807;Modelo Pro c/ Impressora;2023-07-03;Inativa
3734;2808;Modelo Pro c/ Impressora;2023-10-20;Bloqueada
3735;2809;Modelo Pro c/ Impressora;2023-06-26;Ativa
3736;2810;Modelo Pro c/ Impressora;2023-03-19;Ativa
3737;2811;Modelo Chip Básico;2024-10-31;Ativa
3738;2812;Modelo Smart Android;2022-09-02;Ativa
3739;2813;Modelo Chip Básico;2022-11-23;Ativa
3740;2814;Modelo Pro c/ Impressora;2024-08-24;Ativa
3741;2815;Modelo Smart Android;2023-04-12;Bloqueada
3742;2816;Modelo Chip Básico;2023-09-11;Inativa
3743;2817;Modelo Chip Básico;2022-08-06;Ativa
3744;2818;Modelo Pro c/ Impressora;2021-05-19;Ativa
3745;2819;Modelo Pro c/ Impressora;2021-06-25;Ativa
3746;2820;Modelo Pro c/ Impressora;2022-10-17;Ativa
3747;2821;Modelo Chip Básico;2023-09-08;Ativa
3748;2821;Modelo Smart Android;2023-09-01;Ativa
3749;2821;Modelo Chip Básico;2023-08-31;Inativa
3750;2822;Modelo Smart Android;2022-12-26;Ativa
3751;2823;Modelo Pro c/ Impressora;2022-09-14;Ativa
3752;2824;Modelo Chip Básico;2023-07-31;Ativa
3753;2825;Modelo Pro c/ Impressora;2024-05-08;Ativa
3754;2825;Modelo Chip Básico;2024-05-10;Ativa
3755;2826;Modelo Pro c/ Impressora;2023-07-15;Inativa
3756;2827;Modelo Pro c/ Impressora;2021-11-05;Ativa
3757;2828;Modelo Chip Básico;2021-05-16;Bloqueada
3758;2829;Modelo Smart Android;2022-04-06;Inativa
3759;2830;Modelo Chip Básico;2024-08-15;Bloqueada
3760;2830;Modelo Pro c/ Impressora;2024-08-08;Ativa
3761;2831;Modelo Chip Básico;2023-10-25;Ativa
3762;2831;Modelo Pro c/ Impressora;2023-11-04;Ativa
3763;2832;Modelo Chip Básico;2023-10-02;Ativa
3764;2833;Modelo Pro c/ Impressora;2023-12-26;Bloqueada
3765;2834;Modelo Pro c/ Impressora;2022-08-02;Inativa
3766;2835;Modelo Pro c/ Impressora;2024-06-14;Bloqueada
3767;2836;Modelo Chip Básico;2022-02-28;Ativa
3768;2837;Modelo Smart Android;2021-06-13;Ativa
3769;2838;Modelo Pro c/ Impressora;2021-06-07;Bloqueada
3770;2839;Modelo Pro c/ Impressora;2023-12-26;Ativa
3771;2840;Modelo Chip Básico;2021-03-28;Bloqueada
3772;2841;Modelo Chip Básico;2024-10-23;Bloqueada
3773;2842;Modelo Pro c/ Impressora;2023-04-24;Ativa
3774;2843;Modelo Smart Android;2024-09-22;Ativa
3775;2844;Modelo Pro c/ Impressora;2021-01-18;Bloqueada
3776;2845;Modelo Chip Básico;2023-01-22;Ativa
3777;2845;Modelo Pro c/ Impressora;2023-01-19;Inativa
3778;2846;Modelo Chip Básico;2021-05-30;Ativa
3779;2847;Modelo Chip Básico;2021-04-20;Ativa
3780;2848;Modelo Chip Básico;2023-07-29;Ativa
3781;2849;Modelo Chip Básico;2022-04-26;Bloqueada
3782;2850;Modelo Chip Básico;2021-10-08;Ativa
3783;2850;Modelo Pro c/ Impressora;2021-09-27;Inativa
3784;2851;Modelo Smart Android;2022-12-26;Ativa
3785;2852;Modelo Smart Android;2021-07-15;Ativa
3786;2853;Modelo Smart Android;2023-11-26;Inativa
3787;2854;Modelo Pro c/ Impressora;2022-12-12;Bloqueada
3788;2855;Modelo Pro c/ Impressora;2022-09-13;Ativa
3789;2856;Modelo Smart Android;2024-01-27;Ativa
3790;2856;Modelo Pro c/ Impressora;2024-02-01;Ativa
3791;2857;Modelo Chip Básico;2021-12-09;Ativa
3792;2857;Modelo Pro c/ Impressora;2021-12-19;Ativa
3793;2857;Modelo Chip Básico;2021-12-08;Inativa
3794;2858;Modelo Pro c/ Impressora;2021-03-01;Ativa
3795;2859;Modelo Chip Básico;2023-07-18;Ativa
3796;2860;Modelo Pro c/ Impressora;2024-05-29;Bloqueada
3797;2861;Modelo Chip Básico;2022-07-27;Inativa
3798;2862;Modelo Pro c/ Impressora;2022-06-05;Inativa
3799;2863;Modelo Chip Básico;2022-10-17;Bloqueada
3800;2864;Modelo Pro c/ Impressora;2024-05-08;Inativa
3801;2865;Modelo Chip Básico;2021-09-28;Ativa
3802;2866;Modelo Smart Android;2022-01-31;Ativa
3803;2867;Modelo Chip Básico;2021-01-25;Ativa
3804;2868;Modelo Chip Básico;2023-10-26;Ativa
3805;2869;Modelo Smart Android;2022-03-12;Ativa
3806;2870;Modelo Pro c/ Impressora;2022-12-26;Ativa
3807;2870;Modelo Pro c/ Impressora;2022-12-13;Inativa
3808;2870;Modelo Smart Android;2022-12-18;Ativa
3809;2871;Modelo Pro c/ Impressora;2022-12-18;Inativa
3810;2871;Modelo Chip Básico;2022-12-05;Inativa
3811;2872;Modelo Smart Android;2023-06-06;Ativa
3812;2873;Modelo Pro c/ Impressora;2024-10-02;Ativa
3813;2874;Modelo Pro c/ Impressora;2021-04-18;Ativa
3814;2875;Modelo Smart Android;2022-05-15;Ativa
3815;2876;Modelo Pro c/ Impressora;2022-04-08;Ativa
3816;2876;Modelo Smart Android;2022-04-04;Bloqueada
3817;2877;Modelo Smart Android;2022-09-26;Ativa
3818;2878;Modelo Pro c/ Impressora;2022-01-21;Bloqueada
3819;2879;Modelo Smart Android;2024-02-27;Ativa
3820;2880;Modelo Smart Android;2022-03-04;Ativa
3821;2880;Modelo Smart Android;2022-03-02;Ativa
3822;2881;Modelo Chip Básico;2024-05-27;Inativa
3823;2882;Modelo Chip Básico;2022-11-24;Ativa
3824;2883;Modelo Chip Básico;2023-04-22;Bloqueada
3825;2884;Modelo Smart Android;2024-04-04;Ativa
3826;2884;Modelo Chip Básico;2024-04-01;Bloqueada
3827;2885;Modelo Chip Básico;2021-12-31;Bloqueada
3828;2886;Modelo Chip Básico;2023-11-23;Ativa
3829;2887;Modelo Pro c/ Impressora;2023-08-05;Ativa
3830;2888;Modelo Chip Básico;2022-08-24;Ativa
3831;2888;Modelo Pro c/ Impressora;2022-08-24;Ativa
3832;2889;Modelo Smart Android;2021-12-07;Ativa
3833;2889;Modelo Pro c/ Impressora;2021-12-09;Inativa
3834;2890;Modelo Smart Android;2022-07-04;Ativa
3835;2891;Modelo Pro c/ Impressora;2023-05-18;Inativa
3836;2892;Modelo Chip Básico;2022-07-28;Ativa
3837;2892;Modelo Smart Android;2022-07-16;Inativa
3838;2892;Modelo Chip Básico;2022-07-24;Ativa
3839;2892;Modelo Pro c/ Impressora;2022-07-18;Inativa
3840;2893;Modelo Pro c/ Impressora;2023-06-16;Ativa
3841;2893;Modelo Chip Básico;2023-06-21;Inativa
3842;2894;Modelo Chip Básico;2022-07-03;Ativa
3843;2895;Modelo Pro c/ Impressora;2021-07-12;Ativa
3844;2896;Modelo Pro c/ Impressora;2022-11-05;Ativa
3845;2897;Modelo Pro c/ Impressora;2024-03-19;Ativa
3846;2898;Modelo Smart Android;2024-08-02;Ativa
3847;2898;Modelo Smart Android;2024-07-29;Ativa
3848;2898;Modelo Smart Android;2024-07-28;Ativa
3849;2899;Modelo Pro c/ Impressora;2021-09-18;Ativa
3850;2900;Modelo Chip Básico;2024-01-01;Ativa
3851;2900;Modelo Chip Básico;2023-12-28;Ativa
3852;2901;Modelo Pro c/ Impressora;2023-04-25;Ativa
3853;2902;Modelo Chip Básico;2022-02-04;Ativa
3854;2903;Modelo Pro c/ Impressora;2023-01-31;Ativa
3855;2903;Modelo Chip Básico;2023-01-28;Ativa
3856;2903;Modelo Pro c/ Impressora;2023-02-04;Bloqueada
3857;2904;Modelo Smart Android;2024-09-14;Bloqueada
3858;2905;Modelo Smart Android;2023-10-31;Ativa
3859;2905;Modelo Pro c/ Impressora;2023-11-11;Inativa
3860;2906;Modelo Chip Básico;2023-02-23;Ativa
3861;2907;Modelo Chip Básico;2022-07-29;Ativa
3862;2907;Modelo Smart Android;2022-08-04;Inativa
3863;2908;Modelo Chip Básico;2022-08-30;Ativa
3864;2909;Modelo Smart Android;2023-02-15;Ativa
3865;2910;Modelo Chip Básico;2022-05-07;Ativa
3866;2910;Modelo Smart Android;2022-05-20;Ativa
3867;2911;Modelo Smart Android;2021-11-06;Ativa
3868;2912;Modelo Chip Básico;2022-06-26;Inativa
3869;2913;Modelo Smart Android;2022-04-19;Ativa
3870;2913;Modelo Chip Básico;2022-04-28;Ativa
3871;2913;Modelo Pro c/ Impressora;2022-04-24;Ativa
3872;2914;Modelo Chip Básico;2024-02-08;Ativa
3873;2915;Modelo Chip Básico;2021-06-22;Bloqueada
3874;2915;Modelo Pro c/ Impressora;2021-06-23;Ativa
3875;2916;Modelo Pro c/ Impressora;2024-08-25;Inativa
3876;2917;Modelo Chip Básico;2024-04-22;Ativa
3877;2917;Modelo Smart Android;2024-04-22;Bloqueada
3878;2918;Modelo Chip Básico;2023-05-23;Ativa
3879;2919;Modelo Pro c/ Impressora;2023-04-23;Ativa
3880;2920;Modelo Smart Android;2024-08-01;Ativa
3881;2921;Modelo Smart Android;2024-03-30;Ativa
3882;2922;Modelo Chip Básico;2022-07-26;Ativa
3883;2923;Modelo Pro c/ Impressora;2021-11-19;Ativa
3884;2923;Modelo Smart Android;2021-12-01;Bloqueada
3885;2924;Modelo Smart Android;2023-07-16;Ativa
3886;2925;Modelo Chip Básico;2022-07-01;Inativa
3887;2926;Modelo Chip Básico;2024-03-16;Ativa
3888;2927;Modelo Chip Básico;2021-03-26;Ativa
3889;2928;Modelo Pro c/ Impressora;2021-08-24;Bloqueada
3890;2929;Modelo Pro c/ Impressora;2023-06-27;Ativa
3891;2930;Modelo Pro c/ Impressora;2022-10-20;Ativa
3892;2931;Modelo Chip Básico;2023-11-03;Inativa
3893;2932;Modelo Pro c/ Impressora;2023-11-20;Ativa
3894;2933;Modelo Chip Básico;2022-09-19;Bloqueada
3895;2933;Modelo Chip Básico;2022-09-19;Ativa
3896;2934;Modelo Smart Android;2021-01-23;Bloqueada
3897;2935;Modelo Pro c/ Impressora;2023-03-07;Ativa
3898;2936;Modelo Chip Básico;2024-06-06;Bloqueada
3899;2937;Modelo Pro c/ Impressora;2024-06-01;Ativa
3900;2937;Modelo Pro c/ Impressora;2024-06-06;Inativa
3901;2938;Modelo Chip Básico;2024-08-04;Ativa
3902;2939;Modelo Smart Android;2021-03-25;Ativa
3903;2940;Modelo Chip Básico;2022-05-21;Ativa
3904;2941;Modelo Pro c/ Impressora;2022-03-30;Ativa
3905;2941;Modelo Chip Básico;2022-03-29;Inativa
3906;2942;Modelo Chip Básico;2023-11-24;Inativa
3907;2942;Modelo Smart Android;2023-11-20;Ativa
3908;2943;Modelo Chip Básico;2021-04-23;Inativa
3909;2944;Modelo Chip Básico;2021-08-11;Inativa
3910;2944;Modelo Chip Básico;2021-08-23;Ativa
3911;2944;Modelo Pro c/ Impressora;2021-08-10;Ativa
3912;2945;Modelo Pro c/ Impressora;2022-12-12;Ativa
3913;2945;Modelo Pro c/ Impressora;2022-12-16;Ativa
3914;2946;Modelo Smart Android;2022-08-01;Ativa
3915;2947;Modelo Pro c/ Impressora;2023-05-27;Ativa
3916;2947;Modelo Pro c/ Impressora;2023-05-30;Ativa
3917;2948;Modelo Chip Básico;2021-08-23;Ativa
3918;2949;Modelo Chip Básico;2023-09-14;Ativa
3919;2950;Modelo Chip Básico;2022-02-28;Ativa
3920;2951;Modelo Smart Android;2022-04-16;Inativa
3921;2951;Modelo Chip Básico;2022-04-24;Ativa
3922;2952;Modelo Chip Básico;2023-03-01;Ativa
3923;2952;Modelo Chip Básico;2023-03-08;Ativa
3924;2952;Modelo Pro c/ Impressora;2023-03-15;Ativa
3925;2952;Modelo Chip Básico;2023-03-02;Bloqueada
3926;2952;Modelo Chip Básico;2023-03-01;Ativa
3927;2953;Modelo Chip Básico;2024-09-05;Ativa
3928;2953;Modelo Chip Básico;2024-08-26;Inativa
3929;2954;Modelo Chip Básico;2023-03-16;Bloqueada
3930;2955;Modelo Chip Básico;2022-05-02;Ativa
3931;2956;Modelo Pro c/ Impressora;2021-11-23;Ativa
3932;2956;Modelo Pro c/ Impressora;2021-11-22;Ativa
3933;2957;Modelo Chip Básico;2021-01-17;Ativa
3934;2958;Modelo Pro c/ Impressora;2024-08-26;Ativa
3935;2959;Modelo Smart Android;2021-01-21;Ativa
3936;2959;Modelo Smart Android;2021-01-18;Ativa
3937;2960;Modelo Pro c/ Impressora;2022-02-26;Ativa
3938;2961;Modelo Chip Básico;2021-11-07;Ativa
3939;2961;Modelo Chip Básico;2021-11-11;Ativa
3940;2962;Modelo Pro c/ Impressora;2023-07-15;Ativa
3941;2963;Modelo Chip Básico;2022-02-25;Ativa
3942;2964;Modelo Smart Android;2022-03-23;Ativa
3943;2965;Modelo Pro c/ Impressora;2021-08-01;Inativa
3944;2966;Modelo Chip Básico;2021-04-08;Ativa
3945;2967;Modelo Pro c/ Impressora;2024-05-31;Ativa
3946;2968;Modelo Chip Básico;2024-05-30;Bloqueada
3947;2968;Modelo Chip Básico;2024-06-11;Ativa
3948;2969;Modelo Pro c/ Impressora;2023-05-10;Ativa
3949;2970;Modelo Pro c/ Impressora;2021-09-07;Ativa
3950;2971;Modelo Chip Básico;2023-04-01;Ativa
3951;2972;Modelo Chip Básico;2023-06-11;Ativa
3952;2973;Modelo Smart Android;2021-09-23;Ativa
3953;2974;Modelo Chip Básico;2024-01-16;Ativa
3954;2975;Modelo Pro c/ Impressora;2024-09-14;Ativa
3955;2976;Modelo Smart Android;2024-04-01;Ativa
3956;2976;Modelo Pro c/ Impressora;2024-04-01;Ativa
3957;2977;Modelo Smart Android;2021-02-18;Ativa
3958;2978;Modelo Smart Android;2021-07-26;Inativa
3959;2979;Modelo Pro c/ Impressora;2021-03-13;Ativa
3960;2979;Modelo Chip Básico;2021-03-08;Ativa
3961;2980;Modelo Chip Básico;2022-11-20;Bloqueada
3962;2981;Modelo Pro c/ Impressora;2023-06-21;Bloqueada
3963;2981;Modelo Smart Android;2023-06-22;Ativa
3964;2982;Modelo Chip Básico;2021-12-04;Ativa
3965;2983;Modelo Pro c/ Impressora;2021-08-12;Ativa
3966;2984;Modelo Pro c/ Impressora;2023-01-21;Ativa
3967;2984;Modelo Smart Android;2023-01-16;Ativa
3968;2984;Modelo Smart Android;2023-01-17;Inativa
3969;2984;Modelo Pro c/ Impressora;2023-01-11;Ativa
3970;2985;Modelo Chip Básico;2024-06-26;Ativa
3971;2986;Modelo Pro c/ Impressora;2022-05-09;Inativa
3972;2987;Modelo Chip Básico;2021-10-22;Inativa
3973;2988;Modelo Smart Android;2021-05-29;Ativa
3974;2989;Modelo Smart Android;2021-07-20;Inativa
3975;2989;Modelo Chip Básico;2021-07-24;Inativa
3976;2990;Modelo Pro c/ Impressora;2022-08-10;Ativa
3977;2991;Modelo Smart Android;2021-03-10;Inativa
3978;2992;Modelo Smart Android;2022-11-07;Inativa
3979;2993;Modelo Smart Android;2023-01-16;Ativa
3980;2994;Modelo Chip Básico;2021-07-25;Inativa
3981;2994;Modelo Pro c/ Impressora;2021-07-28;Ativa
3982;2995;Modelo Pro c/ Impressora;2022-05-15;Ativa
3983;2995;Modelo Pro c/ Impressora;2022-05-11;Ativa
3984;2996;Modelo Chip Básico;2023-06-25;Ativa
3985;2997;Modelo Chip Básico;2021-07-10;Ativa
3986;2998;Modelo Smart Android;2022-05-14;Inativa
3987;2998;Modelo Pro c/ Impressora;2022-05-02;Ativa
3988;2998;Modelo Smart Android;2022-05-01;Bloqueada
3989;2999;Modelo Chip Básico;2023-06-22;Ativa
3990;3000;Modelo Chip Básico;2022-08-29;Ativa
